[2025-07-13 15:40:16] [INFO] Processing file: /Users/fareed/Documents/dev/go/bkpdir/project-tokens.yaml
[2025-07-13 15:40:16] [BACKUP] Created backup: /Users/fareed/Documents/dev/go/bkpdir/backup-semantic-tokens-simple-20250713-154016/project-tokens.yaml
[2025-07-13 15:40:16] [REPLACE] Replaced        1 instances of ⭐ with [CRITICAL] in /Users/fareed/Documents/dev/go/bkpdir/project-tokens.yaml
[2025-07-13 15:40:16] [REPLACE] Replaced        1 instances of 🔺 with [HIGH] in /Users/fareed/Documents/dev/go/bkpdir/project-tokens.yaml
[2025-07-13 15:40:16] [REPLACE] Replaced        1 instances of 🔶 with [MEDIUM] in /Users/fareed/Documents/dev/go/bkpdir/project-tokens.yaml
[2025-07-13 15:40:16] [REPLACE] Replaced        1 instances of 🔻 with [LOW] in /Users/fareed/Documents/dev/go/bkpdir/project-tokens.yaml
[2025-07-13 15:40:16] [REPLACE] Replaced        1 instances of 🔧 with [ACTION:core-functionality] in /Users/fareed/Documents/dev/go/bkpdir/project-tokens.yaml
[2025-07-13 15:40:16] [REPLACE] Replaced        1 instances of 📝 with [ACTION:format-processing] in /Users/fareed/Documents/dev/go/bkpdir/project-tokens.yaml
[2025-07-13 15:40:16] [REPLACE] Replaced        1 instances of 🔍 with [ACTION:discovery] in /Users/fareed/Documents/dev/go/bkpdir/project-tokens.yaml
[2025-07-13 15:40:16] [REPLACE] Replaced        1 instances of 🛠️ with [ACTION:maintenance] in /Users/fareed/Documents/dev/go/bkpdir/project-tokens.yaml
[2025-07-13 15:40:16] [REPLACE] Replaced        1 instances of 🛡️ with [ACTION:validation] in /Users/fareed/Documents/dev/go/bkpdir/project-tokens.yaml
[2025-07-13 15:40:16] [REPLACE] Replaced        1 instances of 🔄 with [ACTION:migration] in /Users/fareed/Documents/dev/go/bkpdir/project-tokens.yaml
[2025-07-13 15:40:16] [SUCCESS] Migrated /Users/fareed/Documents/dev/go/bkpdir/project-tokens.yaml with 10 changes
[2025-07-13 15:40:16] [SKIP] No Unicode icons found in /Users/fareed/Documents/dev/go/bkpdir/cmd/scaffolding/internal/ui/config.go
[2025-07-13 15:40:16] [SKIP] No Unicode icons found in /Users/fareed/Documents/dev/go/bkpdir/cmd/scaffolding/internal/generator/generator.go
[2025-07-13 15:40:16] [INFO] Processing file: /Users/fareed/Documents/dev/go/bkpdir/cmd/scaffolding/internal/templates/manager.go
[2025-07-13 15:40:16] [BACKUP] Created backup: /Users/fareed/Documents/dev/go/bkpdir/backup-semantic-tokens-simple-20250713-154016/manager.go
[2025-07-13 15:40:16] [INFO] No changes needed for /Users/fareed/Documents/dev/go/bkpdir/cmd/scaffolding/internal/templates/manager.go
[2025-07-13 15:40:16] [INFO] Processing file: /Users/fareed/Documents/dev/go/bkpdir/cmd/scaffolding/README.md
[2025-07-13 15:40:16] [BACKUP] Created backup: /Users/fareed/Documents/dev/go/bkpdir/backup-semantic-tokens-simple-20250713-154016/README.md
[2025-07-13 15:40:16] [REPLACE] Replaced        1 instances of 📝 with [ACTION:format-processing] in /Users/fareed/Documents/dev/go/bkpdir/cmd/scaffolding/README.md
[2025-07-13 15:40:16] [REPLACE] Replaced        1 instances of 🛠️ with [ACTION:maintenance] in /Users/fareed/Documents/dev/go/bkpdir/cmd/scaffolding/README.md
[2025-07-13 15:40:16] [REPLACE] Replaced        1 instances of 🔄 with [ACTION:migration] in /Users/fareed/Documents/dev/go/bkpdir/cmd/scaffolding/README.md
[2025-07-13 15:40:16] [SUCCESS] Migrated /Users/fareed/Documents/dev/go/bkpdir/cmd/scaffolding/README.md with 3 changes
[2025-07-13 15:40:16] [SKIP] No Unicode icons found in /Users/fareed/Documents/dev/go/bkpdir/cmd/scaffolding/main.go
[2025-07-13 15:40:16] [INFO] Processing file: /Users/fareed/Documents/dev/go/bkpdir/cmd/cli-template/cmd/create.go
[2025-07-13 15:40:16] [BACKUP] Created backup: /Users/fareed/Documents/dev/go/bkpdir/backup-semantic-tokens-simple-20250713-154016/create.go
[2025-07-13 15:40:16] [INFO] No changes needed for /Users/fareed/Documents/dev/go/bkpdir/cmd/cli-template/cmd/create.go
[2025-07-13 15:40:16] [SKIP] No Unicode icons found in /Users/fareed/Documents/dev/go/bkpdir/cmd/cli-template/cmd/config.go
[2025-07-13 15:40:16] [SKIP] No Unicode icons found in /Users/fareed/Documents/dev/go/bkpdir/cmd/cli-template/cmd/version.go
[2025-07-13 15:40:16] [SKIP] No Unicode icons found in /Users/fareed/Documents/dev/go/bkpdir/cmd/cli-template/cmd/process.go
[2025-07-13 15:40:16] [SKIP] No Unicode icons found in /Users/fareed/Documents/dev/go/bkpdir/cmd/cli-template/cmd/root.go
[2025-07-13 15:40:16] [INFO] Processing file: /Users/fareed/Documents/dev/go/bkpdir/cmd/cli-template/config/default.yml
[2025-07-13 15:40:16] [BACKUP] Created backup: /Users/fareed/Documents/dev/go/bkpdir/backup-semantic-tokens-simple-20250713-154016/default.yml
[2025-07-13 15:40:16] [REPLACE] Replaced        1 instances of ⭐ with [CRITICAL] in /Users/fareed/Documents/dev/go/bkpdir/cmd/cli-template/config/default.yml
[2025-07-13 15:40:16] [SUCCESS] Migrated /Users/fareed/Documents/dev/go/bkpdir/cmd/cli-template/config/default.yml with 1 changes
[2025-07-13 15:40:16] [INFO] Processing file: /Users/fareed/Documents/dev/go/bkpdir/cmd/cli-template/config/example.yml
[2025-07-13 15:40:16] [BACKUP] Created backup: /Users/fareed/Documents/dev/go/bkpdir/backup-semantic-tokens-simple-20250713-154016/example.yml
[2025-07-13 15:40:16] [REPLACE] Replaced        1 instances of ⭐ with [CRITICAL] in /Users/fareed/Documents/dev/go/bkpdir/cmd/cli-template/config/example.yml
[2025-07-13 15:40:16] [SUCCESS] Migrated /Users/fareed/Documents/dev/go/bkpdir/cmd/cli-template/config/example.yml with 1 changes
[2025-07-13 15:40:16] [INFO] Processing file: /Users/fareed/Documents/dev/go/bkpdir/cmd/cli-template/README.md
[2025-07-13 15:40:17] [BACKUP] Created backup: /Users/fareed/Documents/dev/go/bkpdir/backup-semantic-tokens-simple-20250713-154016/README.md
[2025-07-13 15:40:17] [REPLACE] Replaced        1 instances of 🔧 with [ACTION:core-functionality] in /Users/fareed/Documents/dev/go/bkpdir/cmd/cli-template/README.md
[2025-07-13 15:40:17] [SUCCESS] Migrated /Users/fareed/Documents/dev/go/bkpdir/cmd/cli-template/README.md with 1 changes
[2025-07-13 15:40:17] [INFO] Processing file: /Users/fareed/Documents/dev/go/bkpdir/cmd/cli-template/examples/basic/README.md
[2025-07-13 15:40:17] [BACKUP] Created backup: /Users/fareed/Documents/dev/go/bkpdir/backup-semantic-tokens-simple-20250713-154016/README.md
[2025-07-13 15:40:17] [REPLACE] Replaced        1 instances of 📝 with [ACTION:format-processing] in /Users/fareed/Documents/dev/go/bkpdir/cmd/cli-template/examples/basic/README.md
[2025-07-13 15:40:17] [SUCCESS] Migrated /Users/fareed/Documents/dev/go/bkpdir/cmd/cli-template/examples/basic/README.md with 1 changes
[2025-07-13 15:40:17] [SKIP] No Unicode icons found in /Users/fareed/Documents/dev/go/bkpdir/cmd/cli-template/main.go
[2025-07-13 15:40:17] [INFO] Processing file: /Users/fareed/Documents/dev/go/bkpdir/cmd/realtime-validator/main.go
[2025-07-13 15:40:17] [BACKUP] Created backup: /Users/fareed/Documents/dev/go/bkpdir/backup-semantic-tokens-simple-20250713-154016/main.go
[2025-07-13 15:40:17] [INFO] No changes needed for /Users/fareed/Documents/dev/go/bkpdir/cmd/realtime-validator/main.go
[2025-07-13 15:40:17] [SKIP] No Unicode icons found in /Users/fareed/Documents/dev/go/bkpdir/cmd/token-suggester/types.go
[2025-07-13 15:40:17] [INFO] Processing file: /Users/fareed/Documents/dev/go/bkpdir/cmd/token-suggester/analyzer.go
[2025-07-13 15:40:17] [BACKUP] Created backup: /Users/fareed/Documents/dev/go/bkpdir/backup-semantic-tokens-simple-20250713-154016/analyzer.go
[2025-07-13 15:40:17] [REPLACE] Replaced        3 instances of 🛡️ with [ACTION:validation] in /Users/fareed/Documents/dev/go/bkpdir/cmd/token-suggester/analyzer.go
[2025-07-13 15:40:17] [SUCCESS] Migrated /Users/fareed/Documents/dev/go/bkpdir/cmd/token-suggester/analyzer.go with 3 changes
[2025-07-13 15:40:17] [SKIP] No Unicode icons found in /Users/fareed/Documents/dev/go/bkpdir/cmd/token-suggester/analyzer_test.go
[2025-07-13 15:40:17] [INFO] Processing file: /Users/fareed/Documents/dev/go/bkpdir/cmd/token-suggester/main.go
[2025-07-13 15:40:17] [BACKUP] Created backup: /Users/fareed/Documents/dev/go/bkpdir/backup-semantic-tokens-simple-20250713-154016/main.go
[2025-07-13 15:40:17] [REPLACE] Replaced        3 instances of 🛡️ with [ACTION:validation] in /Users/fareed/Documents/dev/go/bkpdir/cmd/token-suggester/main.go
[2025-07-13 15:40:17] [SUCCESS] Migrated /Users/fareed/Documents/dev/go/bkpdir/cmd/token-suggester/main.go with 3 changes
[2025-07-13 15:40:17] [INFO] Processing file: /Users/fareed/Documents/dev/go/bkpdir/cmd/ai-validation/main.go
[2025-07-13 15:40:17] [BACKUP] Created backup: /Users/fareed/Documents/dev/go/bkpdir/backup-semantic-tokens-simple-20250713-154016/main.go
[2025-07-13 15:40:17] [INFO] No changes needed for /Users/fareed/Documents/dev/go/bkpdir/cmd/ai-validation/main.go
[2025-07-13 15:40:17] [SKIP] No Unicode icons found in /Users/fareed/Documents/dev/go/bkpdir/config.go
[2025-07-13 15:40:17] [SKIP] No Unicode icons found in /Users/fareed/Documents/dev/go/bkpdir/formatter_adapter.go
[2025-07-13 15:40:17] [SKIP] No Unicode icons found in /Users/fareed/Documents/dev/go/bkpdir/tools/coverage-differential.go
[2025-07-13 15:40:17] [SKIP] No Unicode icons found in /Users/fareed/Documents/dev/go/bkpdir/tools/coverage_differential_test.go
[2025-07-13 15:40:17] [SKIP] No Unicode icons found in /Users/fareed/Documents/dev/go/bkpdir/errors_test.go
[2025-07-13 15:40:17] [SKIP] No Unicode icons found in /Users/fareed/Documents/dev/go/bkpdir/backup.go
[2025-07-13 15:40:17] [INFO] Processing file: /Users/fareed/Documents/dev/go/bkpdir/binary-installation-instructions-working-plan.md
[2025-07-13 15:40:17] [BACKUP] Created backup: /Users/fareed/Documents/dev/go/bkpdir/backup-semantic-tokens-simple-20250713-154016/binary-installation-instructions-working-plan.md
[2025-07-13 15:40:17] [REPLACE] Replaced        1 instances of ⭐ with [CRITICAL] in /Users/fareed/Documents/dev/go/bkpdir/binary-installation-instructions-working-plan.md
[2025-07-13 15:40:17] [REPLACE] Replaced        1 instances of 🔧 with [ACTION:core-functionality] in /Users/fareed/Documents/dev/go/bkpdir/binary-installation-instructions-working-plan.md
[2025-07-13 15:40:17] [REPLACE] Replaced        1 instances of 🔄 with [ACTION:migration] in /Users/fareed/Documents/dev/go/bkpdir/binary-installation-instructions-working-plan.md
[2025-07-13 15:40:17] [SUCCESS] Migrated /Users/fareed/Documents/dev/go/bkpdir/binary-installation-instructions-working-plan.md with 3 changes
[2025-07-13 15:40:17] [SKIP] No Unicode icons found in /Users/fareed/Documents/dev/go/bkpdir/formatter.go
[2025-07-13 15:40:17] [INFO] Processing file: /Users/fareed/Documents/dev/go/bkpdir/semantic-token-migration-report.md
[2025-07-13 15:40:17] [BACKUP] Created backup: /Users/fareed/Documents/dev/go/bkpdir/backup-semantic-tokens-simple-20250713-154016/semantic-token-migration-report.md
[2025-07-13 15:40:17] [REPLACE] Replaced        1 instances of ⭐ with [CRITICAL] in /Users/fareed/Documents/dev/go/bkpdir/semantic-token-migration-report.md
[2025-07-13 15:40:17] [REPLACE] Replaced        1 instances of 🔺 with [HIGH] in /Users/fareed/Documents/dev/go/bkpdir/semantic-token-migration-report.md
[2025-07-13 15:40:17] [REPLACE] Replaced        1 instances of 🔶 with [MEDIUM] in /Users/fareed/Documents/dev/go/bkpdir/semantic-token-migration-report.md
[2025-07-13 15:40:17] [REPLACE] Replaced        1 instances of 🔻 with [LOW] in /Users/fareed/Documents/dev/go/bkpdir/semantic-token-migration-report.md
[2025-07-13 15:40:17] [REPLACE] Replaced        1 instances of 🔧 with [ACTION:core-functionality] in /Users/fareed/Documents/dev/go/bkpdir/semantic-token-migration-report.md
[2025-07-13 15:40:17] [REPLACE] Replaced        1 instances of 📝 with [ACTION:format-processing] in /Users/fareed/Documents/dev/go/bkpdir/semantic-token-migration-report.md
[2025-07-13 15:40:17] [REPLACE] Replaced        1 instances of 🔍 with [ACTION:discovery] in /Users/fareed/Documents/dev/go/bkpdir/semantic-token-migration-report.md
[2025-07-13 15:40:17] [REPLACE] Replaced        1 instances of 🛠️ with [ACTION:maintenance] in /Users/fareed/Documents/dev/go/bkpdir/semantic-token-migration-report.md
[2025-07-13 15:40:17] [REPLACE] Replaced        1 instances of 🛡️ with [ACTION:validation] in /Users/fareed/Documents/dev/go/bkpdir/semantic-token-migration-report.md
[2025-07-13 15:40:17] [REPLACE] Replaced        1 instances of 🔄 with [ACTION:migration] in /Users/fareed/Documents/dev/go/bkpdir/semantic-token-migration-report.md
[2025-07-13 15:40:17] [SUCCESS] Migrated /Users/fareed/Documents/dev/go/bkpdir/semantic-token-migration-report.md with 10 changes
[2025-07-13 15:40:17] [INFO] Processing file: /Users/fareed/Documents/dev/go/bkpdir/refactoring_validation_test.go
[2025-07-13 15:40:17] [BACKUP] Created backup: /Users/fareed/Documents/dev/go/bkpdir/backup-semantic-tokens-simple-20250713-154016/refactoring_validation_test.go
[2025-07-13 15:40:17] [REPLACE] Replaced        1 instances of 🔶 with [MEDIUM] in /Users/fareed/Documents/dev/go/bkpdir/refactoring_validation_test.go
[2025-07-13 15:40:17] [SUCCESS] Migrated /Users/fareed/Documents/dev/go/bkpdir/refactoring_validation_test.go with 1 changes
[2025-07-13 15:40:17] [SKIP] No Unicode icons found in /Users/fareed/Documents/dev/go/bkpdir/archive_test.go
[2025-07-13 15:40:17] [INFO] Processing file: /Users/fareed/Documents/dev/go/bkpdir/working-plan-extract-010.md
[2025-07-13 15:40:17] [BACKUP] Created backup: /Users/fareed/Documents/dev/go/bkpdir/backup-semantic-tokens-simple-20250713-154016/working-plan-extract-010.md
[2025-07-13 15:40:17] [REPLACE] Replaced        4 instances of 🔺 with [HIGH] in /Users/fareed/Documents/dev/go/bkpdir/working-plan-extract-010.md
[2025-07-13 15:40:17] [REPLACE] Replaced        3 instances of 🔶 with [MEDIUM] in /Users/fareed/Documents/dev/go/bkpdir/working-plan-extract-010.md
[2025-07-13 15:40:17] [REPLACE] Replaced        1 instances of 🔧 with [ACTION:core-functionality] in /Users/fareed/Documents/dev/go/bkpdir/working-plan-extract-010.md
[2025-07-13 15:40:17] [REPLACE] Replaced        2 instances of 📝 with [ACTION:format-processing] in /Users/fareed/Documents/dev/go/bkpdir/working-plan-extract-010.md
[2025-07-13 15:40:17] [REPLACE] Replaced        1 instances of 🔍 with [ACTION:discovery] in /Users/fareed/Documents/dev/go/bkpdir/working-plan-extract-010.md
[2025-07-13 15:40:18] [REPLACE] Replaced        1 instances of 🛠️ with [ACTION:maintenance] in /Users/fareed/Documents/dev/go/bkpdir/working-plan-extract-010.md
[2025-07-13 15:40:18] [REPLACE] Replaced        1 instances of 🛡️ with [ACTION:validation] in /Users/fareed/Documents/dev/go/bkpdir/working-plan-extract-010.md
[2025-07-13 15:40:18] [REPLACE] Replaced        3 instances of 🔄 with [ACTION:migration] in /Users/fareed/Documents/dev/go/bkpdir/working-plan-extract-010.md
[2025-07-13 15:40:18] [SUCCESS] Migrated /Users/fareed/Documents/dev/go/bkpdir/working-plan-extract-010.md with 16 changes
[2025-07-13 15:40:18] [INFO] Processing file: /Users/fareed/Documents/dev/go/bkpdir/test/metrics/decision_metrics_test.go
[2025-07-13 15:40:18] [BACKUP] Created backup: /Users/fareed/Documents/dev/go/bkpdir/backup-semantic-tokens-simple-20250713-154016/decision_metrics_test.go
[2025-07-13 15:40:18] [INFO] No changes needed for /Users/fareed/Documents/dev/go/bkpdir/test/metrics/decision_metrics_test.go
[2025-07-13 15:40:18] [SKIP] No Unicode icons found in /Users/fareed/Documents/dev/go/bkpdir/test/metrics/metrics.go
[2025-07-13 15:40:18] [INFO] Processing file: /Users/fareed/Documents/dev/go/bkpdir/test/metrics/compliance_rate_test.go
[2025-07-13 15:40:18] [BACKUP] Created backup: /Users/fareed/Documents/dev/go/bkpdir/backup-semantic-tokens-simple-20250713-154016/compliance_rate_test.go
[2025-07-13 15:40:18] [REPLACE] Replaced        1 instances of 🔶 with [MEDIUM] in /Users/fareed/Documents/dev/go/bkpdir/test/metrics/compliance_rate_test.go
[2025-07-13 15:40:18] [SUCCESS] Migrated /Users/fareed/Documents/dev/go/bkpdir/test/metrics/compliance_rate_test.go with 1 changes
[2025-07-13 15:40:18] [INFO] Processing file: /Users/fareed/Documents/dev/go/bkpdir/test/metrics/goal_alignment_test.go
[2025-07-13 15:40:18] [BACKUP] Created backup: /Users/fareed/Documents/dev/go/bkpdir/backup-semantic-tokens-simple-20250713-154016/goal_alignment_test.go
[2025-07-13 15:40:18] [REPLACE] Replaced        1 instances of 🔶 with [MEDIUM] in /Users/fareed/Documents/dev/go/bkpdir/test/metrics/goal_alignment_test.go
[2025-07-13 15:40:18] [REPLACE] Replaced        1 instances of 🔻 with [LOW] in /Users/fareed/Documents/dev/go/bkpdir/test/metrics/goal_alignment_test.go
[2025-07-13 15:40:18] [SUCCESS] Migrated /Users/fareed/Documents/dev/go/bkpdir/test/metrics/goal_alignment_test.go with 2 changes
[2025-07-13 15:40:18] [INFO] Processing file: /Users/fareed/Documents/dev/go/bkpdir/test/integration/doc014_integration_test.go
[2025-07-13 15:40:18] [BACKUP] Created backup: /Users/fareed/Documents/dev/go/bkpdir/backup-semantic-tokens-simple-20250713-154016/doc014_integration_test.go
[2025-07-13 15:40:18] [REPLACE] Replaced        1 instances of ⭐ with [CRITICAL] in /Users/fareed/Documents/dev/go/bkpdir/test/integration/doc014_integration_test.go
[2025-07-13 15:40:18] [REPLACE] Replaced        1 instances of 🔺 with [HIGH] in /Users/fareed/Documents/dev/go/bkpdir/test/integration/doc014_integration_test.go
[2025-07-13 15:40:18] [REPLACE] Replaced        1 instances of 🔶 with [MEDIUM] in /Users/fareed/Documents/dev/go/bkpdir/test/integration/doc014_integration_test.go
[2025-07-13 15:40:18] [REPLACE] Replaced        1 instances of 🔻 with [LOW] in /Users/fareed/Documents/dev/go/bkpdir/test/integration/doc014_integration_test.go
[2025-07-13 15:40:18] [REPLACE] Replaced        1 instances of 🛡️ with [ACTION:validation] in /Users/fareed/Documents/dev/go/bkpdir/test/integration/doc014_integration_test.go
[2025-07-13 15:40:18] [SUCCESS] Migrated /Users/fareed/Documents/dev/go/bkpdir/test/integration/doc014_integration_test.go with 5 changes
[2025-07-13 15:40:18] [INFO] Processing file: /Users/fareed/Documents/dev/go/bkpdir/test/scenarios/decision_scenarios_test.go
[2025-07-13 15:40:18] [BACKUP] Created backup: /Users/fareed/Documents/dev/go/bkpdir/backup-semantic-tokens-simple-20250713-154016/decision_scenarios_test.go
[2025-07-13 15:40:18] [REPLACE] Replaced        3 instances of ⭐ with [CRITICAL] in /Users/fareed/Documents/dev/go/bkpdir/test/scenarios/decision_scenarios_test.go
[2025-07-13 15:40:18] [REPLACE] Replaced        1 instances of 🔺 with [HIGH] in /Users/fareed/Documents/dev/go/bkpdir/test/scenarios/decision_scenarios_test.go
[2025-07-13 15:40:18] [SUCCESS] Migrated /Users/fareed/Documents/dev/go/bkpdir/test/scenarios/decision_scenarios_test.go with 4 changes
[2025-07-13 15:40:18] [INFO] Processing file: /Users/fareed/Documents/dev/go/bkpdir/test/performance/validation_performance_test.go
[2025-07-13 15:40:18] [BACKUP] Created backup: /Users/fareed/Documents/dev/go/bkpdir/backup-semantic-tokens-simple-20250713-154016/validation_performance_test.go
[2025-07-13 15:40:18] [INFO] No changes needed for /Users/fareed/Documents/dev/go/bkpdir/test/performance/validation_performance_test.go
[2025-07-13 15:40:18] [INFO] Processing file: /Users/fareed/Documents/dev/go/bkpdir/test/performance/performance_test_integration.go
[2025-07-13 15:40:18] [BACKUP] Created backup: /Users/fareed/Documents/dev/go/bkpdir/backup-semantic-tokens-simple-20250713-154016/performance_test_integration.go
[2025-07-13 15:40:18] [INFO] No changes needed for /Users/fareed/Documents/dev/go/bkpdir/test/performance/performance_test_integration.go
[2025-07-13 15:40:18] [SKIP] No Unicode icons found in /Users/fareed/Documents/dev/go/bkpdir/example-inheritance-base.yml
[2025-07-13 15:40:18] [SKIP] No Unicode icons found in /Users/fareed/Documents/dev/go/bkpdir/config_bench_test.go
[2025-07-13 15:40:18] [SKIP] No Unicode icons found in /Users/fareed/Documents/dev/go/bkpdir/exclude_test.go
[2025-07-13 15:40:18] [INFO] Processing file: /Users/fareed/Documents/dev/go/bkpdir/CFG-006-subtask-7-comprehensive-testing-plan.md
[2025-07-13 15:40:18] [BACKUP] Created backup: /Users/fareed/Documents/dev/go/bkpdir/backup-semantic-tokens-simple-20250713-154016/CFG-006-subtask-7-comprehensive-testing-plan.md
[2025-07-13 15:40:18] [REPLACE] Replaced        1 instances of ⭐ with [CRITICAL] in /Users/fareed/Documents/dev/go/bkpdir/CFG-006-subtask-7-comprehensive-testing-plan.md
[2025-07-13 15:40:18] [REPLACE] Replaced        7 instances of 🔺 with [HIGH] in /Users/fareed/Documents/dev/go/bkpdir/CFG-006-subtask-7-comprehensive-testing-plan.md
[2025-07-13 15:40:18] [REPLACE] Replaced        3 instances of 🔶 with [MEDIUM] in /Users/fareed/Documents/dev/go/bkpdir/CFG-006-subtask-7-comprehensive-testing-plan.md
[2025-07-13 15:40:18] [REPLACE] Replaced        1 instances of 🔧 with [ACTION:core-functionality] in /Users/fareed/Documents/dev/go/bkpdir/CFG-006-subtask-7-comprehensive-testing-plan.md
[2025-07-13 15:40:18] [REPLACE] Replaced        1 instances of 📝 with [ACTION:format-processing] in /Users/fareed/Documents/dev/go/bkpdir/CFG-006-subtask-7-comprehensive-testing-plan.md
[2025-07-13 15:40:18] [REPLACE] Replaced        3 instances of 🔍 with [ACTION:discovery] in /Users/fareed/Documents/dev/go/bkpdir/CFG-006-subtask-7-comprehensive-testing-plan.md
[2025-07-13 15:40:18] [SUCCESS] Migrated /Users/fareed/Documents/dev/go/bkpdir/CFG-006-subtask-7-comprehensive-testing-plan.md with 16 changes
[2025-07-13 15:40:18] [INFO] Processing file: /Users/fareed/Documents/dev/go/bkpdir/CFG-006-performance-optimization-plan.md
[2025-07-13 15:40:18] [BACKUP] Created backup: /Users/fareed/Documents/dev/go/bkpdir/backup-semantic-tokens-simple-20250713-154016/CFG-006-performance-optimization-plan.md
[2025-07-13 15:40:18] [REPLACE] Replaced       18 instances of 🔶 with [MEDIUM] in /Users/fareed/Documents/dev/go/bkpdir/CFG-006-performance-optimization-plan.md
[2025-07-13 15:40:18] [REPLACE] Replaced        3 instances of 🔧 with [ACTION:core-functionality] in /Users/fareed/Documents/dev/go/bkpdir/CFG-006-performance-optimization-plan.md
[2025-07-13 15:40:18] [REPLACE] Replaced        4 instances of 📝 with [ACTION:format-processing] in /Users/fareed/Documents/dev/go/bkpdir/CFG-006-performance-optimization-plan.md
[2025-07-13 15:40:18] [REPLACE] Replaced        2 instances of 🔍 with [ACTION:discovery] in /Users/fareed/Documents/dev/go/bkpdir/CFG-006-performance-optimization-plan.md
[2025-07-13 15:40:18] [REPLACE] Replaced        2 instances of 🛡️ with [ACTION:validation] in /Users/fareed/Documents/dev/go/bkpdir/CFG-006-performance-optimization-plan.md
[2025-07-13 15:40:18] [SUCCESS] Migrated /Users/fareed/Documents/dev/go/bkpdir/CFG-006-performance-optimization-plan.md with 29 changes
[2025-07-13 15:40:18] [INFO] Processing file: /Users/fareed/Documents/dev/go/bkpdir/working-plan-package-interdependency-mapping.md
[2025-07-13 15:40:18] [BACKUP] Created backup: /Users/fareed/Documents/dev/go/bkpdir/backup-semantic-tokens-simple-20250713-154016/working-plan-package-interdependency-mapping.md
[2025-07-13 15:40:18] [REPLACE] Replaced        1 instances of ⭐ with [CRITICAL] in /Users/fareed/Documents/dev/go/bkpdir/working-plan-package-interdependency-mapping.md
[2025-07-13 15:40:18] [REPLACE] Replaced        6 instances of 🔺 with [HIGH] in /Users/fareed/Documents/dev/go/bkpdir/working-plan-package-interdependency-mapping.md
[2025-07-13 15:40:18] [REPLACE] Replaced        1 instances of 🔧 with [ACTION:core-functionality] in /Users/fareed/Documents/dev/go/bkpdir/working-plan-package-interdependency-mapping.md
[2025-07-13 15:40:18] [REPLACE] Replaced        1 instances of 📝 with [ACTION:format-processing] in /Users/fareed/Documents/dev/go/bkpdir/working-plan-package-interdependency-mapping.md
[2025-07-13 15:40:18] [REPLACE] Replaced        3 instances of 🔍 with [ACTION:discovery] in /Users/fareed/Documents/dev/go/bkpdir/working-plan-package-interdependency-mapping.md
[2025-07-13 15:40:19] [REPLACE] Replaced        1 instances of 🛡️ with [ACTION:validation] in /Users/fareed/Documents/dev/go/bkpdir/working-plan-package-interdependency-mapping.md
[2025-07-13 15:40:19] [REPLACE] Replaced        2 instances of 🔄 with [ACTION:migration] in /Users/fareed/Documents/dev/go/bkpdir/working-plan-package-interdependency-mapping.md
[2025-07-13 15:40:19] [SUCCESS] Migrated /Users/fareed/Documents/dev/go/bkpdir/working-plan-package-interdependency-mapping.md with 15 changes
[2025-07-13 15:40:19] [SKIP] No Unicode icons found in /Users/fareed/Documents/dev/go/bkpdir/example-inheritance-child.yml
[2025-07-13 15:40:19] [SKIP] No Unicode icons found in /Users/fareed/Documents/dev/go/bkpdir/internal/testutil/scenarios.go
[2025-07-13 15:40:19] [SKIP] No Unicode icons found in /Users/fareed/Documents/dev/go/bkpdir/internal/testutil/errorinjection_test.go
[2025-07-13 15:40:19] [SKIP] No Unicode icons found in /Users/fareed/Documents/dev/go/bkpdir/internal/testutil/corruption_test.go
[2025-07-13 15:40:19] [SKIP] No Unicode icons found in /Users/fareed/Documents/dev/go/bkpdir/internal/testutil/context_test.go
[2025-07-13 15:40:19] [SKIP] No Unicode icons found in /Users/fareed/Documents/dev/go/bkpdir/internal/testutil/scenarios_test.go
[2025-07-13 15:40:19] [SKIP] No Unicode icons found in /Users/fareed/Documents/dev/go/bkpdir/internal/testutil/permissions.go
[2025-07-13 15:40:19] [SKIP] No Unicode icons found in /Users/fareed/Documents/dev/go/bkpdir/internal/testutil/context.go
[2025-07-13 15:40:19] [SKIP] No Unicode icons found in /Users/fareed/Documents/dev/go/bkpdir/internal/testutil/errorinjection.go
[2025-07-13 15:40:19] [SKIP] No Unicode icons found in /Users/fareed/Documents/dev/go/bkpdir/internal/testutil/corruption.go
[2025-07-13 15:40:19] [SKIP] No Unicode icons found in /Users/fareed/Documents/dev/go/bkpdir/internal/testutil/scenario_helpers.go
[2025-07-13 15:40:19] [SKIP] No Unicode icons found in /Users/fareed/Documents/dev/go/bkpdir/internal/testutil/diskspace.go
[2025-07-13 15:40:19] [SKIP] No Unicode icons found in /Users/fareed/Documents/dev/go/bkpdir/internal/testutil/permissions_test.go
[2025-07-13 15:40:19] [SKIP] No Unicode icons found in /Users/fareed/Documents/dev/go/bkpdir/internal/testutil/diskspace_test.go
[2025-07-13 15:40:19] [INFO] Processing file: /Users/fareed/Documents/dev/go/bkpdir/internal/validation/ai_validation.go
[2025-07-13 15:40:19] [BACKUP] Created backup: /Users/fareed/Documents/dev/go/bkpdir/backup-semantic-tokens-simple-20250713-154016/ai_validation.go
[2025-07-13 15:40:19] [REPLACE] Replaced        1 instances of ⭐ with [CRITICAL] in /Users/fareed/Documents/dev/go/bkpdir/internal/validation/ai_validation.go
[2025-07-13 15:40:19] [REPLACE] Replaced        1 instances of 🔺 with [HIGH] in /Users/fareed/Documents/dev/go/bkpdir/internal/validation/ai_validation.go
[2025-07-13 15:40:19] [REPLACE] Replaced        1 instances of 🔶 with [MEDIUM] in /Users/fareed/Documents/dev/go/bkpdir/internal/validation/ai_validation.go
[2025-07-13 15:40:19] [REPLACE] Replaced        1 instances of 🔻 with [LOW] in /Users/fareed/Documents/dev/go/bkpdir/internal/validation/ai_validation.go
[2025-07-13 15:40:19] [SUCCESS] Migrated /Users/fareed/Documents/dev/go/bkpdir/internal/validation/ai_validation.go with 4 changes
[2025-07-13 15:40:19] [INFO] Processing file: /Users/fareed/Documents/dev/go/bkpdir/internal/validation/realtime_validator.go
[2025-07-13 15:40:19] [BACKUP] Created backup: /Users/fareed/Documents/dev/go/bkpdir/backup-semantic-tokens-simple-20250713-154016/realtime_validator.go
[2025-07-13 15:40:19] [REPLACE] Replaced        2 instances of ⭐ with [CRITICAL] in /Users/fareed/Documents/dev/go/bkpdir/internal/validation/realtime_validator.go
[2025-07-13 15:40:19] [REPLACE] Replaced        1 instances of 🔺 with [HIGH] in /Users/fareed/Documents/dev/go/bkpdir/internal/validation/realtime_validator.go
[2025-07-13 15:40:19] [REPLACE] Replaced        4 instances of 🔶 with [MEDIUM] in /Users/fareed/Documents/dev/go/bkpdir/internal/validation/realtime_validator.go
[2025-07-13 15:40:19] [REPLACE] Replaced        1 instances of 🔻 with [LOW] in /Users/fareed/Documents/dev/go/bkpdir/internal/validation/realtime_validator.go
[2025-07-13 15:40:19] [REPLACE] Replaced        1 instances of 🛡️ with [ACTION:validation] in /Users/fareed/Documents/dev/go/bkpdir/internal/validation/realtime_validator.go
[2025-07-13 15:40:19] [SUCCESS] Migrated /Users/fareed/Documents/dev/go/bkpdir/internal/validation/realtime_validator.go with 9 changes
[2025-07-13 15:40:19] [INFO] Processing file: /Users/fareed/Documents/dev/go/bkpdir/internal/validation/ai_error_formatter.go
[2025-07-13 15:40:19] [BACKUP] Created backup: /Users/fareed/Documents/dev/go/bkpdir/backup-semantic-tokens-simple-20250713-154016/ai_error_formatter.go
[2025-07-13 15:40:19] [REPLACE] Replaced        2 instances of ⭐ with [CRITICAL] in /Users/fareed/Documents/dev/go/bkpdir/internal/validation/ai_error_formatter.go
[2025-07-13 15:40:19] [REPLACE] Replaced        2 instances of 🔺 with [HIGH] in /Users/fareed/Documents/dev/go/bkpdir/internal/validation/ai_error_formatter.go
[2025-07-13 15:40:19] [REPLACE] Replaced        2 instances of 🔶 with [MEDIUM] in /Users/fareed/Documents/dev/go/bkpdir/internal/validation/ai_error_formatter.go
[2025-07-13 15:40:19] [REPLACE] Replaced        2 instances of 🔻 with [LOW] in /Users/fareed/Documents/dev/go/bkpdir/internal/validation/ai_error_formatter.go
[2025-07-13 15:40:19] [REPLACE] Replaced        1 instances of 🛡️ with [ACTION:validation] in /Users/fareed/Documents/dev/go/bkpdir/internal/validation/ai_error_formatter.go
[2025-07-13 15:40:19] [SUCCESS] Migrated /Users/fareed/Documents/dev/go/bkpdir/internal/validation/ai_error_formatter.go with 9 changes
[2025-07-13 15:40:19] [SKIP] No Unicode icons found in /Users/fareed/Documents/dev/go/bkpdir/internal/validation/doc008_validator.go
[2025-07-13 15:40:19] [INFO] Processing file: /Users/fareed/Documents/dev/go/bkpdir/internal/validation/realtime_validator_test.go
[2025-07-13 15:40:19] [BACKUP] Created backup: /Users/fareed/Documents/dev/go/bkpdir/backup-semantic-tokens-simple-20250713-154016/realtime_validator_test.go
[2025-07-13 15:40:19] [INFO] No changes needed for /Users/fareed/Documents/dev/go/bkpdir/internal/validation/realtime_validator_test.go
[2025-07-13 15:40:19] [INFO] Processing file: /Users/fareed/Documents/dev/go/bkpdir/internal/validation/decision_checklist.go
[2025-07-13 15:40:19] [BACKUP] Created backup: /Users/fareed/Documents/dev/go/bkpdir/backup-semantic-tokens-simple-20250713-154016/decision_checklist.go
[2025-07-13 15:40:19] [REPLACE] Replaced        1 instances of 🛡️ with [ACTION:validation] in /Users/fareed/Documents/dev/go/bkpdir/internal/validation/decision_checklist.go
[2025-07-13 15:40:19] [SUCCESS] Migrated /Users/fareed/Documents/dev/go/bkpdir/internal/validation/decision_checklist.go with 1 changes
[2025-07-13 15:40:19] [SKIP] No Unicode icons found in /Users/fareed/Documents/dev/go/bkpdir/internal/validation/compliance_monitor.go
[2025-07-13 15:40:19] [SKIP] No Unicode icons found in /Users/fareed/Documents/dev/go/bkpdir/internal/validation/decision_checklist_test.go
[2025-07-13 15:40:19] [SKIP] No Unicode icons found in /Users/fareed/Documents/dev/go/bkpdir/config_impl.go
[2025-07-13 15:40:19] [INFO] Processing file: /Users/fareed/Documents/dev/go/bkpdir/CFG-006-implementation-plan.md
[2025-07-13 15:40:19] [BACKUP] Created backup: /Users/fareed/Documents/dev/go/bkpdir/backup-semantic-tokens-simple-20250713-154016/CFG-006-implementation-plan.md
[2025-07-13 15:40:19] [REPLACE] Replaced        4 instances of 🔺 with [HIGH] in /Users/fareed/Documents/dev/go/bkpdir/CFG-006-implementation-plan.md
[2025-07-13 15:40:19] [REPLACE] Replaced        1 instances of 🔧 with [ACTION:core-functionality] in /Users/fareed/Documents/dev/go/bkpdir/CFG-006-implementation-plan.md
[2025-07-13 15:40:19] [REPLACE] Replaced        1 instances of 📝 with [ACTION:format-processing] in /Users/fareed/Documents/dev/go/bkpdir/CFG-006-implementation-plan.md
[2025-07-13 15:40:19] [REPLACE] Replaced        2 instances of 🔄 with [ACTION:migration] in /Users/fareed/Documents/dev/go/bkpdir/CFG-006-implementation-plan.md
[2025-07-13 15:40:19] [SUCCESS] Migrated /Users/fareed/Documents/dev/go/bkpdir/CFG-006-implementation-plan.md with 8 changes
[2025-07-13 15:40:19] [SKIP] No Unicode icons found in /Users/fareed/Documents/dev/go/bkpdir/docs/extract-007-completion-summary.md
[2025-07-13 15:40:19] [INFO] Processing file: /Users/fareed/Documents/dev/go/bkpdir/docs/extract-007-task-completion-final.md
[2025-07-13 15:40:19] [BACKUP] Created backup: /Users/fareed/Documents/dev/go/bkpdir/backup-semantic-tokens-simple-20250713-154016/extract-007-task-completion-final.md
[2025-07-13 15:40:19] [REPLACE] Replaced        1 instances of ⭐ with [CRITICAL] in /Users/fareed/Documents/dev/go/bkpdir/docs/extract-007-task-completion-final.md
[2025-07-13 15:40:19] [REPLACE] Replaced        1 instances of 🔧 with [ACTION:core-functionality] in /Users/fareed/Documents/dev/go/bkpdir/docs/extract-007-task-completion-final.md
[2025-07-13 15:40:19] [REPLACE] Replaced        1 instances of 🔍 with [ACTION:discovery] in /Users/fareed/Documents/dev/go/bkpdir/docs/extract-007-task-completion-final.md
[2025-07-13 15:40:19] [REPLACE] Replaced        1 instances of 🛡️ with [ACTION:validation] in /Users/fareed/Documents/dev/go/bkpdir/docs/extract-007-task-completion-final.md
[2025-07-13 15:40:19] [SUCCESS] Migrated /Users/fareed/Documents/dev/go/bkpdir/docs/extract-007-task-completion-final.md with 4 changes
[2025-07-13 15:40:19] [INFO] Processing file: /Users/fareed/Documents/dev/go/bkpdir/docs/DOC-014-subtask-6-working-plan.md
[2025-07-13 15:40:19] [BACKUP] Created backup: /Users/fareed/Documents/dev/go/bkpdir/backup-semantic-tokens-simple-20250713-154016/DOC-014-subtask-6-working-plan.md
[2025-07-13 15:40:19] [REPLACE] Replaced        1 instances of ⭐ with [CRITICAL] in /Users/fareed/Documents/dev/go/bkpdir/docs/DOC-014-subtask-6-working-plan.md
[2025-07-13 15:40:19] [REPLACE] Replaced        2 instances of 🔺 with [HIGH] in /Users/fareed/Documents/dev/go/bkpdir/docs/DOC-014-subtask-6-working-plan.md
[2025-07-13 15:40:19] [REPLACE] Replaced        3 instances of 🔶 with [MEDIUM] in /Users/fareed/Documents/dev/go/bkpdir/docs/DOC-014-subtask-6-working-plan.md
[2025-07-13 15:40:19] [REPLACE] Replaced        1 instances of 🔧 with [ACTION:core-functionality] in /Users/fareed/Documents/dev/go/bkpdir/docs/DOC-014-subtask-6-working-plan.md
[2025-07-13 15:40:20] [REPLACE] Replaced        1 instances of 🛠️ with [ACTION:maintenance] in /Users/fareed/Documents/dev/go/bkpdir/docs/DOC-014-subtask-6-working-plan.md
[2025-07-13 15:40:20] [SUCCESS] Migrated /Users/fareed/Documents/dev/go/bkpdir/docs/DOC-014-subtask-6-working-plan.md with 8 changes
[2025-07-13 15:40:20] [INFO] Processing file: /Users/fareed/Documents/dev/go/bkpdir/docs/unicode-migration-phase2-subtask2-test-layer-progress.md
[2025-07-13 15:40:20] [BACKUP] Created backup: /Users/fareed/Documents/dev/go/bkpdir/backup-semantic-tokens-simple-20250713-154016/unicode-migration-phase2-subtask2-test-layer-progress.md
[2025-07-13 15:40:20] [INFO] No changes needed for /Users/fareed/Documents/dev/go/bkpdir/docs/unicode-migration-phase2-subtask2-test-layer-progress.md
[2025-07-13 15:40:20] [SKIP] No Unicode icons found in /Users/fareed/Documents/dev/go/bkpdir/docs/unicode-migration-audit-report-phase1-subtask2.md
[2025-07-13 15:40:20] [INFO] Processing file: /Users/fareed/Documents/dev/go/bkpdir/docs/unicode-migration-phase2-subtask2-code-layer-progress.md
[2025-07-13 15:40:20] [BACKUP] Created backup: /Users/fareed/Documents/dev/go/bkpdir/backup-semantic-tokens-simple-20250713-154016/unicode-migration-phase2-subtask2-code-layer-progress.md
[2025-07-13 15:40:20] [INFO] No changes needed for /Users/fareed/Documents/dev/go/bkpdir/docs/unicode-migration-phase2-subtask2-code-layer-progress.md
[2025-07-13 15:40:20] [INFO] Processing file: /Users/fareed/Documents/dev/go/bkpdir/docs/DOC-010-implementation-summary.md
[2025-07-13 15:40:20] [BACKUP] Created backup: /Users/fareed/Documents/dev/go/bkpdir/backup-semantic-tokens-simple-20250713-154016/DOC-010-implementation-summary.md
[2025-07-13 15:40:20] [REPLACE] Replaced        3 instances of ⭐ with [CRITICAL] in /Users/fareed/Documents/dev/go/bkpdir/docs/DOC-010-implementation-summary.md
[2025-07-13 15:40:20] [REPLACE] Replaced        3 instances of 🔺 with [HIGH] in /Users/fareed/Documents/dev/go/bkpdir/docs/DOC-010-implementation-summary.md
[2025-07-13 15:40:20] [REPLACE] Replaced       19 instances of 🔶 with [MEDIUM] in /Users/fareed/Documents/dev/go/bkpdir/docs/DOC-010-implementation-summary.md
[2025-07-13 15:40:20] [REPLACE] Replaced        1 instances of 🔻 with [LOW] in /Users/fareed/Documents/dev/go/bkpdir/docs/DOC-010-implementation-summary.md
[2025-07-13 15:40:20] [REPLACE] Replaced        9 instances of 🔧 with [ACTION:core-functionality] in /Users/fareed/Documents/dev/go/bkpdir/docs/DOC-010-implementation-summary.md
[2025-07-13 15:40:20] [REPLACE] Replaced        1 instances of 📝 with [ACTION:format-processing] in /Users/fareed/Documents/dev/go/bkpdir/docs/DOC-010-implementation-summary.md
[2025-07-13 15:40:20] [REPLACE] Replaced        5 instances of 🔍 with [ACTION:discovery] in /Users/fareed/Documents/dev/go/bkpdir/docs/DOC-010-implementation-summary.md
[2025-07-13 15:40:20] [REPLACE] Replaced        4 instances of 🛡️ with [ACTION:validation] in /Users/fareed/Documents/dev/go/bkpdir/docs/DOC-010-implementation-summary.md
[2025-07-13 15:40:20] [REPLACE] Replaced        1 instances of 🔄 with [ACTION:migration] in /Users/fareed/Documents/dev/go/bkpdir/docs/DOC-010-implementation-summary.md
[2025-07-13 15:40:20] [SUCCESS] Migrated /Users/fareed/Documents/dev/go/bkpdir/docs/DOC-010-implementation-summary.md with 46 changes
[2025-07-13 15:40:20] [INFO] Processing file: /Users/fareed/Documents/dev/go/bkpdir/docs/DOC-012-completion-report.md
[2025-07-13 15:40:20] [BACKUP] Created backup: /Users/fareed/Documents/dev/go/bkpdir/backup-semantic-tokens-simple-20250713-154016/DOC-012-completion-report.md
[2025-07-13 15:40:20] [REPLACE] Replaced        1 instances of 🔶 with [MEDIUM] in /Users/fareed/Documents/dev/go/bkpdir/docs/DOC-012-completion-report.md
[2025-07-13 15:40:20] [REPLACE] Replaced        1 instances of 🔍 with [ACTION:discovery] in /Users/fareed/Documents/dev/go/bkpdir/docs/DOC-012-completion-report.md
[2025-07-13 15:40:20] [SUCCESS] Migrated /Users/fareed/Documents/dev/go/bkpdir/docs/DOC-012-completion-report.md with 2 changes
[2025-07-13 15:40:20] [SKIP] No Unicode icons found in /Users/fareed/Documents/dev/go/bkpdir/docs/interface-definitions.md
[2025-07-13 15:40:20] [SKIP] No Unicode icons found in /Users/fareed/Documents/dev/go/bkpdir/docs/context/doc-validation.md
[2025-07-13 15:40:20] [INFO] Processing file: /Users/fareed/Documents/dev/go/bkpdir/docs/context/decision-framework-training-examples.md
[2025-07-13 15:40:20] [BACKUP] Created backup: /Users/fareed/Documents/dev/go/bkpdir/backup-semantic-tokens-simple-20250713-154016/decision-framework-training-examples.md
[2025-07-13 15:40:20] [REPLACE] Replaced        1 instances of ⭐ with [CRITICAL] in /Users/fareed/Documents/dev/go/bkpdir/docs/context/decision-framework-training-examples.md
[2025-07-13 15:40:20] [REPLACE] Replaced        2 instances of 🔺 with [HIGH] in /Users/fareed/Documents/dev/go/bkpdir/docs/context/decision-framework-training-examples.md
[2025-07-13 15:40:20] [REPLACE] Replaced        3 instances of 🔶 with [MEDIUM] in /Users/fareed/Documents/dev/go/bkpdir/docs/context/decision-framework-training-examples.md
[2025-07-13 15:40:20] [REPLACE] Replaced        6 instances of 🔧 with [ACTION:core-functionality] in /Users/fareed/Documents/dev/go/bkpdir/docs/context/decision-framework-training-examples.md
[2025-07-13 15:40:20] [REPLACE] Replaced        2 instances of 📝 with [ACTION:format-processing] in /Users/fareed/Documents/dev/go/bkpdir/docs/context/decision-framework-training-examples.md
[2025-07-13 15:40:20] [REPLACE] Replaced        3 instances of 🔍 with [ACTION:discovery] in /Users/fareed/Documents/dev/go/bkpdir/docs/context/decision-framework-training-examples.md
[2025-07-13 15:40:20] [REPLACE] Replaced        6 instances of 🛡️ with [ACTION:validation] in /Users/fareed/Documents/dev/go/bkpdir/docs/context/decision-framework-training-examples.md
[2025-07-13 15:40:20] [REPLACE] Replaced        4 instances of 🔄 with [ACTION:migration] in /Users/fareed/Documents/dev/go/bkpdir/docs/context/decision-framework-training-examples.md
[2025-07-13 15:40:20] [SUCCESS] Migrated /Users/fareed/Documents/dev/go/bkpdir/docs/context/decision-framework-training-examples.md with 27 changes
[2025-07-13 15:40:20] [INFO] Processing file: /Users/fareed/Documents/dev/go/bkpdir/docs/context/specification.md
[2025-07-13 15:40:20] [BACKUP] Created backup: /Users/fareed/Documents/dev/go/bkpdir/backup-semantic-tokens-simple-20250713-154016/specification.md
[2025-07-13 15:40:20] [REPLACE] Replaced        1 instances of ⭐ with [CRITICAL] in /Users/fareed/Documents/dev/go/bkpdir/docs/context/specification.md
[2025-07-13 15:40:20] [REPLACE] Replaced        1 instances of 🔺 with [HIGH] in /Users/fareed/Documents/dev/go/bkpdir/docs/context/specification.md
[2025-07-13 15:40:20] [REPLACE] Replaced        4 instances of 🔻 with [LOW] in /Users/fareed/Documents/dev/go/bkpdir/docs/context/specification.md
[2025-07-13 15:40:20] [REPLACE] Replaced        3 instances of 🔧 with [ACTION:core-functionality] in /Users/fareed/Documents/dev/go/bkpdir/docs/context/specification.md
[2025-07-13 15:40:20] [REPLACE] Replaced        4 instances of 📝 with [ACTION:format-processing] in /Users/fareed/Documents/dev/go/bkpdir/docs/context/specification.md
[2025-07-13 15:40:20] [REPLACE] Replaced        1 instances of 🔍 with [ACTION:discovery] in /Users/fareed/Documents/dev/go/bkpdir/docs/context/specification.md
[2025-07-13 15:40:20] [REPLACE] Replaced        3 instances of 🛡️ with [ACTION:validation] in /Users/fareed/Documents/dev/go/bkpdir/docs/context/specification.md
[2025-07-13 15:40:20] [REPLACE] Replaced        1 instances of 🔄 with [ACTION:migration] in /Users/fareed/Documents/dev/go/bkpdir/docs/context/specification.md
[2025-07-13 15:40:20] [SUCCESS] Migrated /Users/fareed/Documents/dev/go/bkpdir/docs/context/specification.md with 18 changes
[2025-07-13 15:40:20] [INFO] Processing file: /Users/fareed/Documents/dev/go/bkpdir/docs/context/ai-assistant-optimization-tasks.md
[2025-07-13 15:40:20] [BACKUP] Created backup: /Users/fareed/Documents/dev/go/bkpdir/backup-semantic-tokens-simple-20250713-154016/ai-assistant-optimization-tasks.md
[2025-07-13 15:40:20] [REPLACE] Replaced        1 instances of ⭐ with [CRITICAL] in /Users/fareed/Documents/dev/go/bkpdir/docs/context/ai-assistant-optimization-tasks.md
[2025-07-13 15:40:20] [REPLACE] Replaced       14 instances of 🔺 with [HIGH] in /Users/fareed/Documents/dev/go/bkpdir/docs/context/ai-assistant-optimization-tasks.md
[2025-07-13 15:40:20] [REPLACE] Replaced        3 instances of 🔶 with [MEDIUM] in /Users/fareed/Documents/dev/go/bkpdir/docs/context/ai-assistant-optimization-tasks.md
[2025-07-13 15:40:20] [REPLACE] Replaced        1 instances of 🔻 with [LOW] in /Users/fareed/Documents/dev/go/bkpdir/docs/context/ai-assistant-optimization-tasks.md
[2025-07-13 15:40:20] [REPLACE] Replaced        4 instances of 🔧 with [ACTION:core-functionality] in /Users/fareed/Documents/dev/go/bkpdir/docs/context/ai-assistant-optimization-tasks.md
[2025-07-13 15:40:20] [REPLACE] Replaced        2 instances of 📝 with [ACTION:format-processing] in /Users/fareed/Documents/dev/go/bkpdir/docs/context/ai-assistant-optimization-tasks.md
[2025-07-13 15:40:20] [REPLACE] Replaced        3 instances of 🔍 with [ACTION:discovery] in /Users/fareed/Documents/dev/go/bkpdir/docs/context/ai-assistant-optimization-tasks.md
[2025-07-13 15:40:20] [REPLACE] Replaced        3 instances of 🛡️ with [ACTION:validation] in /Users/fareed/Documents/dev/go/bkpdir/docs/context/ai-assistant-optimization-tasks.md
[2025-07-13 15:40:20] [SUCCESS] Migrated /Users/fareed/Documents/dev/go/bkpdir/docs/context/ai-assistant-optimization-tasks.md with 31 changes
[2025-07-13 15:40:20] [INFO] Processing file: /Users/fareed/Documents/dev/go/bkpdir/docs/context/enhanced-token-migration-strategy.md
[2025-07-13 15:40:20] [BACKUP] Created backup: /Users/fareed/Documents/dev/go/bkpdir/backup-semantic-tokens-simple-20250713-154016/enhanced-token-migration-strategy.md
[2025-07-13 15:40:20] [REPLACE] Replaced       10 instances of ⭐ with [CRITICAL] in /Users/fareed/Documents/dev/go/bkpdir/docs/context/enhanced-token-migration-strategy.md
[2025-07-13 15:40:20] [REPLACE] Replaced       10 instances of 🔺 with [HIGH] in /Users/fareed/Documents/dev/go/bkpdir/docs/context/enhanced-token-migration-strategy.md
[2025-07-13 15:40:20] [REPLACE] Replaced        9 instances of 🔶 with [MEDIUM] in /Users/fareed/Documents/dev/go/bkpdir/docs/context/enhanced-token-migration-strategy.md
[2025-07-13 15:40:20] [REPLACE] Replaced        9 instances of 🔻 with [LOW] in /Users/fareed/Documents/dev/go/bkpdir/docs/context/enhanced-token-migration-strategy.md
[2025-07-13 15:40:21] [REPLACE] Replaced        1 instances of 🔧 with [ACTION:core-functionality] in /Users/fareed/Documents/dev/go/bkpdir/docs/context/enhanced-token-migration-strategy.md
[2025-07-13 15:40:21] [REPLACE] Replaced        1 instances of 🛠️ with [ACTION:maintenance] in /Users/fareed/Documents/dev/go/bkpdir/docs/context/enhanced-token-migration-strategy.md
[2025-07-13 15:40:21] [REPLACE] Replaced        1 instances of 🔄 with [ACTION:migration] in /Users/fareed/Documents/dev/go/bkpdir/docs/context/enhanced-token-migration-strategy.md
[2025-07-13 15:40:21] [SUCCESS] Migrated /Users/fareed/Documents/dev/go/bkpdir/docs/context/enhanced-token-migration-strategy.md with 41 changes
[2025-07-13 15:40:21] [INFO] Processing file: /Users/fareed/Documents/dev/go/bkpdir/docs/context/ai-documentation-templates.md
[2025-07-13 15:40:21] [BACKUP] Created backup: /Users/fareed/Documents/dev/go/bkpdir/backup-semantic-tokens-simple-20250713-154016/ai-documentation-templates.md
[2025-07-13 15:40:21] [REPLACE] Replaced        3 instances of ⭐ with [CRITICAL] in /Users/fareed/Documents/dev/go/bkpdir/docs/context/ai-documentation-templates.md
[2025-07-13 15:40:21] [REPLACE] Replaced        8 instances of 🔺 with [HIGH] in /Users/fareed/Documents/dev/go/bkpdir/docs/context/ai-documentation-templates.md
[2025-07-13 15:40:21] [REPLACE] Replaced        3 instances of 🔶 with [MEDIUM] in /Users/fareed/Documents/dev/go/bkpdir/docs/context/ai-documentation-templates.md
[2025-07-13 15:40:21] [REPLACE] Replaced       10 instances of 🔻 with [LOW] in /Users/fareed/Documents/dev/go/bkpdir/docs/context/ai-documentation-templates.md
[2025-07-13 15:40:21] [REPLACE] Replaced       25 instances of 🔧 with [ACTION:core-functionality] in /Users/fareed/Documents/dev/go/bkpdir/docs/context/ai-documentation-templates.md
[2025-07-13 15:40:21] [REPLACE] Replaced        9 instances of 📝 with [ACTION:format-processing] in /Users/fareed/Documents/dev/go/bkpdir/docs/context/ai-documentation-templates.md
[2025-07-13 15:40:21] [REPLACE] Replaced        6 instances of 🔍 with [ACTION:discovery] in /Users/fareed/Documents/dev/go/bkpdir/docs/context/ai-documentation-templates.md
[2025-07-13 15:40:21] [REPLACE] Replaced       11 instances of 🛡️ with [ACTION:validation] in /Users/fareed/Documents/dev/go/bkpdir/docs/context/ai-documentation-templates.md
[2025-07-13 15:40:21] [REPLACE] Replaced        3 instances of 🔄 with [ACTION:migration] in /Users/fareed/Documents/dev/go/bkpdir/docs/context/ai-documentation-templates.md
[2025-07-13 15:40:21] [SUCCESS] Migrated /Users/fareed/Documents/dev/go/bkpdir/docs/context/ai-documentation-templates.md with 78 changes
[2025-07-13 15:40:21] [INFO] Processing file: /Users/fareed/Documents/dev/go/bkpdir/docs/context/source-code-icon-guidelines.md
[2025-07-13 15:40:21] [BACKUP] Created backup: /Users/fareed/Documents/dev/go/bkpdir/backup-semantic-tokens-simple-20250713-154016/source-code-icon-guidelines.md
[2025-07-13 15:40:21] [REPLACE] Replaced       27 instances of ⭐ with [CRITICAL] in /Users/fareed/Documents/dev/go/bkpdir/docs/context/source-code-icon-guidelines.md
[2025-07-13 15:40:21] [REPLACE] Replaced       36 instances of 🔺 with [HIGH] in /Users/fareed/Documents/dev/go/bkpdir/docs/context/source-code-icon-guidelines.md
[2025-07-13 15:40:21] [REPLACE] Replaced       12 instances of 🔶 with [MEDIUM] in /Users/fareed/Documents/dev/go/bkpdir/docs/context/source-code-icon-guidelines.md
[2025-07-13 15:40:21] [REPLACE] Replaced       11 instances of 🔻 with [LOW] in /Users/fareed/Documents/dev/go/bkpdir/docs/context/source-code-icon-guidelines.md
[2025-07-13 15:40:21] [REPLACE] Replaced       14 instances of 🔧 with [ACTION:core-functionality] in /Users/fareed/Documents/dev/go/bkpdir/docs/context/source-code-icon-guidelines.md
[2025-07-13 15:40:21] [REPLACE] Replaced       10 instances of 📝 with [ACTION:format-processing] in /Users/fareed/Documents/dev/go/bkpdir/docs/context/source-code-icon-guidelines.md
[2025-07-13 15:40:21] [REPLACE] Replaced       11 instances of 🔍 with [ACTION:discovery] in /Users/fareed/Documents/dev/go/bkpdir/docs/context/source-code-icon-guidelines.md
[2025-07-13 15:40:21] [REPLACE] Replaced        9 instances of 🛡️ with [ACTION:validation] in /Users/fareed/Documents/dev/go/bkpdir/docs/context/source-code-icon-guidelines.md
[2025-07-13 15:40:21] [REPLACE] Replaced        5 instances of 🔄 with [ACTION:migration] in /Users/fareed/Documents/dev/go/bkpdir/docs/context/source-code-icon-guidelines.md
[2025-07-13 15:40:21] [SUCCESS] Migrated /Users/fareed/Documents/dev/go/bkpdir/docs/context/source-code-icon-guidelines.md with 135 changes
[2025-07-13 15:40:21] [INFO] Processing file: /Users/fareed/Documents/dev/go/bkpdir/docs/context/requirements.md
[2025-07-13 15:40:21] [BACKUP] Created backup: /Users/fareed/Documents/dev/go/bkpdir/backup-semantic-tokens-simple-20250713-154016/requirements.md
[2025-07-13 15:40:21] [REPLACE] Replaced        3 instances of ⭐ with [CRITICAL] in /Users/fareed/Documents/dev/go/bkpdir/docs/context/requirements.md
[2025-07-13 15:40:21] [REPLACE] Replaced        2 instances of 🔺 with [HIGH] in /Users/fareed/Documents/dev/go/bkpdir/docs/context/requirements.md
[2025-07-13 15:40:21] [REPLACE] Replaced        4 instances of 🔻 with [LOW] in /Users/fareed/Documents/dev/go/bkpdir/docs/context/requirements.md
[2025-07-13 15:40:21] [SUCCESS] Migrated /Users/fareed/Documents/dev/go/bkpdir/docs/context/requirements.md with 9 changes
[2025-07-13 15:40:21] [SKIP] No Unicode icons found in /Users/fareed/Documents/dev/go/bkpdir/docs/context/task-completion-enforcement.md
[2025-07-13 15:40:21] [INFO] Processing file: /Users/fareed/Documents/dev/go/bkpdir/docs/context/ai-first-token-system-comprehensive.md
[2025-07-13 15:40:21] [BACKUP] Created backup: /Users/fareed/Documents/dev/go/bkpdir/backup-semantic-tokens-simple-20250713-154016/ai-first-token-system-comprehensive.md
[2025-07-13 15:40:21] [REPLACE] Replaced       25 instances of ⭐ with [CRITICAL] in /Users/fareed/Documents/dev/go/bkpdir/docs/context/ai-first-token-system-comprehensive.md
[2025-07-13 15:40:21] [REPLACE] Replaced       19 instances of 🔺 with [HIGH] in /Users/fareed/Documents/dev/go/bkpdir/docs/context/ai-first-token-system-comprehensive.md
[2025-07-13 15:40:21] [REPLACE] Replaced       16 instances of 🔶 with [MEDIUM] in /Users/fareed/Documents/dev/go/bkpdir/docs/context/ai-first-token-system-comprehensive.md
[2025-07-13 15:40:21] [REPLACE] Replaced        7 instances of 🔻 with [LOW] in /Users/fareed/Documents/dev/go/bkpdir/docs/context/ai-first-token-system-comprehensive.md
[2025-07-13 15:40:21] [REPLACE] Replaced        1 instances of 🔄 with [ACTION:migration] in /Users/fareed/Documents/dev/go/bkpdir/docs/context/ai-first-token-system-comprehensive.md
[2025-07-13 15:40:21] [SUCCESS] Migrated /Users/fareed/Documents/dev/go/bkpdir/docs/context/ai-first-token-system-comprehensive.md with 68 changes
[2025-07-13 15:40:21] [INFO] Processing file: /Users/fareed/Documents/dev/go/bkpdir/docs/context/enhanced-token-syntax-specification.md
[2025-07-13 15:40:21] [BACKUP] Created backup: /Users/fareed/Documents/dev/go/bkpdir/backup-semantic-tokens-simple-20250713-154016/enhanced-token-syntax-specification.md
[2025-07-13 15:40:21] [REPLACE] Replaced       16 instances of ⭐ with [CRITICAL] in /Users/fareed/Documents/dev/go/bkpdir/docs/context/enhanced-token-syntax-specification.md
[2025-07-13 15:40:21] [REPLACE] Replaced       19 instances of 🔺 with [HIGH] in /Users/fareed/Documents/dev/go/bkpdir/docs/context/enhanced-token-syntax-specification.md
[2025-07-13 15:40:21] [REPLACE] Replaced       13 instances of 🔶 with [MEDIUM] in /Users/fareed/Documents/dev/go/bkpdir/docs/context/enhanced-token-syntax-specification.md
[2025-07-13 15:40:21] [REPLACE] Replaced       12 instances of 🔻 with [LOW] in /Users/fareed/Documents/dev/go/bkpdir/docs/context/enhanced-token-syntax-specification.md
[2025-07-13 15:40:21] [REPLACE] Replaced        2 instances of 🔧 with [ACTION:core-functionality] in /Users/fareed/Documents/dev/go/bkpdir/docs/context/enhanced-token-syntax-specification.md
[2025-07-13 15:40:21] [REPLACE] Replaced        2 instances of 📝 with [ACTION:format-processing] in /Users/fareed/Documents/dev/go/bkpdir/docs/context/enhanced-token-syntax-specification.md
[2025-07-13 15:40:21] [REPLACE] Replaced        1 instances of 🔍 with [ACTION:discovery] in /Users/fareed/Documents/dev/go/bkpdir/docs/context/enhanced-token-syntax-specification.md
[2025-07-13 15:40:21] [REPLACE] Replaced        2 instances of 🛡️ with [ACTION:validation] in /Users/fareed/Documents/dev/go/bkpdir/docs/context/enhanced-token-syntax-specification.md
[2025-07-13 15:40:21] [SUCCESS] Migrated /Users/fareed/Documents/dev/go/bkpdir/docs/context/enhanced-token-syntax-specification.md with 67 changes
[2025-07-13 15:40:21] [INFO] Processing file: /Users/fareed/Documents/dev/go/bkpdir/docs/context/architecture.md
[2025-07-13 15:40:21] [BACKUP] Created backup: /Users/fareed/Documents/dev/go/bkpdir/backup-semantic-tokens-simple-20250713-154016/architecture.md
[2025-07-13 15:40:21] [REPLACE] Replaced        3 instances of ⭐ with [CRITICAL] in /Users/fareed/Documents/dev/go/bkpdir/docs/context/architecture.md
[2025-07-13 15:40:21] [REPLACE] Replaced        4 instances of 🔺 with [HIGH] in /Users/fareed/Documents/dev/go/bkpdir/docs/context/architecture.md
[2025-07-13 15:40:21] [REPLACE] Replaced        5 instances of 🔶 with [MEDIUM] in /Users/fareed/Documents/dev/go/bkpdir/docs/context/architecture.md
[2025-07-13 15:40:21] [REPLACE] Replaced       12 instances of 🔻 with [LOW] in /Users/fareed/Documents/dev/go/bkpdir/docs/context/architecture.md
[2025-07-13 15:40:21] [REPLACE] Replaced       10 instances of 🔧 with [ACTION:core-functionality] in /Users/fareed/Documents/dev/go/bkpdir/docs/context/architecture.md
[2025-07-13 15:40:21] [REPLACE] Replaced        2 instances of 📝 with [ACTION:format-processing] in /Users/fareed/Documents/dev/go/bkpdir/docs/context/architecture.md
[2025-07-13 15:40:21] [REPLACE] Replaced        2 instances of 🔍 with [ACTION:discovery] in /Users/fareed/Documents/dev/go/bkpdir/docs/context/architecture.md
[2025-07-13 15:40:21] [REPLACE] Replaced        4 instances of 🛡️ with [ACTION:validation] in /Users/fareed/Documents/dev/go/bkpdir/docs/context/architecture.md
[2025-07-13 15:40:21] [SUCCESS] Migrated /Users/fareed/Documents/dev/go/bkpdir/docs/context/architecture.md with 42 changes
[2025-07-13 15:40:21] [INFO] Processing file: /Users/fareed/Documents/dev/go/bkpdir/docs/context/ai-first-formatter-refactoring-plan.md
[2025-07-13 15:40:22] [BACKUP] Created backup: /Users/fareed/Documents/dev/go/bkpdir/backup-semantic-tokens-simple-20250713-154016/ai-first-formatter-refactoring-plan.md
[2025-07-13 15:40:22] [REPLACE] Replaced        1 instances of 📝 with [ACTION:format-processing] in /Users/fareed/Documents/dev/go/bkpdir/docs/context/ai-first-formatter-refactoring-plan.md
[2025-07-13 15:40:22] [SUCCESS] Migrated /Users/fareed/Documents/dev/go/bkpdir/docs/context/ai-first-formatter-refactoring-plan.md with 1 changes
[2025-07-13 15:40:22] [INFO] Processing file: /Users/fareed/Documents/dev/go/bkpdir/docs/context/AI-First-Development-Procedure-Complete-Guide.md
[2025-07-13 15:40:22] [BACKUP] Created backup: /Users/fareed/Documents/dev/go/bkpdir/backup-semantic-tokens-simple-20250713-154016/AI-First-Development-Procedure-Complete-Guide.md
[2025-07-13 15:40:22] [REPLACE] Replaced        2 instances of ⭐ with [CRITICAL] in /Users/fareed/Documents/dev/go/bkpdir/docs/context/AI-First-Development-Procedure-Complete-Guide.md
[2025-07-13 15:40:22] [REPLACE] Replaced        1 instances of 🔺 with [HIGH] in /Users/fareed/Documents/dev/go/bkpdir/docs/context/AI-First-Development-Procedure-Complete-Guide.md
[2025-07-13 15:40:22] [REPLACE] Replaced        9 instances of 🔧 with [ACTION:core-functionality] in /Users/fareed/Documents/dev/go/bkpdir/docs/context/AI-First-Development-Procedure-Complete-Guide.md
[2025-07-13 15:40:22] [REPLACE] Replaced        2 instances of 📝 with [ACTION:format-processing] in /Users/fareed/Documents/dev/go/bkpdir/docs/context/AI-First-Development-Procedure-Complete-Guide.md
[2025-07-13 15:40:22] [REPLACE] Replaced        1 instances of 🔍 with [ACTION:discovery] in /Users/fareed/Documents/dev/go/bkpdir/docs/context/AI-First-Development-Procedure-Complete-Guide.md
[2025-07-13 15:40:22] [REPLACE] Replaced        8 instances of 🛡️ with [ACTION:validation] in /Users/fareed/Documents/dev/go/bkpdir/docs/context/AI-First-Development-Procedure-Complete-Guide.md
[2025-07-13 15:40:22] [REPLACE] Replaced        2 instances of 🔄 with [ACTION:migration] in /Users/fareed/Documents/dev/go/bkpdir/docs/context/AI-First-Development-Procedure-Complete-Guide.md
[2025-07-13 15:40:22] [SUCCESS] Migrated /Users/fareed/Documents/dev/go/bkpdir/docs/context/AI-First-Development-Procedure-Complete-Guide.md with 25 changes
[2025-07-13 15:40:22] [INFO] Processing file: /Users/fareed/Documents/dev/go/bkpdir/docs/context/ai-decision-framework.md
[2025-07-13 15:40:22] [BACKUP] Created backup: /Users/fareed/Documents/dev/go/bkpdir/backup-semantic-tokens-simple-20250713-154016/ai-decision-framework.md
[2025-07-13 15:40:22] [REPLACE] Replaced        9 instances of ⭐ with [CRITICAL] in /Users/fareed/Documents/dev/go/bkpdir/docs/context/ai-decision-framework.md
[2025-07-13 15:40:22] [REPLACE] Replaced        4 instances of 🔺 with [HIGH] in /Users/fareed/Documents/dev/go/bkpdir/docs/context/ai-decision-framework.md
[2025-07-13 15:40:22] [REPLACE] Replaced        3 instances of 🔶 with [MEDIUM] in /Users/fareed/Documents/dev/go/bkpdir/docs/context/ai-decision-framework.md
[2025-07-13 15:40:22] [REPLACE] Replaced        3 instances of 🔻 with [LOW] in /Users/fareed/Documents/dev/go/bkpdir/docs/context/ai-decision-framework.md
[2025-07-13 15:40:22] [REPLACE] Replaced        9 instances of 🔧 with [ACTION:core-functionality] in /Users/fareed/Documents/dev/go/bkpdir/docs/context/ai-decision-framework.md
[2025-07-13 15:40:22] [REPLACE] Replaced        6 instances of 📝 with [ACTION:format-processing] in /Users/fareed/Documents/dev/go/bkpdir/docs/context/ai-decision-framework.md
[2025-07-13 15:40:22] [REPLACE] Replaced        2 instances of 🔍 with [ACTION:discovery] in /Users/fareed/Documents/dev/go/bkpdir/docs/context/ai-decision-framework.md
[2025-07-13 15:40:22] [REPLACE] Replaced        7 instances of 🛡️ with [ACTION:validation] in /Users/fareed/Documents/dev/go/bkpdir/docs/context/ai-decision-framework.md
[2025-07-13 15:40:22] [REPLACE] Replaced        1 instances of 🔄 with [ACTION:migration] in /Users/fareed/Documents/dev/go/bkpdir/docs/context/ai-decision-framework.md
[2025-07-13 15:40:22] [SUCCESS] Migrated /Users/fareed/Documents/dev/go/bkpdir/docs/context/ai-decision-framework.md with 44 changes
[2025-07-13 15:40:22] [INFO] Processing file: /Users/fareed/Documents/dev/go/bkpdir/docs/context/ai-assistant-compliance.md
[2025-07-13 15:40:22] [BACKUP] Created backup: /Users/fareed/Documents/dev/go/bkpdir/backup-semantic-tokens-simple-20250713-154016/ai-assistant-compliance.md
[2025-07-13 15:40:22] [REPLACE] Replaced       15 instances of ⭐ with [CRITICAL] in /Users/fareed/Documents/dev/go/bkpdir/docs/context/ai-assistant-compliance.md
[2025-07-13 15:40:22] [REPLACE] Replaced       13 instances of 🔺 with [HIGH] in /Users/fareed/Documents/dev/go/bkpdir/docs/context/ai-assistant-compliance.md
[2025-07-13 15:40:22] [REPLACE] Replaced        6 instances of 🔶 with [MEDIUM] in /Users/fareed/Documents/dev/go/bkpdir/docs/context/ai-assistant-compliance.md
[2025-07-13 15:40:22] [REPLACE] Replaced        3 instances of 🔻 with [LOW] in /Users/fareed/Documents/dev/go/bkpdir/docs/context/ai-assistant-compliance.md
[2025-07-13 15:40:22] [REPLACE] Replaced       10 instances of 🔧 with [ACTION:core-functionality] in /Users/fareed/Documents/dev/go/bkpdir/docs/context/ai-assistant-compliance.md
[2025-07-13 15:40:22] [REPLACE] Replaced        6 instances of 📝 with [ACTION:format-processing] in /Users/fareed/Documents/dev/go/bkpdir/docs/context/ai-assistant-compliance.md
[2025-07-13 15:40:22] [REPLACE] Replaced        9 instances of 🔍 with [ACTION:discovery] in /Users/fareed/Documents/dev/go/bkpdir/docs/context/ai-assistant-compliance.md
[2025-07-13 15:40:22] [REPLACE] Replaced       12 instances of 🛡️ with [ACTION:validation] in /Users/fareed/Documents/dev/go/bkpdir/docs/context/ai-assistant-compliance.md
[2025-07-13 15:40:22] [REPLACE] Replaced        3 instances of 🔄 with [ACTION:migration] in /Users/fareed/Documents/dev/go/bkpdir/docs/context/ai-assistant-compliance.md
[2025-07-13 15:40:22] [SUCCESS] Migrated /Users/fareed/Documents/dev/go/bkpdir/docs/context/ai-assistant-compliance.md with 77 changes
[2025-07-13 15:40:22] [INFO] Processing file: /Users/fareed/Documents/dev/go/bkpdir/docs/context/implementation-status.md
[2025-07-13 15:40:22] [BACKUP] Created backup: /Users/fareed/Documents/dev/go/bkpdir/backup-semantic-tokens-simple-20250713-154016/implementation-status.md
[2025-07-13 15:40:22] [INFO] No changes needed for /Users/fareed/Documents/dev/go/bkpdir/docs/context/implementation-status.md
[2025-07-13 15:40:22] [INFO] Processing file: /Users/fareed/Documents/dev/go/bkpdir/docs/context/CFG-005-implementation-plan.md
[2025-07-13 15:40:22] [BACKUP] Created backup: /Users/fareed/Documents/dev/go/bkpdir/backup-semantic-tokens-simple-20250713-154016/CFG-005-implementation-plan.md
[2025-07-13 15:40:22] [REPLACE] Replaced        6 instances of ⭐ with [CRITICAL] in /Users/fareed/Documents/dev/go/bkpdir/docs/context/CFG-005-implementation-plan.md
[2025-07-13 15:40:22] [REPLACE] Replaced        3 instances of 🔺 with [HIGH] in /Users/fareed/Documents/dev/go/bkpdir/docs/context/CFG-005-implementation-plan.md
[2025-07-13 15:40:22] [REPLACE] Replaced        3 instances of 🔶 with [MEDIUM] in /Users/fareed/Documents/dev/go/bkpdir/docs/context/CFG-005-implementation-plan.md
[2025-07-13 15:40:22] [REPLACE] Replaced        2 instances of 🔻 with [LOW] in /Users/fareed/Documents/dev/go/bkpdir/docs/context/CFG-005-implementation-plan.md
[2025-07-13 15:40:22] [REPLACE] Replaced        4 instances of 🔧 with [ACTION:core-functionality] in /Users/fareed/Documents/dev/go/bkpdir/docs/context/CFG-005-implementation-plan.md
[2025-07-13 15:40:22] [REPLACE] Replaced        8 instances of 📝 with [ACTION:format-processing] in /Users/fareed/Documents/dev/go/bkpdir/docs/context/CFG-005-implementation-plan.md
[2025-07-13 15:40:22] [REPLACE] Replaced        1 instances of 🔍 with [ACTION:discovery] in /Users/fareed/Documents/dev/go/bkpdir/docs/context/CFG-005-implementation-plan.md
[2025-07-13 15:40:22] [SUCCESS] Migrated /Users/fareed/Documents/dev/go/bkpdir/docs/context/CFG-005-implementation-plan.md with 27 changes
[2025-07-13 15:40:22] [SKIP] No Unicode icons found in /Users/fareed/Documents/dev/go/bkpdir/docs/context/sync-framework.md
[2025-07-13 15:40:22] [INFO] Processing file: /Users/fareed/Documents/dev/go/bkpdir/docs/context/icon-system-proposal.md
[2025-07-13 15:40:22] [BACKUP] Created backup: /Users/fareed/Documents/dev/go/bkpdir/backup-semantic-tokens-simple-20250713-154016/icon-system-proposal.md
[2025-07-13 15:40:22] [REPLACE] Replaced        9 instances of ⭐ with [CRITICAL] in /Users/fareed/Documents/dev/go/bkpdir/docs/context/icon-system-proposal.md
[2025-07-13 15:40:22] [REPLACE] Replaced        5 instances of 🔺 with [HIGH] in /Users/fareed/Documents/dev/go/bkpdir/docs/context/icon-system-proposal.md
[2025-07-13 15:40:22] [REPLACE] Replaced        4 instances of 🔶 with [MEDIUM] in /Users/fareed/Documents/dev/go/bkpdir/docs/context/icon-system-proposal.md
[2025-07-13 15:40:22] [REPLACE] Replaced        4 instances of 🔻 with [LOW] in /Users/fareed/Documents/dev/go/bkpdir/docs/context/icon-system-proposal.md
[2025-07-13 15:40:22] [REPLACE] Replaced        5 instances of 🔧 with [ACTION:core-functionality] in /Users/fareed/Documents/dev/go/bkpdir/docs/context/icon-system-proposal.md
[2025-07-13 15:40:23] [REPLACE] Replaced        5 instances of 📝 with [ACTION:format-processing] in /Users/fareed/Documents/dev/go/bkpdir/docs/context/icon-system-proposal.md
[2025-07-13 15:40:23] [REPLACE] Replaced        6 instances of 🔍 with [ACTION:discovery] in /Users/fareed/Documents/dev/go/bkpdir/docs/context/icon-system-proposal.md
[2025-07-13 15:40:23] [REPLACE] Replaced        5 instances of 🛡️ with [ACTION:validation] in /Users/fareed/Documents/dev/go/bkpdir/docs/context/icon-system-proposal.md
[2025-07-13 15:40:23] [REPLACE] Replaced        5 instances of 🔄 with [ACTION:migration] in /Users/fareed/Documents/dev/go/bkpdir/docs/context/icon-system-proposal.md
[2025-07-13 15:40:23] [SUCCESS] Migrated /Users/fareed/Documents/dev/go/bkpdir/docs/context/icon-system-proposal.md with 48 changes
[2025-07-13 15:40:23] [INFO] Processing file: /Users/fareed/Documents/dev/go/bkpdir/docs/context/ai-code-maintenance-standards.md
[2025-07-13 15:40:23] [BACKUP] Created backup: /Users/fareed/Documents/dev/go/bkpdir/backup-semantic-tokens-simple-20250713-154016/ai-code-maintenance-standards.md
[2025-07-13 15:40:23] [REPLACE] Replaced        5 instances of ⭐ with [CRITICAL] in /Users/fareed/Documents/dev/go/bkpdir/docs/context/ai-code-maintenance-standards.md
[2025-07-13 15:40:23] [REPLACE] Replaced        5 instances of 🔺 with [HIGH] in /Users/fareed/Documents/dev/go/bkpdir/docs/context/ai-code-maintenance-standards.md
[2025-07-13 15:40:23] [REPLACE] Replaced        3 instances of 🔶 with [MEDIUM] in /Users/fareed/Documents/dev/go/bkpdir/docs/context/ai-code-maintenance-standards.md
[2025-07-13 15:40:23] [REPLACE] Replaced       16 instances of 🔻 with [LOW] in /Users/fareed/Documents/dev/go/bkpdir/docs/context/ai-code-maintenance-standards.md
[2025-07-13 15:40:23] [REPLACE] Replaced       29 instances of 🔧 with [ACTION:core-functionality] in /Users/fareed/Documents/dev/go/bkpdir/docs/context/ai-code-maintenance-standards.md
[2025-07-13 15:40:23] [REPLACE] Replaced       12 instances of 📝 with [ACTION:format-processing] in /Users/fareed/Documents/dev/go/bkpdir/docs/context/ai-code-maintenance-standards.md
[2025-07-13 15:40:23] [REPLACE] Replaced       25 instances of 🔍 with [ACTION:discovery] in /Users/fareed/Documents/dev/go/bkpdir/docs/context/ai-code-maintenance-standards.md
[2025-07-13 15:40:23] [REPLACE] Replaced       14 instances of 🛡️ with [ACTION:validation] in /Users/fareed/Documents/dev/go/bkpdir/docs/context/ai-code-maintenance-standards.md
[2025-07-13 15:40:23] [REPLACE] Replaced        1 instances of 🔄 with [ACTION:migration] in /Users/fareed/Documents/dev/go/bkpdir/docs/context/ai-code-maintenance-standards.md
[2025-07-13 15:40:23] [SUCCESS] Migrated /Users/fareed/Documents/dev/go/bkpdir/docs/context/ai-code-maintenance-standards.md with 110 changes
[2025-07-13 15:40:23] [INFO] Processing file: /Users/fareed/Documents/dev/go/bkpdir/docs/context/icon-usage-analysis.md
[2025-07-13 15:40:23] [BACKUP] Created backup: /Users/fareed/Documents/dev/go/bkpdir/backup-semantic-tokens-simple-20250713-154016/icon-usage-analysis.md
[2025-07-13 15:40:23] [REPLACE] Replaced        5 instances of 🔧 with [ACTION:core-functionality] in /Users/fareed/Documents/dev/go/bkpdir/docs/context/icon-usage-analysis.md
[2025-07-13 15:40:23] [REPLACE] Replaced        5 instances of 📝 with [ACTION:format-processing] in /Users/fareed/Documents/dev/go/bkpdir/docs/context/icon-usage-analysis.md
[2025-07-13 15:40:23] [REPLACE] Replaced       12 instances of 🔍 with [ACTION:discovery] in /Users/fareed/Documents/dev/go/bkpdir/docs/context/icon-usage-analysis.md
[2025-07-13 15:40:23] [REPLACE] Replaced        2 instances of 🛡️ with [ACTION:validation] in /Users/fareed/Documents/dev/go/bkpdir/docs/context/icon-usage-analysis.md
[2025-07-13 15:40:23] [REPLACE] Replaced        2 instances of 🔄 with [ACTION:migration] in /Users/fareed/Documents/dev/go/bkpdir/docs/context/icon-usage-analysis.md
[2025-07-13 15:40:23] [SUCCESS] Migrated /Users/fareed/Documents/dev/go/bkpdir/docs/context/icon-usage-analysis.md with 26 changes
[2025-07-13 15:40:23] [INFO] Processing file: /Users/fareed/Documents/dev/go/bkpdir/docs/context/decision-framework-troubleshooting.md
[2025-07-13 15:40:23] [BACKUP] Created backup: /Users/fareed/Documents/dev/go/bkpdir/backup-semantic-tokens-simple-20250713-154016/decision-framework-troubleshooting.md
[2025-07-13 15:40:23] [REPLACE] Replaced        6 instances of ⭐ with [CRITICAL] in /Users/fareed/Documents/dev/go/bkpdir/docs/context/decision-framework-troubleshooting.md
[2025-07-13 15:40:23] [REPLACE] Replaced        5 instances of 🔺 with [HIGH] in /Users/fareed/Documents/dev/go/bkpdir/docs/context/decision-framework-troubleshooting.md
[2025-07-13 15:40:23] [REPLACE] Replaced        4 instances of 🔶 with [MEDIUM] in /Users/fareed/Documents/dev/go/bkpdir/docs/context/decision-framework-troubleshooting.md
[2025-07-13 15:40:23] [REPLACE] Replaced        3 instances of 🔻 with [LOW] in /Users/fareed/Documents/dev/go/bkpdir/docs/context/decision-framework-troubleshooting.md
[2025-07-13 15:40:23] [REPLACE] Replaced        5 instances of 🔧 with [ACTION:core-functionality] in /Users/fareed/Documents/dev/go/bkpdir/docs/context/decision-framework-troubleshooting.md
[2025-07-13 15:40:23] [REPLACE] Replaced        2 instances of 📝 with [ACTION:format-processing] in /Users/fareed/Documents/dev/go/bkpdir/docs/context/decision-framework-troubleshooting.md
[2025-07-13 15:40:23] [REPLACE] Replaced        2 instances of 🔍 with [ACTION:discovery] in /Users/fareed/Documents/dev/go/bkpdir/docs/context/decision-framework-troubleshooting.md
[2025-07-13 15:40:23] [REPLACE] Replaced        2 instances of 🛡️ with [ACTION:validation] in /Users/fareed/Documents/dev/go/bkpdir/docs/context/decision-framework-troubleshooting.md
[2025-07-13 15:40:23] [REPLACE] Replaced        4 instances of 🔄 with [ACTION:migration] in /Users/fareed/Documents/dev/go/bkpdir/docs/context/decision-framework-troubleshooting.md
[2025-07-13 15:40:23] [SUCCESS] Migrated /Users/fareed/Documents/dev/go/bkpdir/docs/context/decision-framework-troubleshooting.md with 33 changes
[2025-07-13 15:40:23] [INFO] Processing file: /Users/fareed/Documents/dev/go/bkpdir/docs/context/context-file-checklist.md
[2025-07-13 15:40:23] [BACKUP] Created backup: /Users/fareed/Documents/dev/go/bkpdir/backup-semantic-tokens-simple-20250713-154016/context-file-checklist.md
[2025-07-13 15:40:23] [REPLACE] Replaced        3 instances of 🔧 with [ACTION:core-functionality] in /Users/fareed/Documents/dev/go/bkpdir/docs/context/context-file-checklist.md
[2025-07-13 15:40:23] [REPLACE] Replaced        4 instances of 📝 with [ACTION:format-processing] in /Users/fareed/Documents/dev/go/bkpdir/docs/context/context-file-checklist.md
[2025-07-13 15:40:23] [REPLACE] Replaced        4 instances of 🔍 with [ACTION:discovery] in /Users/fareed/Documents/dev/go/bkpdir/docs/context/context-file-checklist.md
[2025-07-13 15:40:23] [REPLACE] Replaced        1 instances of 🛡️ with [ACTION:validation] in /Users/fareed/Documents/dev/go/bkpdir/docs/context/context-file-checklist.md
[2025-07-13 15:40:23] [REPLACE] Replaced        1 instances of 🔄 with [ACTION:migration] in /Users/fareed/Documents/dev/go/bkpdir/docs/context/context-file-checklist.md
[2025-07-13 15:40:23] [SUCCESS] Migrated /Users/fareed/Documents/dev/go/bkpdir/docs/context/context-file-checklist.md with 13 changes
[2025-07-13 15:40:23] [INFO] Processing file: /Users/fareed/Documents/dev/go/bkpdir/docs/context/ai-first-development-strategy.md
[2025-07-13 15:40:23] [BACKUP] Created backup: /Users/fareed/Documents/dev/go/bkpdir/backup-semantic-tokens-simple-20250713-154016/ai-first-development-strategy.md
[2025-07-13 15:40:23] [REPLACE] Replaced        5 instances of ⭐ with [CRITICAL] in /Users/fareed/Documents/dev/go/bkpdir/docs/context/ai-first-development-strategy.md
[2025-07-13 15:40:23] [REPLACE] Replaced        4 instances of 🔺 with [HIGH] in /Users/fareed/Documents/dev/go/bkpdir/docs/context/ai-first-development-strategy.md
[2025-07-13 15:40:23] [REPLACE] Replaced        2 instances of 🔶 with [MEDIUM] in /Users/fareed/Documents/dev/go/bkpdir/docs/context/ai-first-development-strategy.md
[2025-07-13 15:40:23] [REPLACE] Replaced       18 instances of 🔻 with [LOW] in /Users/fareed/Documents/dev/go/bkpdir/docs/context/ai-first-development-strategy.md
[2025-07-13 15:40:23] [REPLACE] Replaced       21 instances of 🔧 with [ACTION:core-functionality] in /Users/fareed/Documents/dev/go/bkpdir/docs/context/ai-first-development-strategy.md
[2025-07-13 15:40:23] [REPLACE] Replaced        9 instances of 📝 with [ACTION:format-processing] in /Users/fareed/Documents/dev/go/bkpdir/docs/context/ai-first-development-strategy.md
[2025-07-13 15:40:23] [REPLACE] Replaced       17 instances of 🔍 with [ACTION:discovery] in /Users/fareed/Documents/dev/go/bkpdir/docs/context/ai-first-development-strategy.md
[2025-07-13 15:40:23] [REPLACE] Replaced       12 instances of 🛡️ with [ACTION:validation] in /Users/fareed/Documents/dev/go/bkpdir/docs/context/ai-first-development-strategy.md
[2025-07-13 15:40:23] [REPLACE] Replaced        4 instances of 🔄 with [ACTION:migration] in /Users/fareed/Documents/dev/go/bkpdir/docs/context/ai-first-development-strategy.md
[2025-07-13 15:40:24] [SUCCESS] Migrated /Users/fareed/Documents/dev/go/bkpdir/docs/context/ai-first-development-strategy.md with 92 changes
[2025-07-13 15:40:24] [INFO] Processing file: /Users/fareed/Documents/dev/go/bkpdir/docs/context/ai-assistant-token-protocol.md
[2025-07-13 15:40:24] [BACKUP] Created backup: /Users/fareed/Documents/dev/go/bkpdir/backup-semantic-tokens-simple-20250713-154016/ai-assistant-token-protocol.md
[2025-07-13 15:40:24] [REPLACE] Replaced        8 instances of ⭐ with [CRITICAL] in /Users/fareed/Documents/dev/go/bkpdir/docs/context/ai-assistant-token-protocol.md
[2025-07-13 15:40:24] [REPLACE] Replaced        6 instances of 🔺 with [HIGH] in /Users/fareed/Documents/dev/go/bkpdir/docs/context/ai-assistant-token-protocol.md
[2025-07-13 15:40:24] [REPLACE] Replaced        6 instances of 🔶 with [MEDIUM] in /Users/fareed/Documents/dev/go/bkpdir/docs/context/ai-assistant-token-protocol.md
[2025-07-13 15:40:24] [REPLACE] Replaced        3 instances of 🔻 with [LOW] in /Users/fareed/Documents/dev/go/bkpdir/docs/context/ai-assistant-token-protocol.md
[2025-07-13 15:40:24] [SUCCESS] Migrated /Users/fareed/Documents/dev/go/bkpdir/docs/context/ai-assistant-token-protocol.md with 23 changes
[2025-07-13 15:40:24] [INFO] Processing file: /Users/fareed/Documents/dev/go/bkpdir/docs/context/testing.md
[2025-07-13 15:40:24] [BACKUP] Created backup: /Users/fareed/Documents/dev/go/bkpdir/backup-semantic-tokens-simple-20250713-154016/testing.md
[2025-07-13 15:40:24] [REPLACE] Replaced        4 instances of ⭐ with [CRITICAL] in /Users/fareed/Documents/dev/go/bkpdir/docs/context/testing.md
[2025-07-13 15:40:24] [REPLACE] Replaced        5 instances of 🔺 with [HIGH] in /Users/fareed/Documents/dev/go/bkpdir/docs/context/testing.md
[2025-07-13 15:40:24] [REPLACE] Replaced        7 instances of 🔻 with [LOW] in /Users/fareed/Documents/dev/go/bkpdir/docs/context/testing.md
[2025-07-13 15:40:24] [REPLACE] Replaced        5 instances of 🔧 with [ACTION:core-functionality] in /Users/fareed/Documents/dev/go/bkpdir/docs/context/testing.md
[2025-07-13 15:40:24] [REPLACE] Replaced        8 instances of 🔍 with [ACTION:discovery] in /Users/fareed/Documents/dev/go/bkpdir/docs/context/testing.md
[2025-07-13 15:40:24] [REPLACE] Replaced        5 instances of 🛡️ with [ACTION:validation] in /Users/fareed/Documents/dev/go/bkpdir/docs/context/testing.md
[2025-07-13 15:40:24] [SUCCESS] Migrated /Users/fareed/Documents/dev/go/bkpdir/docs/context/testing.md with 34 changes
[2025-07-13 15:40:24] [INFO] Processing file: /Users/fareed/Documents/dev/go/bkpdir/docs/context/icon-usage-guidelines.md
[2025-07-13 15:40:24] [BACKUP] Created backup: /Users/fareed/Documents/dev/go/bkpdir/backup-semantic-tokens-simple-20250713-154016/icon-usage-guidelines.md
[2025-07-13 15:40:24] [REPLACE] Replaced       13 instances of ⭐ with [CRITICAL] in /Users/fareed/Documents/dev/go/bkpdir/docs/context/icon-usage-guidelines.md
[2025-07-13 15:40:24] [REPLACE] Replaced       12 instances of 🔺 with [HIGH] in /Users/fareed/Documents/dev/go/bkpdir/docs/context/icon-usage-guidelines.md
[2025-07-13 15:40:24] [REPLACE] Replaced       10 instances of 🔶 with [MEDIUM] in /Users/fareed/Documents/dev/go/bkpdir/docs/context/icon-usage-guidelines.md
[2025-07-13 15:40:24] [REPLACE] Replaced        9 instances of 🔻 with [LOW] in /Users/fareed/Documents/dev/go/bkpdir/docs/context/icon-usage-guidelines.md
[2025-07-13 15:40:24] [REPLACE] Replaced        8 instances of 🔧 with [ACTION:core-functionality] in /Users/fareed/Documents/dev/go/bkpdir/docs/context/icon-usage-guidelines.md
[2025-07-13 15:40:24] [REPLACE] Replaced        5 instances of 📝 with [ACTION:format-processing] in /Users/fareed/Documents/dev/go/bkpdir/docs/context/icon-usage-guidelines.md
[2025-07-13 15:40:24] [REPLACE] Replaced        5 instances of 🔍 with [ACTION:discovery] in /Users/fareed/Documents/dev/go/bkpdir/docs/context/icon-usage-guidelines.md
[2025-07-13 15:40:24] [REPLACE] Replaced        8 instances of 🛡️ with [ACTION:validation] in /Users/fareed/Documents/dev/go/bkpdir/docs/context/icon-usage-guidelines.md
[2025-07-13 15:40:24] [REPLACE] Replaced        7 instances of 🔄 with [ACTION:migration] in /Users/fareed/Documents/dev/go/bkpdir/docs/context/icon-usage-guidelines.md
[2025-07-13 15:40:24] [SUCCESS] Migrated /Users/fareed/Documents/dev/go/bkpdir/docs/context/icon-usage-guidelines.md with 77 changes
[2025-07-13 15:40:24] [SKIP] No Unicode icons found in /Users/fareed/Documents/dev/go/bkpdir/docs/context/code-marker-strategy.md
[2025-07-13 15:40:24] [INFO] Processing file: /Users/fareed/Documents/dev/go/bkpdir/docs/context/feature-change-protocol.md
[2025-07-13 15:40:24] [BACKUP] Created backup: /Users/fareed/Documents/dev/go/bkpdir/backup-semantic-tokens-simple-20250713-154016/feature-change-protocol.md
[2025-07-13 15:40:24] [REPLACE] Replaced        1 instances of 🔧 with [ACTION:core-functionality] in /Users/fareed/Documents/dev/go/bkpdir/docs/context/feature-change-protocol.md
[2025-07-13 15:40:24] [REPLACE] Replaced        1 instances of 📝 with [ACTION:format-processing] in /Users/fareed/Documents/dev/go/bkpdir/docs/context/feature-change-protocol.md
[2025-07-13 15:40:24] [REPLACE] Replaced        1 instances of 🛠️ with [ACTION:maintenance] in /Users/fareed/Documents/dev/go/bkpdir/docs/context/feature-change-protocol.md
[2025-07-13 15:40:24] [REPLACE] Replaced        2 instances of 🔄 with [ACTION:migration] in /Users/fareed/Documents/dev/go/bkpdir/docs/context/feature-change-protocol.md
[2025-07-13 15:40:24] [SUCCESS] Migrated /Users/fareed/Documents/dev/go/bkpdir/docs/context/feature-change-protocol.md with 5 changes
[2025-07-13 15:40:24] [INFO] Processing file: /Users/fareed/Documents/dev/go/bkpdir/docs/context/README.md
[2025-07-13 15:40:24] [BACKUP] Created backup: /Users/fareed/Documents/dev/go/bkpdir/backup-semantic-tokens-simple-20250713-154016/README.md
[2025-07-13 15:40:24] [REPLACE] Replaced       10 instances of ⭐ with [CRITICAL] in /Users/fareed/Documents/dev/go/bkpdir/docs/context/README.md
[2025-07-13 15:40:24] [REPLACE] Replaced        2 instances of 🔺 with [HIGH] in /Users/fareed/Documents/dev/go/bkpdir/docs/context/README.md
[2025-07-13 15:40:24] [REPLACE] Replaced        5 instances of 🔶 with [MEDIUM] in /Users/fareed/Documents/dev/go/bkpdir/docs/context/README.md
[2025-07-13 15:40:24] [REPLACE] Replaced        3 instances of 🔻 with [LOW] in /Users/fareed/Documents/dev/go/bkpdir/docs/context/README.md
[2025-07-13 15:40:24] [REPLACE] Replaced        4 instances of 🔧 with [ACTION:core-functionality] in /Users/fareed/Documents/dev/go/bkpdir/docs/context/README.md
[2025-07-13 15:40:24] [REPLACE] Replaced        4 instances of 📝 with [ACTION:format-processing] in /Users/fareed/Documents/dev/go/bkpdir/docs/context/README.md
[2025-07-13 15:40:24] [REPLACE] Replaced        5 instances of 🔍 with [ACTION:discovery] in /Users/fareed/Documents/dev/go/bkpdir/docs/context/README.md
[2025-07-13 15:40:24] [REPLACE] Replaced        5 instances of 🛡️ with [ACTION:validation] in /Users/fareed/Documents/dev/go/bkpdir/docs/context/README.md
[2025-07-13 15:40:24] [REPLACE] Replaced        4 instances of 🔄 with [ACTION:migration] in /Users/fareed/Documents/dev/go/bkpdir/docs/context/README.md
[2025-07-13 15:40:24] [SUCCESS] Migrated /Users/fareed/Documents/dev/go/bkpdir/docs/context/README.md with 42 changes
[2025-07-13 15:40:24] [INFO] Processing file: /Users/fareed/Documents/dev/go/bkpdir/docs/context/ai-first-configuration-refactoring-plan.md
[2025-07-13 15:40:24] [BACKUP] Created backup: /Users/fareed/Documents/dev/go/bkpdir/backup-semantic-tokens-simple-20250713-154016/ai-first-configuration-refactoring-plan.md
[2025-07-13 15:40:24] [REPLACE] Replaced        1 instances of 📝 with [ACTION:format-processing] in /Users/fareed/Documents/dev/go/bkpdir/docs/context/ai-first-configuration-refactoring-plan.md
[2025-07-13 15:40:24] [SUCCESS] Migrated /Users/fareed/Documents/dev/go/bkpdir/docs/context/ai-first-configuration-refactoring-plan.md with 1 changes
[2025-07-13 15:40:24] [INFO] Processing file: /Users/fareed/Documents/dev/go/bkpdir/docs/context/validation-automation.md
[2025-07-13 15:40:24] [BACKUP] Created backup: /Users/fareed/Documents/dev/go/bkpdir/backup-semantic-tokens-simple-20250713-154016/validation-automation.md
[2025-07-13 15:40:24] [REPLACE] Replaced        1 instances of 🔧 with [ACTION:core-functionality] in /Users/fareed/Documents/dev/go/bkpdir/docs/context/validation-automation.md
[2025-07-13 15:40:24] [REPLACE] Replaced        1 instances of 📝 with [ACTION:format-processing] in /Users/fareed/Documents/dev/go/bkpdir/docs/context/validation-automation.md
[2025-07-13 15:40:24] [REPLACE] Replaced        7 instances of 🔍 with [ACTION:discovery] in /Users/fareed/Documents/dev/go/bkpdir/docs/context/validation-automation.md
[2025-07-13 15:40:24] [REPLACE] Replaced        5 instances of 🔄 with [ACTION:migration] in /Users/fareed/Documents/dev/go/bkpdir/docs/context/validation-automation.md
[2025-07-13 15:40:24] [SUCCESS] Migrated /Users/fareed/Documents/dev/go/bkpdir/docs/context/validation-automation.md with 14 changes
[2025-07-13 15:40:24] [INFO] Processing file: /Users/fareed/Documents/dev/go/bkpdir/docs/context/implementation-decisions.md
[2025-07-13 15:40:24] [BACKUP] Created backup: /Users/fareed/Documents/dev/go/bkpdir/backup-semantic-tokens-simple-20250713-154016/implementation-decisions.md
[2025-07-13 15:40:24] [INFO] No changes needed for /Users/fareed/Documents/dev/go/bkpdir/docs/context/implementation-decisions.md
[2025-07-13 15:40:24] [INFO] Processing file: /Users/fareed/Documents/dev/go/bkpdir/docs/context/structure-optimization-analysis.md
[2025-07-13 15:40:24] [BACKUP] Created backup: /Users/fareed/Documents/dev/go/bkpdir/backup-semantic-tokens-simple-20250713-154016/structure-optimization-analysis.md
[2025-07-13 15:40:25] [REPLACE] Replaced        1 instances of 🔄 with [ACTION:migration] in /Users/fareed/Documents/dev/go/bkpdir/docs/context/structure-optimization-analysis.md
[2025-07-13 15:40:25] [SUCCESS] Migrated /Users/fareed/Documents/dev/go/bkpdir/docs/context/structure-optimization-analysis.md with 1 changes
[2025-07-13 15:40:25] [SKIP] No Unicode icons found in /Users/fareed/Documents/dev/go/bkpdir/docs/context/immutable.md
[2025-07-13 15:40:25] [INFO] Processing file: /Users/fareed/Documents/dev/go/bkpdir/docs/context/ai-assistant-protocol.md
[2025-07-13 15:40:25] [BACKUP] Created backup: /Users/fareed/Documents/dev/go/bkpdir/backup-semantic-tokens-simple-20250713-154016/ai-assistant-protocol.md
[2025-07-13 15:40:25] [REPLACE] Replaced       13 instances of ⭐ with [CRITICAL] in /Users/fareed/Documents/dev/go/bkpdir/docs/context/ai-assistant-protocol.md
[2025-07-13 15:40:25] [REPLACE] Replaced       12 instances of 🔧 with [ACTION:core-functionality] in /Users/fareed/Documents/dev/go/bkpdir/docs/context/ai-assistant-protocol.md
[2025-07-13 15:40:25] [REPLACE] Replaced       13 instances of 📝 with [ACTION:format-processing] in /Users/fareed/Documents/dev/go/bkpdir/docs/context/ai-assistant-protocol.md
[2025-07-13 15:40:25] [REPLACE] Replaced       15 instances of 🔍 with [ACTION:discovery] in /Users/fareed/Documents/dev/go/bkpdir/docs/context/ai-assistant-protocol.md
[2025-07-13 15:40:25] [REPLACE] Replaced        9 instances of 🛡️ with [ACTION:validation] in /Users/fareed/Documents/dev/go/bkpdir/docs/context/ai-assistant-protocol.md
[2025-07-13 15:40:25] [REPLACE] Replaced        3 instances of 🔄 with [ACTION:migration] in /Users/fareed/Documents/dev/go/bkpdir/docs/context/ai-assistant-protocol.md
[2025-07-13 15:40:25] [SUCCESS] Migrated /Users/fareed/Documents/dev/go/bkpdir/docs/context/ai-assistant-protocol.md with 65 changes
[2025-07-13 15:40:25] [INFO] Processing file: /Users/fareed/Documents/dev/go/bkpdir/docs/context/ai-first-refactoring-priority-summary.md
[2025-07-13 15:40:25] [BACKUP] Created backup: /Users/fareed/Documents/dev/go/bkpdir/backup-semantic-tokens-simple-20250713-154016/ai-first-refactoring-priority-summary.md
[2025-07-13 15:40:25] [REPLACE] Replaced        2 instances of ⭐ with [CRITICAL] in /Users/fareed/Documents/dev/go/bkpdir/docs/context/ai-first-refactoring-priority-summary.md
[2025-07-13 15:40:25] [REPLACE] Replaced        1 instances of 🔧 with [ACTION:core-functionality] in /Users/fareed/Documents/dev/go/bkpdir/docs/context/ai-first-refactoring-priority-summary.md
[2025-07-13 15:40:25] [REPLACE] Replaced        1 instances of 📝 with [ACTION:format-processing] in /Users/fareed/Documents/dev/go/bkpdir/docs/context/ai-first-refactoring-priority-summary.md
[2025-07-13 15:40:25] [SUCCESS] Migrated /Users/fareed/Documents/dev/go/bkpdir/docs/context/ai-first-refactoring-priority-summary.md with 4 changes
[2025-07-13 15:40:25] [SKIP] No Unicode icons found in /Users/fareed/Documents/dev/go/bkpdir/docs/context/change-rejection-criteria.md
[2025-07-13 15:40:25] [SKIP] No Unicode icons found in /Users/fareed/Documents/dev/go/bkpdir/docs/context/cross-reference-template.md
[2025-07-13 15:40:25] [SKIP] No Unicode icons found in /Users/fareed/Documents/dev/go/bkpdir/docs/context/enforcement-mechanisms.md
[2025-07-13 15:40:25] [INFO] Processing file: /Users/fareed/Documents/dev/go/bkpdir/docs/context/unicode-to-semantic-token-mapping.md
[2025-07-13 15:40:25] [BACKUP] Created backup: /Users/fareed/Documents/dev/go/bkpdir/backup-semantic-tokens-simple-20250713-154016/unicode-to-semantic-token-mapping.md
[2025-07-13 15:40:25] [REPLACE] Replaced        2 instances of ⭐ with [CRITICAL] in /Users/fareed/Documents/dev/go/bkpdir/docs/context/unicode-to-semantic-token-mapping.md
[2025-07-13 15:40:25] [REPLACE] Replaced        7 instances of 🔺 with [HIGH] in /Users/fareed/Documents/dev/go/bkpdir/docs/context/unicode-to-semantic-token-mapping.md
[2025-07-13 15:40:25] [REPLACE] Replaced        2 instances of 🔶 with [MEDIUM] in /Users/fareed/Documents/dev/go/bkpdir/docs/context/unicode-to-semantic-token-mapping.md
[2025-07-13 15:40:25] [REPLACE] Replaced        2 instances of 🔻 with [LOW] in /Users/fareed/Documents/dev/go/bkpdir/docs/context/unicode-to-semantic-token-mapping.md
[2025-07-13 15:40:25] [REPLACE] Replaced        3 instances of 🔧 with [ACTION:core-functionality] in /Users/fareed/Documents/dev/go/bkpdir/docs/context/unicode-to-semantic-token-mapping.md
[2025-07-13 15:40:25] [REPLACE] Replaced        3 instances of 📝 with [ACTION:format-processing] in /Users/fareed/Documents/dev/go/bkpdir/docs/context/unicode-to-semantic-token-mapping.md
[2025-07-13 15:40:25] [REPLACE] Replaced        3 instances of 🔍 with [ACTION:discovery] in /Users/fareed/Documents/dev/go/bkpdir/docs/context/unicode-to-semantic-token-mapping.md
[2025-07-13 15:40:25] [REPLACE] Replaced        3 instances of 🛡️ with [ACTION:validation] in /Users/fareed/Documents/dev/go/bkpdir/docs/context/unicode-to-semantic-token-mapping.md
[2025-07-13 15:40:25] [REPLACE] Replaced        3 instances of 🔄 with [ACTION:migration] in /Users/fareed/Documents/dev/go/bkpdir/docs/context/unicode-to-semantic-token-mapping.md
[2025-07-13 15:40:25] [SUCCESS] Migrated /Users/fareed/Documents/dev/go/bkpdir/docs/context/unicode-to-semantic-token-mapping.md with 28 changes
[2025-07-13 15:40:25] [SKIP] No Unicode icons found in /Users/fareed/Documents/dev/go/bkpdir/docs/context/semantic-links-implementation.md
[2025-07-13 15:40:25] [INFO] Processing file: /Users/fareed/Documents/dev/go/bkpdir/docs/context/feature-tracking.md
[2025-07-13 15:40:25] [BACKUP] Created backup: /Users/fareed/Documents/dev/go/bkpdir/backup-semantic-tokens-simple-20250713-154016/feature-tracking.md
[2025-07-13 15:40:25] [REPLACE] Replaced      101 instances of ⭐ with [CRITICAL] in /Users/fareed/Documents/dev/go/bkpdir/docs/context/feature-tracking.md
[2025-07-13 15:40:25] [REPLACE] Replaced      106 instances of 🔺 with [HIGH] in /Users/fareed/Documents/dev/go/bkpdir/docs/context/feature-tracking.md
[2025-07-13 15:40:25] [REPLACE] Replaced       68 instances of 🔶 with [MEDIUM] in /Users/fareed/Documents/dev/go/bkpdir/docs/context/feature-tracking.md
[2025-07-13 15:40:25] [REPLACE] Replaced       36 instances of 🔻 with [LOW] in /Users/fareed/Documents/dev/go/bkpdir/docs/context/feature-tracking.md
[2025-07-13 15:40:25] [REPLACE] Replaced       64 instances of 🔧 with [ACTION:core-functionality] in /Users/fareed/Documents/dev/go/bkpdir/docs/context/feature-tracking.md
[2025-07-13 15:40:25] [REPLACE] Replaced       49 instances of 📝 with [ACTION:format-processing] in /Users/fareed/Documents/dev/go/bkpdir/docs/context/feature-tracking.md
[2025-07-13 15:40:25] [REPLACE] Replaced       15 instances of 🔍 with [ACTION:discovery] in /Users/fareed/Documents/dev/go/bkpdir/docs/context/feature-tracking.md
[2025-07-13 15:40:25] [REPLACE] Replaced        8 instances of 🛡️ with [ACTION:validation] in /Users/fareed/Documents/dev/go/bkpdir/docs/context/feature-tracking.md
[2025-07-13 15:40:25] [REPLACE] Replaced       37 instances of 🔄 with [ACTION:migration] in /Users/fareed/Documents/dev/go/bkpdir/docs/context/feature-tracking.md
[2025-07-13 15:40:25] [SUCCESS] Migrated /Users/fareed/Documents/dev/go/bkpdir/docs/context/feature-tracking.md with 484 changes
[2025-07-13 15:40:25] [SKIP] No Unicode icons found in /Users/fareed/Documents/dev/go/bkpdir/docs/context/feature-documentation-standards.md
[2025-07-13 15:40:25] [INFO] Processing file: /Users/fareed/Documents/dev/go/bkpdir/docs/context/decision-framework-usage-guide.md
[2025-07-13 15:40:25] [BACKUP] Created backup: /Users/fareed/Documents/dev/go/bkpdir/backup-semantic-tokens-simple-20250713-154016/decision-framework-usage-guide.md
[2025-07-13 15:40:25] [REPLACE] Replaced        5 instances of ⭐ with [CRITICAL] in /Users/fareed/Documents/dev/go/bkpdir/docs/context/decision-framework-usage-guide.md
[2025-07-13 15:40:25] [REPLACE] Replaced        4 instances of 🔺 with [HIGH] in /Users/fareed/Documents/dev/go/bkpdir/docs/context/decision-framework-usage-guide.md
[2025-07-13 15:40:25] [REPLACE] Replaced        2 instances of 🔶 with [MEDIUM] in /Users/fareed/Documents/dev/go/bkpdir/docs/context/decision-framework-usage-guide.md
[2025-07-13 15:40:25] [REPLACE] Replaced        5 instances of 🔧 with [ACTION:core-functionality] in /Users/fareed/Documents/dev/go/bkpdir/docs/context/decision-framework-usage-guide.md
[2025-07-13 15:40:25] [REPLACE] Replaced        5 instances of 📝 with [ACTION:format-processing] in /Users/fareed/Documents/dev/go/bkpdir/docs/context/decision-framework-usage-guide.md
[2025-07-13 15:40:25] [REPLACE] Replaced        8 instances of 🛡️ with [ACTION:validation] in /Users/fareed/Documents/dev/go/bkpdir/docs/context/decision-framework-usage-guide.md
[2025-07-13 15:40:25] [REPLACE] Replaced        2 instances of 🔄 with [ACTION:migration] in /Users/fareed/Documents/dev/go/bkpdir/docs/context/decision-framework-usage-guide.md
[2025-07-13 15:40:25] [SUCCESS] Migrated /Users/fareed/Documents/dev/go/bkpdir/docs/context/decision-framework-usage-guide.md with 31 changes
[2025-07-13 15:40:25] [SKIP] No Unicode icons found in /Users/fareed/Documents/dev/go/bkpdir/docs/context/context-file-responsibilities.md
[2025-07-13 15:40:25] [SKIP] No Unicode icons found in /Users/fareed/Documents/dev/go/bkpdir/docs/context/enhanced-traceability.md
[2025-07-13 15:40:25] [INFO] Processing file: /Users/fareed/Documents/dev/go/bkpdir/docs/context/ai-first-error-handling-refactoring-plan.md
[2025-07-13 15:40:25] [BACKUP] Created backup: /Users/fareed/Documents/dev/go/bkpdir/backup-semantic-tokens-simple-20250713-154016/ai-first-error-handling-refactoring-plan.md
[2025-07-13 15:40:25] [REPLACE] Replaced        1 instances of 📝 with [ACTION:format-processing] in /Users/fareed/Documents/dev/go/bkpdir/docs/context/ai-first-error-handling-refactoring-plan.md
[2025-07-13 15:40:25] [SUCCESS] Migrated /Users/fareed/Documents/dev/go/bkpdir/docs/context/ai-first-error-handling-refactoring-plan.md with 1 changes
[2025-07-13 15:40:25] [SKIP] No Unicode icons found in /Users/fareed/Documents/dev/go/bkpdir/docs/context/icon-validation-enforcement.md
[2025-07-13 15:40:25] [SKIP] No Unicode icons found in /Users/fareed/Documents/dev/go/bkpdir/docs/validation-reports/semantic-token-validation-report-20250713_092636.md
[2025-07-13 15:40:25] [SKIP] No Unicode icons found in /Users/fareed/Documents/dev/go/bkpdir/docs/validation-reports/token-traceability-report.md
[2025-07-13 15:40:25] [SKIP] No Unicode icons found in /Users/fareed/Documents/dev/go/bkpdir/docs/validation-reports/semantic-token-validation-report-20250713_092234.md
[2025-07-13 15:40:25] [SKIP] No Unicode icons found in /Users/fareed/Documents/dev/go/bkpdir/docs/validation-reports/semantic-token-validation-report-20250713_092247.md
[2025-07-13 15:40:25] [INFO] Processing file: /Users/fareed/Documents/dev/go/bkpdir/docs/validation-reports/icon-validation-report.md
[2025-07-13 15:40:25] [BACKUP] Created backup: /Users/fareed/Documents/dev/go/bkpdir/backup-semantic-tokens-simple-20250713-154016/icon-validation-report.md
[2025-07-13 15:40:26] [REPLACE] Replaced        1 instances of 🔧 with [ACTION:core-functionality] in /Users/fareed/Documents/dev/go/bkpdir/docs/validation-reports/icon-validation-report.md
[2025-07-13 15:40:26] [REPLACE] Replaced        1 instances of 📝 with [ACTION:format-processing] in /Users/fareed/Documents/dev/go/bkpdir/docs/validation-reports/icon-validation-report.md
[2025-07-13 15:40:26] [REPLACE] Replaced        1 instances of 🔍 with [ACTION:discovery] in /Users/fareed/Documents/dev/go/bkpdir/docs/validation-reports/icon-validation-report.md
[2025-07-13 15:40:26] [REPLACE] Replaced        1 instances of 🛡️ with [ACTION:validation] in /Users/fareed/Documents/dev/go/bkpdir/docs/validation-reports/icon-validation-report.md
[2025-07-13 15:40:26] [SUCCESS] Migrated /Users/fareed/Documents/dev/go/bkpdir/docs/validation-reports/icon-validation-report.md with 4 changes
[2025-07-13 15:40:26] [INFO] Processing file: /Users/fareed/Documents/dev/go/bkpdir/docs/validation-reports/decision-context-validation-report.md
[2025-07-13 15:40:26] [BACKUP] Created backup: /Users/fareed/Documents/dev/go/bkpdir/backup-semantic-tokens-simple-20250713-154016/decision-context-validation-report.md
[2025-07-13 15:40:26] [REPLACE] Replaced        1 instances of ⭐ with [CRITICAL] in /Users/fareed/Documents/dev/go/bkpdir/docs/validation-reports/decision-context-validation-report.md
[2025-07-13 15:40:26] [REPLACE] Replaced        1 instances of 🔺 with [HIGH] in /Users/fareed/Documents/dev/go/bkpdir/docs/validation-reports/decision-context-validation-report.md
[2025-07-13 15:40:26] [REPLACE] Replaced        1 instances of 🔶 with [MEDIUM] in /Users/fareed/Documents/dev/go/bkpdir/docs/validation-reports/decision-context-validation-report.md
[2025-07-13 15:40:26] [REPLACE] Replaced        1 instances of 🔧 with [ACTION:core-functionality] in /Users/fareed/Documents/dev/go/bkpdir/docs/validation-reports/decision-context-validation-report.md
[2025-07-13 15:40:26] [REPLACE] Replaced        1 instances of 🔍 with [ACTION:discovery] in /Users/fareed/Documents/dev/go/bkpdir/docs/validation-reports/decision-context-validation-report.md
[2025-07-13 15:40:26] [SUCCESS] Migrated /Users/fareed/Documents/dev/go/bkpdir/docs/validation-reports/decision-context-validation-report.md with 5 changes
[2025-07-13 15:40:26] [INFO] Processing file: /Users/fareed/Documents/dev/go/bkpdir/docs/validation-reports/decision-framework-validation-report.md
[2025-07-13 15:40:26] [BACKUP] Created backup: /Users/fareed/Documents/dev/go/bkpdir/backup-semantic-tokens-simple-20250713-154016/decision-framework-validation-report.md
[2025-07-13 15:40:26] [REPLACE] Replaced        1 instances of 🔧 with [ACTION:core-functionality] in /Users/fareed/Documents/dev/go/bkpdir/docs/validation-reports/decision-framework-validation-report.md
[2025-07-13 15:40:26] [REPLACE] Replaced        1 instances of 🔍 with [ACTION:discovery] in /Users/fareed/Documents/dev/go/bkpdir/docs/validation-reports/decision-framework-validation-report.md
[2025-07-13 15:40:26] [REPLACE] Replaced        1 instances of 🔄 with [ACTION:migration] in /Users/fareed/Documents/dev/go/bkpdir/docs/validation-reports/decision-framework-validation-report.md
[2025-07-13 15:40:26] [SUCCESS] Migrated /Users/fareed/Documents/dev/go/bkpdir/docs/validation-reports/decision-framework-validation-report.md with 3 changes
[2025-07-13 15:40:26] [INFO] Processing file: /Users/fareed/Documents/dev/go/bkpdir/docs/configuration-troubleshooting.md
[2025-07-13 15:40:26] [BACKUP] Created backup: /Users/fareed/Documents/dev/go/bkpdir/backup-semantic-tokens-simple-20250713-154016/configuration-troubleshooting.md
[2025-07-13 15:40:26] [REPLACE] Replaced        1 instances of 🔻 with [LOW] in /Users/fareed/Documents/dev/go/bkpdir/docs/configuration-troubleshooting.md
[2025-07-13 15:40:26] [REPLACE] Replaced        1 instances of 🔧 with [ACTION:core-functionality] in /Users/fareed/Documents/dev/go/bkpdir/docs/configuration-troubleshooting.md
[2025-07-13 15:40:26] [REPLACE] Replaced        2 instances of 📝 with [ACTION:format-processing] in /Users/fareed/Documents/dev/go/bkpdir/docs/configuration-troubleshooting.md
[2025-07-13 15:40:26] [REPLACE] Replaced        1 instances of 🔍 with [ACTION:discovery] in /Users/fareed/Documents/dev/go/bkpdir/docs/configuration-troubleshooting.md
[2025-07-13 15:40:26] [REPLACE] Replaced        1 instances of 🛠️ with [ACTION:maintenance] in /Users/fareed/Documents/dev/go/bkpdir/docs/configuration-troubleshooting.md
[2025-07-13 15:40:26] [SUCCESS] Migrated /Users/fareed/Documents/dev/go/bkpdir/docs/configuration-troubleshooting.md with 6 changes
[2025-07-13 15:40:26] [SKIP] No Unicode icons found in /Users/fareed/Documents/dev/go/bkpdir/docs/coverage-implementation.md
[2025-07-13 15:40:26] [SKIP] No Unicode icons found in /Users/fareed/Documents/dev/go/bkpdir/docs/unicode-migration-audit-report-phase1-subtask3.md
[2025-07-13 15:40:26] [INFO] Processing file: /Users/fareed/Documents/dev/go/bkpdir/docs/unicode-migration-phase1-completion-summary.md
[2025-07-13 15:40:26] [BACKUP] Created backup: /Users/fareed/Documents/dev/go/bkpdir/backup-semantic-tokens-simple-20250713-154016/unicode-migration-phase1-completion-summary.md
[2025-07-13 15:40:26] [REPLACE] Replaced        2 instances of 🔄 with [ACTION:migration] in /Users/fareed/Documents/dev/go/bkpdir/docs/unicode-migration-phase1-completion-summary.md
[2025-07-13 15:40:26] [SUCCESS] Migrated /Users/fareed/Documents/dev/go/bkpdir/docs/unicode-migration-phase1-completion-summary.md with 2 changes
[2025-07-13 15:40:26] [INFO] Processing file: /Users/fareed/Documents/dev/go/bkpdir/docs/tiered-performance-testing-strategy.md
[2025-07-13 15:40:26] [BACKUP] Created backup: /Users/fareed/Documents/dev/go/bkpdir/backup-semantic-tokens-simple-20250713-154016/tiered-performance-testing-strategy.md
[2025-07-13 15:40:26] [REPLACE] Replaced        1 instances of 🔧 with [ACTION:core-functionality] in /Users/fareed/Documents/dev/go/bkpdir/docs/tiered-performance-testing-strategy.md
[2025-07-13 15:40:26] [REPLACE] Replaced        1 instances of 📝 with [ACTION:format-processing] in /Users/fareed/Documents/dev/go/bkpdir/docs/tiered-performance-testing-strategy.md
[2025-07-13 15:40:26] [REPLACE] Replaced        1 instances of 🔄 with [ACTION:migration] in /Users/fareed/Documents/dev/go/bkpdir/docs/tiered-performance-testing-strategy.md
[2025-07-13 15:40:26] [SUCCESS] Migrated /Users/fareed/Documents/dev/go/bkpdir/docs/tiered-performance-testing-strategy.md with 3 changes
[2025-07-13 15:40:26] [INFO] Processing file: /Users/fareed/Documents/dev/go/bkpdir/docs/semantic-token-system-requirements.md
[2025-07-13 15:40:26] [BACKUP] Created backup: /Users/fareed/Documents/dev/go/bkpdir/backup-semantic-tokens-simple-20250713-154016/semantic-token-system-requirements.md
[2025-07-13 15:40:26] [REPLACE] Replaced        1 instances of ⭐ with [CRITICAL] in /Users/fareed/Documents/dev/go/bkpdir/docs/semantic-token-system-requirements.md
[2025-07-13 15:40:26] [REPLACE] Replaced        1 instances of 🔧 with [ACTION:core-functionality] in /Users/fareed/Documents/dev/go/bkpdir/docs/semantic-token-system-requirements.md
[2025-07-13 15:40:26] [SUCCESS] Migrated /Users/fareed/Documents/dev/go/bkpdir/docs/semantic-token-system-requirements.md with 2 changes
[2025-07-13 15:40:26] [INFO] Processing file: /Users/fareed/Documents/dev/go/bkpdir/docs/migration-guide.md
[2025-07-13 15:40:26] [BACKUP] Created backup: /Users/fareed/Documents/dev/go/bkpdir/backup-semantic-tokens-simple-20250713-154016/migration-guide.md
[2025-07-13 15:40:26] [REPLACE] Replaced        3 instances of 🔶 with [MEDIUM] in /Users/fareed/Documents/dev/go/bkpdir/docs/migration-guide.md
[2025-07-13 15:40:26] [REPLACE] Replaced       12 instances of 🔧 with [ACTION:core-functionality] in /Users/fareed/Documents/dev/go/bkpdir/docs/migration-guide.md
[2025-07-13 15:40:26] [REPLACE] Replaced        1 instances of 📝 with [ACTION:format-processing] in /Users/fareed/Documents/dev/go/bkpdir/docs/migration-guide.md
[2025-07-13 15:40:26] [REPLACE] Replaced        4 instances of 🔍 with [ACTION:discovery] in /Users/fareed/Documents/dev/go/bkpdir/docs/migration-guide.md
[2025-07-13 15:40:26] [REPLACE] Replaced        1 instances of 🛠️ with [ACTION:maintenance] in /Users/fareed/Documents/dev/go/bkpdir/docs/migration-guide.md
[2025-07-13 15:40:26] [REPLACE] Replaced        1 instances of 🛡️ with [ACTION:validation] in /Users/fareed/Documents/dev/go/bkpdir/docs/migration-guide.md
[2025-07-13 15:40:26] [REPLACE] Replaced        3 instances of 🔄 with [ACTION:migration] in /Users/fareed/Documents/dev/go/bkpdir/docs/migration-guide.md
[2025-07-13 15:40:26] [SUCCESS] Migrated /Users/fareed/Documents/dev/go/bkpdir/docs/migration-guide.md with 25 changes
[2025-07-13 15:40:26] [INFO] Processing file: /Users/fareed/Documents/dev/go/bkpdir/docs/package-reference.md
[2025-07-13 15:40:26] [BACKUP] Created backup: /Users/fareed/Documents/dev/go/bkpdir/backup-semantic-tokens-simple-20250713-154016/package-reference.md
[2025-07-13 15:40:26] [REPLACE] Replaced       12 instances of 🔺 with [HIGH] in /Users/fareed/Documents/dev/go/bkpdir/docs/package-reference.md
[2025-07-13 15:40:26] [REPLACE] Replaced        8 instances of 🔧 with [ACTION:core-functionality] in /Users/fareed/Documents/dev/go/bkpdir/docs/package-reference.md
[2025-07-13 15:40:26] [REPLACE] Replaced        1 instances of 🛡️ with [ACTION:validation] in /Users/fareed/Documents/dev/go/bkpdir/docs/package-reference.md
[2025-07-13 15:40:26] [SUCCESS] Migrated /Users/fareed/Documents/dev/go/bkpdir/docs/package-reference.md with 21 changes
[2025-07-13 15:40:26] [INFO] Processing file: /Users/fareed/Documents/dev/go/bkpdir/docs/DOC-014-subtask-6-completion-summary.md
[2025-07-13 15:40:26] [BACKUP] Created backup: /Users/fareed/Documents/dev/go/bkpdir/backup-semantic-tokens-simple-20250713-154016/DOC-014-subtask-6-completion-summary.md
[2025-07-13 15:40:27] [REPLACE] Replaced        1 instances of 🔶 with [MEDIUM] in /Users/fareed/Documents/dev/go/bkpdir/docs/DOC-014-subtask-6-completion-summary.md
[2025-07-13 15:40:27] [REPLACE] Replaced        2 instances of 🔻 with [LOW] in /Users/fareed/Documents/dev/go/bkpdir/docs/DOC-014-subtask-6-completion-summary.md
[2025-07-13 15:40:27] [REPLACE] Replaced        5 instances of 🔧 with [ACTION:core-functionality] in /Users/fareed/Documents/dev/go/bkpdir/docs/DOC-014-subtask-6-completion-summary.md
[2025-07-13 15:40:27] [SUCCESS] Migrated /Users/fareed/Documents/dev/go/bkpdir/docs/DOC-014-subtask-6-completion-summary.md with 8 changes
[2025-07-13 15:40:27] [SKIP] No Unicode icons found in /Users/fareed/Documents/dev/go/bkpdir/docs/delayed-output-usage.md
[2025-07-13 15:40:27] [INFO] Processing file: /Users/fareed/Documents/dev/go/bkpdir/docs/extract-008-subtask-3-completion.md
[2025-07-13 15:40:27] [BACKUP] Created backup: /Users/fareed/Documents/dev/go/bkpdir/backup-semantic-tokens-simple-20250713-154016/extract-008-subtask-3-completion.md
[2025-07-13 15:40:27] [REPLACE] Replaced        1 instances of ⭐ with [CRITICAL] in /Users/fareed/Documents/dev/go/bkpdir/docs/extract-008-subtask-3-completion.md
[2025-07-13 15:40:27] [REPLACE] Replaced        6 instances of 🔺 with [HIGH] in /Users/fareed/Documents/dev/go/bkpdir/docs/extract-008-subtask-3-completion.md
[2025-07-13 15:40:27] [REPLACE] Replaced        1 instances of 🔧 with [ACTION:core-functionality] in /Users/fareed/Documents/dev/go/bkpdir/docs/extract-008-subtask-3-completion.md
[2025-07-13 15:40:27] [REPLACE] Replaced        4 instances of 📝 with [ACTION:format-processing] in /Users/fareed/Documents/dev/go/bkpdir/docs/extract-008-subtask-3-completion.md
[2025-07-13 15:40:27] [REPLACE] Replaced        1 instances of 🔍 with [ACTION:discovery] in /Users/fareed/Documents/dev/go/bkpdir/docs/extract-008-subtask-3-completion.md
[2025-07-13 15:40:27] [REPLACE] Replaced        2 instances of 🛡️ with [ACTION:validation] in /Users/fareed/Documents/dev/go/bkpdir/docs/extract-008-subtask-3-completion.md
[2025-07-13 15:40:27] [REPLACE] Replaced        1 instances of 🔄 with [ACTION:migration] in /Users/fareed/Documents/dev/go/bkpdir/docs/extract-008-subtask-3-completion.md
[2025-07-13 15:40:27] [SUCCESS] Migrated /Users/fareed/Documents/dev/go/bkpdir/docs/extract-008-subtask-3-completion.md with 16 changes
[2025-07-13 15:40:27] [INFO] Processing file: /Users/fareed/Documents/dev/go/bkpdir/docs/extract-008-session-summary.md
[2025-07-13 15:40:27] [BACKUP] Created backup: /Users/fareed/Documents/dev/go/bkpdir/backup-semantic-tokens-simple-20250713-154016/extract-008-session-summary.md
[2025-07-13 15:40:27] [REPLACE] Replaced        1 instances of 🛡️ with [ACTION:validation] in /Users/fareed/Documents/dev/go/bkpdir/docs/extract-008-session-summary.md
[2025-07-13 15:40:27] [REPLACE] Replaced        1 instances of 🔄 with [ACTION:migration] in /Users/fareed/Documents/dev/go/bkpdir/docs/extract-008-session-summary.md
[2025-07-13 15:40:27] [SUCCESS] Migrated /Users/fareed/Documents/dev/go/bkpdir/docs/extract-008-session-summary.md with 2 changes
[2025-07-13 15:40:27] [INFO] Processing file: /Users/fareed/Documents/dev/go/bkpdir/docs/configuration-inspection-guide.md
[2025-07-13 15:40:27] [BACKUP] Created backup: /Users/fareed/Documents/dev/go/bkpdir/backup-semantic-tokens-simple-20250713-154016/configuration-inspection-guide.md
[2025-07-13 15:40:27] [REPLACE] Replaced        1 instances of 🔻 with [LOW] in /Users/fareed/Documents/dev/go/bkpdir/docs/configuration-inspection-guide.md
[2025-07-13 15:40:27] [REPLACE] Replaced        2 instances of 🔧 with [ACTION:core-functionality] in /Users/fareed/Documents/dev/go/bkpdir/docs/configuration-inspection-guide.md
[2025-07-13 15:40:27] [REPLACE] Replaced        2 instances of 📝 with [ACTION:format-processing] in /Users/fareed/Documents/dev/go/bkpdir/docs/configuration-inspection-guide.md
[2025-07-13 15:40:27] [REPLACE] Replaced        3 instances of 🔍 with [ACTION:discovery] in /Users/fareed/Documents/dev/go/bkpdir/docs/configuration-inspection-guide.md
[2025-07-13 15:40:27] [SUCCESS] Migrated /Users/fareed/Documents/dev/go/bkpdir/docs/configuration-inspection-guide.md with 8 changes
[2025-07-13 15:40:27] [INFO] Processing file: /Users/fareed/Documents/dev/go/bkpdir/docs/unicode-migration-week3-command-structure-plan.md
[2025-07-13 15:40:27] [BACKUP] Created backup: /Users/fareed/Documents/dev/go/bkpdir/backup-semantic-tokens-simple-20250713-154016/unicode-migration-week3-command-structure-plan.md
[2025-07-13 15:40:27] [REPLACE] Replaced        5 instances of ⭐ with [CRITICAL] in /Users/fareed/Documents/dev/go/bkpdir/docs/unicode-migration-week3-command-structure-plan.md
[2025-07-13 15:40:27] [REPLACE] Replaced        4 instances of 🔺 with [HIGH] in /Users/fareed/Documents/dev/go/bkpdir/docs/unicode-migration-week3-command-structure-plan.md
[2025-07-13 15:40:27] [REPLACE] Replaced        5 instances of 🔶 with [MEDIUM] in /Users/fareed/Documents/dev/go/bkpdir/docs/unicode-migration-week3-command-structure-plan.md
[2025-07-13 15:40:27] [REPLACE] Replaced        4 instances of 🔻 with [LOW] in /Users/fareed/Documents/dev/go/bkpdir/docs/unicode-migration-week3-command-structure-plan.md
[2025-07-13 15:40:27] [REPLACE] Replaced        2 instances of 🔧 with [ACTION:core-functionality] in /Users/fareed/Documents/dev/go/bkpdir/docs/unicode-migration-week3-command-structure-plan.md
[2025-07-13 15:40:27] [REPLACE] Replaced        1 instances of 📝 with [ACTION:format-processing] in /Users/fareed/Documents/dev/go/bkpdir/docs/unicode-migration-week3-command-structure-plan.md
[2025-07-13 15:40:27] [REPLACE] Replaced        2 instances of 🔍 with [ACTION:discovery] in /Users/fareed/Documents/dev/go/bkpdir/docs/unicode-migration-week3-command-structure-plan.md
[2025-07-13 15:40:27] [REPLACE] Replaced        1 instances of 🛡️ with [ACTION:validation] in /Users/fareed/Documents/dev/go/bkpdir/docs/unicode-migration-week3-command-structure-plan.md
[2025-07-13 15:40:27] [SUCCESS] Migrated /Users/fareed/Documents/dev/go/bkpdir/docs/unicode-migration-week3-command-structure-plan.md with 24 changes
[2025-07-13 15:40:27] [INFO] Processing file: /Users/fareed/Documents/dev/go/bkpdir/docs/config-schema-abstraction.md
[2025-07-13 15:40:27] [BACKUP] Created backup: /Users/fareed/Documents/dev/go/bkpdir/backup-semantic-tokens-simple-20250713-154016/config-schema-abstraction.md
[2025-07-13 15:40:27] [REPLACE] Replaced        3 instances of 🔻 with [LOW] in /Users/fareed/Documents/dev/go/bkpdir/docs/config-schema-abstraction.md
[2025-07-13 15:40:27] [REPLACE] Replaced        3 instances of 🔧 with [ACTION:core-functionality] in /Users/fareed/Documents/dev/go/bkpdir/docs/config-schema-abstraction.md
[2025-07-13 15:40:27] [REPLACE] Replaced        2 instances of 📝 with [ACTION:format-processing] in /Users/fareed/Documents/dev/go/bkpdir/docs/config-schema-abstraction.md
[2025-07-13 15:40:27] [REPLACE] Replaced        1 instances of 🔄 with [ACTION:migration] in /Users/fareed/Documents/dev/go/bkpdir/docs/config-schema-abstraction.md
[2025-07-13 15:40:27] [SUCCESS] Migrated /Users/fareed/Documents/dev/go/bkpdir/docs/config-schema-abstraction.md with 9 changes
[2025-07-13 15:40:27] [INFO] Processing file: /Users/fareed/Documents/dev/go/bkpdir/docs/extract-009-completion-summary.md
[2025-07-13 15:40:27] [BACKUP] Created backup: /Users/fareed/Documents/dev/go/bkpdir/backup-semantic-tokens-simple-20250713-154016/extract-009-completion-summary.md
[2025-07-13 15:40:27] [REPLACE] Replaced        2 instances of ⭐ with [CRITICAL] in /Users/fareed/Documents/dev/go/bkpdir/docs/extract-009-completion-summary.md
[2025-07-13 15:40:27] [REPLACE] Replaced        4 instances of 🔧 with [ACTION:core-functionality] in /Users/fareed/Documents/dev/go/bkpdir/docs/extract-009-completion-summary.md
[2025-07-13 15:40:27] [REPLACE] Replaced        1 instances of 🔍 with [ACTION:discovery] in /Users/fareed/Documents/dev/go/bkpdir/docs/extract-009-completion-summary.md
[2025-07-13 15:40:27] [REPLACE] Replaced        2 instances of 🔄 with [ACTION:migration] in /Users/fareed/Documents/dev/go/bkpdir/docs/extract-009-completion-summary.md
[2025-07-13 15:40:27] [SUCCESS] Migrated /Users/fareed/Documents/dev/go/bkpdir/docs/extract-009-completion-summary.md with 9 changes
[2025-07-13 15:40:27] [INFO] Processing file: /Users/fareed/Documents/dev/go/bkpdir/docs/unicode-migration-phase2-subtask2-implementation-progress.md
[2025-07-13 15:40:27] [BACKUP] Created backup: /Users/fareed/Documents/dev/go/bkpdir/backup-semantic-tokens-simple-20250713-154016/unicode-migration-phase2-subtask2-implementation-progress.md
[2025-07-13 15:40:27] [REPLACE] Replaced       11 instances of 🔄 with [ACTION:migration] in /Users/fareed/Documents/dev/go/bkpdir/docs/unicode-migration-phase2-subtask2-implementation-progress.md
[2025-07-13 15:40:27] [SUCCESS] Migrated /Users/fareed/Documents/dev/go/bkpdir/docs/unicode-migration-phase2-subtask2-implementation-progress.md with 11 changes
[2025-07-13 15:40:27] [INFO] Processing file: /Users/fareed/Documents/dev/go/bkpdir/docs/milestone-tracking-system.md
[2025-07-13 15:40:27] [BACKUP] Created backup: /Users/fareed/Documents/dev/go/bkpdir/backup-semantic-tokens-simple-20250713-154016/milestone-tracking-system.md
[2025-07-13 15:40:27] [REPLACE] Replaced        1 instances of 🔄 with [ACTION:migration] in /Users/fareed/Documents/dev/go/bkpdir/docs/milestone-tracking-system.md
[2025-07-13 15:40:27] [SUCCESS] Migrated /Users/fareed/Documents/dev/go/bkpdir/docs/milestone-tracking-system.md with 1 changes
[2025-07-13 15:40:27] [INFO] Processing file: /Users/fareed/Documents/dev/go/bkpdir/docs/build-system-fixes-implementation.md
[2025-07-13 15:40:27] [BACKUP] Created backup: /Users/fareed/Documents/dev/go/bkpdir/backup-semantic-tokens-simple-20250713-154016/build-system-fixes-implementation.md
[2025-07-13 15:40:28] [REPLACE] Replaced        3 instances of ⭐ with [CRITICAL] in /Users/fareed/Documents/dev/go/bkpdir/docs/build-system-fixes-implementation.md
[2025-07-13 15:40:28] [REPLACE] Replaced        1 instances of 🔺 with [HIGH] in /Users/fareed/Documents/dev/go/bkpdir/docs/build-system-fixes-implementation.md
[2025-07-13 15:40:28] [REPLACE] Replaced        1 instances of 🔶 with [MEDIUM] in /Users/fareed/Documents/dev/go/bkpdir/docs/build-system-fixes-implementation.md
[2025-07-13 15:40:28] [REPLACE] Replaced        1 instances of 🔻 with [LOW] in /Users/fareed/Documents/dev/go/bkpdir/docs/build-system-fixes-implementation.md
[2025-07-13 15:40:28] [REPLACE] Replaced        1 instances of 🔧 with [ACTION:core-functionality] in /Users/fareed/Documents/dev/go/bkpdir/docs/build-system-fixes-implementation.md
[2025-07-13 15:40:28] [REPLACE] Replaced        1 instances of 📝 with [ACTION:format-processing] in /Users/fareed/Documents/dev/go/bkpdir/docs/build-system-fixes-implementation.md
[2025-07-13 15:40:28] [REPLACE] Replaced        1 instances of 🔍 with [ACTION:discovery] in /Users/fareed/Documents/dev/go/bkpdir/docs/build-system-fixes-implementation.md
[2025-07-13 15:40:28] [REPLACE] Replaced        1 instances of 🛠️ with [ACTION:maintenance] in /Users/fareed/Documents/dev/go/bkpdir/docs/build-system-fixes-implementation.md
[2025-07-13 15:40:28] [REPLACE] Replaced        1 instances of 🔄 with [ACTION:migration] in /Users/fareed/Documents/dev/go/bkpdir/docs/build-system-fixes-implementation.md
[2025-07-13 15:40:28] [SUCCESS] Migrated /Users/fareed/Documents/dev/go/bkpdir/docs/build-system-fixes-implementation.md with 11 changes
[2025-07-13 15:40:28] [INFO] Processing file: /Users/fareed/Documents/dev/go/bkpdir/docs/integration-guide.md
[2025-07-13 15:40:28] [BACKUP] Created backup: /Users/fareed/Documents/dev/go/bkpdir/backup-semantic-tokens-simple-20250713-154016/integration-guide.md
[2025-07-13 15:40:28] [REPLACE] Replaced       29 instances of 🔺 with [HIGH] in /Users/fareed/Documents/dev/go/bkpdir/docs/integration-guide.md
[2025-07-13 15:40:28] [REPLACE] Replaced        1 instances of 🔧 with [ACTION:core-functionality] in /Users/fareed/Documents/dev/go/bkpdir/docs/integration-guide.md
[2025-07-13 15:40:28] [REPLACE] Replaced       29 instances of 📝 with [ACTION:format-processing] in /Users/fareed/Documents/dev/go/bkpdir/docs/integration-guide.md
[2025-07-13 15:40:28] [REPLACE] Replaced        1 instances of 🛡️ with [ACTION:validation] in /Users/fareed/Documents/dev/go/bkpdir/docs/integration-guide.md
[2025-07-13 15:40:28] [REPLACE] Replaced        2 instances of 🔄 with [ACTION:migration] in /Users/fareed/Documents/dev/go/bkpdir/docs/integration-guide.md
[2025-07-13 15:40:28] [SUCCESS] Migrated /Users/fareed/Documents/dev/go/bkpdir/docs/integration-guide.md with 62 changes
[2025-07-13 15:40:28] [INFO] Processing file: /Users/fareed/Documents/dev/go/bkpdir/docs/DOC-014-cross-reference-completion-plan.md
[2025-07-13 15:40:28] [BACKUP] Created backup: /Users/fareed/Documents/dev/go/bkpdir/backup-semantic-tokens-simple-20250713-154016/DOC-014-cross-reference-completion-plan.md
[2025-07-13 15:40:28] [REPLACE] Replaced       18 instances of ⭐ with [CRITICAL] in /Users/fareed/Documents/dev/go/bkpdir/docs/DOC-014-cross-reference-completion-plan.md
[2025-07-13 15:40:28] [SUCCESS] Migrated /Users/fareed/Documents/dev/go/bkpdir/docs/DOC-014-cross-reference-completion-plan.md with 18 changes
[2025-07-13 15:40:28] [INFO] Processing file: /Users/fareed/Documents/dev/go/bkpdir/docs/formatter-decomposition.md
[2025-07-13 15:40:28] [BACKUP] Created backup: /Users/fareed/Documents/dev/go/bkpdir/backup-semantic-tokens-simple-20250713-154016/formatter-decomposition.md
[2025-07-13 15:40:28] [INFO] No changes needed for /Users/fareed/Documents/dev/go/bkpdir/docs/formatter-decomposition.md
[2025-07-13 15:40:28] [INFO] Processing file: /Users/fareed/Documents/dev/go/bkpdir/docs/extract-008-remaining-subtasks-plan.md
[2025-07-13 15:40:28] [BACKUP] Created backup: /Users/fareed/Documents/dev/go/bkpdir/backup-semantic-tokens-simple-20250713-154016/extract-008-remaining-subtasks-plan.md
[2025-07-13 15:40:28] [REPLACE] Replaced        1 instances of ⭐ with [CRITICAL] in /Users/fareed/Documents/dev/go/bkpdir/docs/extract-008-remaining-subtasks-plan.md
[2025-07-13 15:40:28] [REPLACE] Replaced       17 instances of 🔺 with [HIGH] in /Users/fareed/Documents/dev/go/bkpdir/docs/extract-008-remaining-subtasks-plan.md
[2025-07-13 15:40:28] [REPLACE] Replaced        6 instances of 🔧 with [ACTION:core-functionality] in /Users/fareed/Documents/dev/go/bkpdir/docs/extract-008-remaining-subtasks-plan.md
[2025-07-13 15:40:28] [REPLACE] Replaced        4 instances of 📝 with [ACTION:format-processing] in /Users/fareed/Documents/dev/go/bkpdir/docs/extract-008-remaining-subtasks-plan.md
[2025-07-13 15:40:28] [REPLACE] Replaced        3 instances of 🔍 with [ACTION:discovery] in /Users/fareed/Documents/dev/go/bkpdir/docs/extract-008-remaining-subtasks-plan.md
[2025-07-13 15:40:28] [REPLACE] Replaced        1 instances of 🛠️ with [ACTION:maintenance] in /Users/fareed/Documents/dev/go/bkpdir/docs/extract-008-remaining-subtasks-plan.md
[2025-07-13 15:40:28] [REPLACE] Replaced        3 instances of 🛡️ with [ACTION:validation] in /Users/fareed/Documents/dev/go/bkpdir/docs/extract-008-remaining-subtasks-plan.md
[2025-07-13 15:40:28] [REPLACE] Replaced        2 instances of 🔄 with [ACTION:migration] in /Users/fareed/Documents/dev/go/bkpdir/docs/extract-008-remaining-subtasks-plan.md
[2025-07-13 15:40:28] [SUCCESS] Migrated /Users/fareed/Documents/dev/go/bkpdir/docs/extract-008-remaining-subtasks-plan.md with 37 changes
[2025-07-13 15:40:28] [INFO] Processing file: /Users/fareed/Documents/dev/go/bkpdir/docs/extract-008-subtask-5-completion.md
[2025-07-13 15:40:28] [BACKUP] Created backup: /Users/fareed/Documents/dev/go/bkpdir/backup-semantic-tokens-simple-20250713-154016/extract-008-subtask-5-completion.md
[2025-07-13 15:40:28] [REPLACE] Replaced        2 instances of 🔺 with [HIGH] in /Users/fareed/Documents/dev/go/bkpdir/docs/extract-008-subtask-5-completion.md
[2025-07-13 15:40:28] [REPLACE] Replaced        1 instances of 🔄 with [ACTION:migration] in /Users/fareed/Documents/dev/go/bkpdir/docs/extract-008-subtask-5-completion.md
[2025-07-13 15:40:28] [SUCCESS] Migrated /Users/fareed/Documents/dev/go/bkpdir/docs/extract-008-subtask-5-completion.md with 3 changes
[2025-07-13 15:40:28] [SKIP] No Unicode icons found in /Users/fareed/Documents/dev/go/bkpdir/docs/config-abstraction.md
[2025-07-13 15:40:28] [INFO] Processing file: /Users/fareed/Documents/dev/go/bkpdir/docs/semantic-token-migration-progress-summary.md
[2025-07-13 15:40:28] [BACKUP] Created backup: /Users/fareed/Documents/dev/go/bkpdir/backup-semantic-tokens-simple-20250713-154016/semantic-token-migration-progress-summary.md
[2025-07-13 15:40:28] [REPLACE] Replaced        4 instances of ⭐ with [CRITICAL] in /Users/fareed/Documents/dev/go/bkpdir/docs/semantic-token-migration-progress-summary.md
[2025-07-13 15:40:28] [REPLACE] Replaced        2 instances of 🔺 with [HIGH] in /Users/fareed/Documents/dev/go/bkpdir/docs/semantic-token-migration-progress-summary.md
[2025-07-13 15:40:28] [REPLACE] Replaced        1 instances of 🔶 with [MEDIUM] in /Users/fareed/Documents/dev/go/bkpdir/docs/semantic-token-migration-progress-summary.md
[2025-07-13 15:40:28] [SUCCESS] Migrated /Users/fareed/Documents/dev/go/bkpdir/docs/semantic-token-migration-progress-summary.md with 7 changes
[2025-07-13 15:40:28] [INFO] Processing file: /Users/fareed/Documents/dev/go/bkpdir/docs/extract-008-subtask-1-completion.md
[2025-07-13 15:40:28] [BACKUP] Created backup: /Users/fareed/Documents/dev/go/bkpdir/backup-semantic-tokens-simple-20250713-154016/extract-008-subtask-1-completion.md
[2025-07-13 15:40:28] [REPLACE] Replaced        1 instances of ⭐ with [CRITICAL] in /Users/fareed/Documents/dev/go/bkpdir/docs/extract-008-subtask-1-completion.md
[2025-07-13 15:40:28] [REPLACE] Replaced        1 instances of 🔄 with [ACTION:migration] in /Users/fareed/Documents/dev/go/bkpdir/docs/extract-008-subtask-1-completion.md
[2025-07-13 15:40:28] [SUCCESS] Migrated /Users/fareed/Documents/dev/go/bkpdir/docs/extract-008-subtask-1-completion.md with 2 changes
[2025-07-13 15:40:28] [INFO] Processing file: /Users/fareed/Documents/dev/go/bkpdir/docs/unicode-migration-week2-completion-summary.md
[2025-07-13 15:40:28] [BACKUP] Created backup: /Users/fareed/Documents/dev/go/bkpdir/backup-semantic-tokens-simple-20250713-154016/unicode-migration-week2-completion-summary.md
[2025-07-13 15:40:28] [REPLACE] Replaced        4 instances of 🔺 with [HIGH] in /Users/fareed/Documents/dev/go/bkpdir/docs/unicode-migration-week2-completion-summary.md
[2025-07-13 15:40:28] [REPLACE] Replaced        1 instances of 🔶 with [MEDIUM] in /Users/fareed/Documents/dev/go/bkpdir/docs/unicode-migration-week2-completion-summary.md
[2025-07-13 15:40:28] [REPLACE] Replaced        1 instances of 🔧 with [ACTION:core-functionality] in /Users/fareed/Documents/dev/go/bkpdir/docs/unicode-migration-week2-completion-summary.md
[2025-07-13 15:40:28] [REPLACE] Replaced        1 instances of 📝 with [ACTION:format-processing] in /Users/fareed/Documents/dev/go/bkpdir/docs/unicode-migration-week2-completion-summary.md
[2025-07-13 15:40:28] [REPLACE] Replaced        2 instances of 🔍 with [ACTION:discovery] in /Users/fareed/Documents/dev/go/bkpdir/docs/unicode-migration-week2-completion-summary.md
[2025-07-13 15:40:28] [REPLACE] Replaced        1 instances of 🛡️ with [ACTION:validation] in /Users/fareed/Documents/dev/go/bkpdir/docs/unicode-migration-week2-completion-summary.md
[2025-07-13 15:40:28] [SUCCESS] Migrated /Users/fareed/Documents/dev/go/bkpdir/docs/unicode-migration-week2-completion-summary.md with 10 changes
[2025-07-13 15:40:28] [INFO] Processing file: /Users/fareed/Documents/dev/go/bkpdir/docs/extraction-dependencies.md
[2025-07-13 15:40:29] [BACKUP] Created backup: /Users/fareed/Documents/dev/go/bkpdir/backup-semantic-tokens-simple-20250713-154016/extraction-dependencies.md
[2025-07-13 15:40:29] [INFO] No changes needed for /Users/fareed/Documents/dev/go/bkpdir/docs/extraction-dependencies.md
[2025-07-13 15:40:29] [INFO] Processing file: /Users/fareed/Documents/dev/go/bkpdir/docs/semantic-token-system-implementation-complete.md
[2025-07-13 15:40:29] [BACKUP] Created backup: /Users/fareed/Documents/dev/go/bkpdir/backup-semantic-tokens-simple-20250713-154016/semantic-token-system-implementation-complete.md
[2025-07-13 15:40:29] [REPLACE] Replaced        2 instances of 🔧 with [ACTION:core-functionality] in /Users/fareed/Documents/dev/go/bkpdir/docs/semantic-token-system-implementation-complete.md
[2025-07-13 15:40:29] [REPLACE] Replaced        2 instances of 🔄 with [ACTION:migration] in /Users/fareed/Documents/dev/go/bkpdir/docs/semantic-token-system-implementation-complete.md
[2025-07-13 15:40:29] [SUCCESS] Migrated /Users/fareed/Documents/dev/go/bkpdir/docs/semantic-token-system-implementation-complete.md with 4 changes
[2025-07-13 15:40:29] [INFO] Processing file: /Users/fareed/Documents/dev/go/bkpdir/docs/extract-007-final-analysis.md
[2025-07-13 15:40:29] [BACKUP] Created backup: /Users/fareed/Documents/dev/go/bkpdir/backup-semantic-tokens-simple-20250713-154016/extract-007-final-analysis.md
[2025-07-13 15:40:29] [REPLACE] Replaced        4 instances of ⭐ with [CRITICAL] in /Users/fareed/Documents/dev/go/bkpdir/docs/extract-007-final-analysis.md
[2025-07-13 15:40:29] [REPLACE] Replaced        1 instances of 🔧 with [ACTION:core-functionality] in /Users/fareed/Documents/dev/go/bkpdir/docs/extract-007-final-analysis.md
[2025-07-13 15:40:29] [REPLACE] Replaced        2 instances of 📝 with [ACTION:format-processing] in /Users/fareed/Documents/dev/go/bkpdir/docs/extract-007-final-analysis.md
[2025-07-13 15:40:29] [REPLACE] Replaced        2 instances of 🔍 with [ACTION:discovery] in /Users/fareed/Documents/dev/go/bkpdir/docs/extract-007-final-analysis.md
[2025-07-13 15:40:29] [REPLACE] Replaced        1 instances of 🛡️ with [ACTION:validation] in /Users/fareed/Documents/dev/go/bkpdir/docs/extract-007-final-analysis.md
[2025-07-13 15:40:29] [SUCCESS] Migrated /Users/fareed/Documents/dev/go/bkpdir/docs/extract-007-final-analysis.md with 10 changes
[2025-07-13 15:40:29] [INFO] Processing file: /Users/fareed/Documents/dev/go/bkpdir/docs/unicode-migration-phase2-subtask2-token-implementation-plan.md
[2025-07-13 15:40:29] [BACKUP] Created backup: /Users/fareed/Documents/dev/go/bkpdir/backup-semantic-tokens-simple-20250713-154016/unicode-migration-phase2-subtask2-token-implementation-plan.md
[2025-07-13 15:40:29] [REPLACE] Replaced        1 instances of 🔄 with [ACTION:migration] in /Users/fareed/Documents/dev/go/bkpdir/docs/unicode-migration-phase2-subtask2-token-implementation-plan.md
[2025-07-13 15:40:29] [SUCCESS] Migrated /Users/fareed/Documents/dev/go/bkpdir/docs/unicode-migration-phase2-subtask2-token-implementation-plan.md with 1 changes
[2025-07-13 15:40:29] [INFO] Processing file: /Users/fareed/Documents/dev/go/bkpdir/docs/unicode-migration-phase2-subtask3-token-implementation.md
[2025-07-13 15:40:29] [BACKUP] Created backup: /Users/fareed/Documents/dev/go/bkpdir/backup-semantic-tokens-simple-20250713-154016/unicode-migration-phase2-subtask3-token-implementation.md
[2025-07-13 15:40:29] [REPLACE] Replaced        2 instances of 🔄 with [ACTION:migration] in /Users/fareed/Documents/dev/go/bkpdir/docs/unicode-migration-phase2-subtask3-token-implementation.md
[2025-07-13 15:40:29] [SUCCESS] Migrated /Users/fareed/Documents/dev/go/bkpdir/docs/unicode-migration-phase2-subtask3-token-implementation.md with 2 changes
[2025-07-13 15:40:29] [SKIP] No Unicode icons found in /Users/fareed/Documents/dev/go/bkpdir/docs/coverage-baseline.md
[2025-07-13 15:40:29] [INFO] Processing file: /Users/fareed/Documents/dev/go/bkpdir/docs/DOC-014-subtask-5-working-plan.md
[2025-07-13 15:40:29] [BACKUP] Created backup: /Users/fareed/Documents/dev/go/bkpdir/backup-semantic-tokens-simple-20250713-154016/DOC-014-subtask-5-working-plan.md
[2025-07-13 15:40:29] [REPLACE] Replaced        1 instances of ⭐ with [CRITICAL] in /Users/fareed/Documents/dev/go/bkpdir/docs/DOC-014-subtask-5-working-plan.md
[2025-07-13 15:40:29] [REPLACE] Replaced        3 instances of 🔺 with [HIGH] in /Users/fareed/Documents/dev/go/bkpdir/docs/DOC-014-subtask-5-working-plan.md
[2025-07-13 15:40:29] [REPLACE] Replaced        2 instances of 🔶 with [MEDIUM] in /Users/fareed/Documents/dev/go/bkpdir/docs/DOC-014-subtask-5-working-plan.md
[2025-07-13 15:40:29] [REPLACE] Replaced        2 instances of 🔧 with [ACTION:core-functionality] in /Users/fareed/Documents/dev/go/bkpdir/docs/DOC-014-subtask-5-working-plan.md
[2025-07-13 15:40:29] [SUCCESS] Migrated /Users/fareed/Documents/dev/go/bkpdir/docs/DOC-014-subtask-5-working-plan.md with 8 changes
[2025-07-13 15:40:29] [INFO] Processing file: /Users/fareed/Documents/dev/go/bkpdir/docs/unicode-migration-phase2-subtask1-missing-token-inventory.md
[2025-07-13 15:40:29] [BACKUP] Created backup: /Users/fareed/Documents/dev/go/bkpdir/backup-semantic-tokens-simple-20250713-154016/unicode-migration-phase2-subtask1-missing-token-inventory.md
[2025-07-13 15:40:29] [REPLACE] Replaced        1 instances of 🔄 with [ACTION:migration] in /Users/fareed/Documents/dev/go/bkpdir/docs/unicode-migration-phase2-subtask1-missing-token-inventory.md
[2025-07-13 15:40:29] [SUCCESS] Migrated /Users/fareed/Documents/dev/go/bkpdir/docs/unicode-migration-phase2-subtask1-missing-token-inventory.md with 1 changes
[2025-07-13 15:40:29] [INFO] Processing file: /Users/fareed/Documents/dev/go/bkpdir/docs/examples/basic-cli-app/config.yaml
[2025-07-13 15:40:29] [BACKUP] Created backup: /Users/fareed/Documents/dev/go/bkpdir/backup-semantic-tokens-simple-20250713-154016/config.yaml
[2025-07-13 15:40:29] [REPLACE] Replaced        1 instances of 🔺 with [HIGH] in /Users/fareed/Documents/dev/go/bkpdir/docs/examples/basic-cli-app/config.yaml
[2025-07-13 15:40:29] [SUCCESS] Migrated /Users/fareed/Documents/dev/go/bkpdir/docs/examples/basic-cli-app/config.yaml with 1 changes
[2025-07-13 15:40:29] [INFO] Processing file: /Users/fareed/Documents/dev/go/bkpdir/docs/examples/basic-cli-app/README.md
[2025-07-13 15:40:29] [BACKUP] Created backup: /Users/fareed/Documents/dev/go/bkpdir/backup-semantic-tokens-simple-20250713-154016/README.md
[2025-07-13 15:40:29] [REPLACE] Replaced        1 instances of 🔺 with [HIGH] in /Users/fareed/Documents/dev/go/bkpdir/docs/examples/basic-cli-app/README.md
[2025-07-13 15:40:29] [SUCCESS] Migrated /Users/fareed/Documents/dev/go/bkpdir/docs/examples/basic-cli-app/README.md with 1 changes
[2025-07-13 15:40:29] [SKIP] No Unicode icons found in /Users/fareed/Documents/dev/go/bkpdir/docs/examples/basic-cli-app/example-code/main.go
[2025-07-13 15:40:29] [INFO] Processing file: /Users/fareed/Documents/dev/go/bkpdir/docs/examples/README.md
[2025-07-13 15:40:29] [BACKUP] Created backup: /Users/fareed/Documents/dev/go/bkpdir/backup-semantic-tokens-simple-20250713-154016/README.md
[2025-07-13 15:40:29] [REPLACE] Replaced        1 instances of 🔺 with [HIGH] in /Users/fareed/Documents/dev/go/bkpdir/docs/examples/README.md
[2025-07-13 15:40:29] [SUCCESS] Migrated /Users/fareed/Documents/dev/go/bkpdir/docs/examples/README.md with 1 changes
[2025-07-13 15:40:29] [INFO] Processing file: /Users/fareed/Documents/dev/go/bkpdir/docs/integration-documentation-working-plan.md
[2025-07-13 15:40:29] [BACKUP] Created backup: /Users/fareed/Documents/dev/go/bkpdir/backup-semantic-tokens-simple-20250713-154016/integration-documentation-working-plan.md
[2025-07-13 15:40:29] [REPLACE] Replaced        1 instances of ⭐ with [CRITICAL] in /Users/fareed/Documents/dev/go/bkpdir/docs/integration-documentation-working-plan.md
[2025-07-13 15:40:29] [REPLACE] Replaced        5 instances of 🔺 with [HIGH] in /Users/fareed/Documents/dev/go/bkpdir/docs/integration-documentation-working-plan.md
[2025-07-13 15:40:29] [REPLACE] Replaced        1 instances of 🔧 with [ACTION:core-functionality] in /Users/fareed/Documents/dev/go/bkpdir/docs/integration-documentation-working-plan.md
[2025-07-13 15:40:29] [REPLACE] Replaced        2 instances of 📝 with [ACTION:format-processing] in /Users/fareed/Documents/dev/go/bkpdir/docs/integration-documentation-working-plan.md
[2025-07-13 15:40:29] [REPLACE] Replaced        1 instances of 🔍 with [ACTION:discovery] in /Users/fareed/Documents/dev/go/bkpdir/docs/integration-documentation-working-plan.md
[2025-07-13 15:40:29] [REPLACE] Replaced        2 instances of 🛡️ with [ACTION:validation] in /Users/fareed/Documents/dev/go/bkpdir/docs/integration-documentation-working-plan.md
[2025-07-13 15:40:29] [SUCCESS] Migrated /Users/fareed/Documents/dev/go/bkpdir/docs/integration-documentation-working-plan.md with 12 changes
[2025-07-13 15:40:29] [INFO] Processing file: /Users/fareed/Documents/dev/go/bkpdir/docs/configuration-examples.md
[2025-07-13 15:40:29] [BACKUP] Created backup: /Users/fareed/Documents/dev/go/bkpdir/backup-semantic-tokens-simple-20250713-154016/configuration-examples.md
[2025-07-13 15:40:30] [REPLACE] Replaced        1 instances of 🔻 with [LOW] in /Users/fareed/Documents/dev/go/bkpdir/docs/configuration-examples.md
[2025-07-13 15:40:30] [REPLACE] Replaced        2 instances of 🔧 with [ACTION:core-functionality] in /Users/fareed/Documents/dev/go/bkpdir/docs/configuration-examples.md
[2025-07-13 15:40:30] [REPLACE] Replaced        2 instances of 📝 with [ACTION:format-processing] in /Users/fareed/Documents/dev/go/bkpdir/docs/configuration-examples.md
[2025-07-13 15:40:30] [REPLACE] Replaced        3 instances of 🔍 with [ACTION:discovery] in /Users/fareed/Documents/dev/go/bkpdir/docs/configuration-examples.md
[2025-07-13 15:40:30] [REPLACE] Replaced        2 instances of 🛠️ with [ACTION:maintenance] in /Users/fareed/Documents/dev/go/bkpdir/docs/configuration-examples.md
[2025-07-13 15:40:30] [SUCCESS] Migrated /Users/fareed/Documents/dev/go/bkpdir/docs/configuration-examples.md with 10 changes
[2025-07-13 15:40:30] [INFO] Processing file: /Users/fareed/Documents/dev/go/bkpdir/docs/ai-first-token-system-proposal.md
[2025-07-13 15:40:30] [BACKUP] Created backup: /Users/fareed/Documents/dev/go/bkpdir/backup-semantic-tokens-simple-20250713-154016/ai-first-token-system-proposal.md
[2025-07-13 15:40:30] [REPLACE] Replaced        2 instances of ⭐ with [CRITICAL] in /Users/fareed/Documents/dev/go/bkpdir/docs/ai-first-token-system-proposal.md
[2025-07-13 15:40:30] [REPLACE] Replaced        2 instances of 🔧 with [ACTION:core-functionality] in /Users/fareed/Documents/dev/go/bkpdir/docs/ai-first-token-system-proposal.md
[2025-07-13 15:40:30] [REPLACE] Replaced        1 instances of 🔍 with [ACTION:discovery] in /Users/fareed/Documents/dev/go/bkpdir/docs/ai-first-token-system-proposal.md
[2025-07-13 15:40:30] [SUCCESS] Migrated /Users/fareed/Documents/dev/go/bkpdir/docs/ai-first-token-system-proposal.md with 5 changes
[2025-07-13 15:40:30] [INFO] Processing file: /Users/fareed/Documents/dev/go/bkpdir/docs/task-config-template-working-plan.md
[2025-07-13 15:40:30] [BACKUP] Created backup: /Users/fareed/Documents/dev/go/bkpdir/backup-semantic-tokens-simple-20250713-154016/task-config-template-working-plan.md
[2025-07-13 15:40:30] [REPLACE] Replaced        2 instances of 🔧 with [ACTION:core-functionality] in /Users/fareed/Documents/dev/go/bkpdir/docs/task-config-template-working-plan.md
[2025-07-13 15:40:30] [REPLACE] Replaced        1 instances of 📝 with [ACTION:format-processing] in /Users/fareed/Documents/dev/go/bkpdir/docs/task-config-template-working-plan.md
[2025-07-13 15:40:30] [REPLACE] Replaced        2 instances of 🔍 with [ACTION:discovery] in /Users/fareed/Documents/dev/go/bkpdir/docs/task-config-template-working-plan.md
[2025-07-13 15:40:30] [REPLACE] Replaced        1 instances of 🛡️ with [ACTION:validation] in /Users/fareed/Documents/dev/go/bkpdir/docs/task-config-template-working-plan.md
[2025-07-13 15:40:30] [SUCCESS] Migrated /Users/fareed/Documents/dev/go/bkpdir/docs/task-config-template-working-plan.md with 6 changes
[2025-07-13 15:40:30] [INFO] Processing file: /Users/fareed/Documents/dev/go/bkpdir/docs/extract-008-cli-template-plan.md
[2025-07-13 15:40:30] [BACKUP] Created backup: /Users/fareed/Documents/dev/go/bkpdir/backup-semantic-tokens-simple-20250713-154016/extract-008-cli-template-plan.md
[2025-07-13 15:40:30] [REPLACE] Replaced        1 instances of ⭐ with [CRITICAL] in /Users/fareed/Documents/dev/go/bkpdir/docs/extract-008-cli-template-plan.md
[2025-07-13 15:40:30] [REPLACE] Replaced        4 instances of 🔺 with [HIGH] in /Users/fareed/Documents/dev/go/bkpdir/docs/extract-008-cli-template-plan.md
[2025-07-13 15:40:30] [REPLACE] Replaced        1 instances of 🔧 with [ACTION:core-functionality] in /Users/fareed/Documents/dev/go/bkpdir/docs/extract-008-cli-template-plan.md
[2025-07-13 15:40:30] [REPLACE] Replaced        2 instances of 📝 with [ACTION:format-processing] in /Users/fareed/Documents/dev/go/bkpdir/docs/extract-008-cli-template-plan.md
[2025-07-13 15:40:30] [REPLACE] Replaced        1 instances of 🔍 with [ACTION:discovery] in /Users/fareed/Documents/dev/go/bkpdir/docs/extract-008-cli-template-plan.md
[2025-07-13 15:40:30] [REPLACE] Replaced        1 instances of 🛠️ with [ACTION:maintenance] in /Users/fareed/Documents/dev/go/bkpdir/docs/extract-008-cli-template-plan.md
[2025-07-13 15:40:30] [REPLACE] Replaced        1 instances of 🔄 with [ACTION:migration] in /Users/fareed/Documents/dev/go/bkpdir/docs/extract-008-cli-template-plan.md
[2025-07-13 15:40:30] [SUCCESS] Migrated /Users/fareed/Documents/dev/go/bkpdir/docs/extract-008-cli-template-plan.md with 11 changes
[2025-07-13 15:40:30] [SKIP] No Unicode icons found in /Users/fareed/Documents/dev/go/bkpdir/docs/prompts/fix.md
[2025-07-13 15:40:30] [SKIP] No Unicode icons found in /Users/fareed/Documents/dev/go/bkpdir/docs/prompts/document-completed-task.md
[2025-07-13 15:40:30] [SKIP] No Unicode icons found in /Users/fareed/Documents/dev/go/bkpdir/docs/prompts/repetition.md
[2025-07-13 15:40:30] [SKIP] No Unicode icons found in /Users/fareed/Documents/dev/go/bkpdir/docs/prompts/import-bkpfile.md
[2025-07-13 15:40:30] [SKIP] No Unicode icons found in /Users/fareed/Documents/dev/go/bkpdir/docs/prompts/context-documents.md
[2025-07-13 15:40:30] [INFO] Processing file: /Users/fareed/Documents/dev/go/bkpdir/docs/prompts/next-task.md
[2025-07-13 15:40:30] [BACKUP] Created backup: /Users/fareed/Documents/dev/go/bkpdir/backup-semantic-tokens-simple-20250713-154016/next-task.md
[2025-07-13 15:40:30] [REPLACE] Replaced        1 instances of 🔧 with [ACTION:core-functionality] in /Users/fareed/Documents/dev/go/bkpdir/docs/prompts/next-task.md
[2025-07-13 15:40:30] [REPLACE] Replaced        1 instances of 🔄 with [ACTION:migration] in /Users/fareed/Documents/dev/go/bkpdir/docs/prompts/next-task.md
[2025-07-13 15:40:30] [SUCCESS] Migrated /Users/fareed/Documents/dev/go/bkpdir/docs/prompts/next-task.md with 2 changes
[2025-07-13 15:40:30] [SKIP] No Unicode icons found in /Users/fareed/Documents/dev/go/bkpdir/docs/prompts/adhoc-new-task.md
[2025-07-13 15:40:30] [SKIP] No Unicode icons found in /Users/fareed/Documents/dev/go/bkpdir/docs/prompts/add-task.md
[2025-07-13 15:40:30] [SKIP] No Unicode icons found in /Users/fareed/Documents/dev/go/bkpdir/docs/prompts/existing-task.md
[2025-07-13 15:40:30] [INFO] Processing file: /Users/fareed/Documents/dev/go/bkpdir/docs/prompts/features.md
[2025-07-13 15:40:30] [BACKUP] Created backup: /Users/fareed/Documents/dev/go/bkpdir/backup-semantic-tokens-simple-20250713-154016/features.md
[2025-07-13 15:40:30] [REPLACE] Replaced        3 instances of 🔺 with [HIGH] in /Users/fareed/Documents/dev/go/bkpdir/docs/prompts/features.md
[2025-07-13 15:40:30] [REPLACE] Replaced        3 instances of 🔶 with [MEDIUM] in /Users/fareed/Documents/dev/go/bkpdir/docs/prompts/features.md
[2025-07-13 15:40:30] [SUCCESS] Migrated /Users/fareed/Documents/dev/go/bkpdir/docs/prompts/features.md with 6 changes
[2025-07-13 15:40:30] [SKIP] No Unicode icons found in /Users/fareed/Documents/dev/go/bkpdir/docs/prompts/format-strings.md
[2025-07-13 15:40:30] [SKIP] No Unicode icons found in /Users/fareed/Documents/dev/go/bkpdir/docs/prompts/continue-task.md
[2025-07-13 15:40:30] [INFO] Processing file: /Users/fareed/Documents/dev/go/bkpdir/docs/extract-008-subtask-2-completion.md
[2025-07-13 15:40:30] [BACKUP] Created backup: /Users/fareed/Documents/dev/go/bkpdir/backup-semantic-tokens-simple-20250713-154016/extract-008-subtask-2-completion.md
[2025-07-13 15:40:30] [REPLACE] Replaced        9 instances of 🔺 with [HIGH] in /Users/fareed/Documents/dev/go/bkpdir/docs/extract-008-subtask-2-completion.md
[2025-07-13 15:40:30] [REPLACE] Replaced        4 instances of 🔧 with [ACTION:core-functionality] in /Users/fareed/Documents/dev/go/bkpdir/docs/extract-008-subtask-2-completion.md
[2025-07-13 15:40:30] [REPLACE] Replaced        4 instances of 📝 with [ACTION:format-processing] in /Users/fareed/Documents/dev/go/bkpdir/docs/extract-008-subtask-2-completion.md
[2025-07-13 15:40:30] [REPLACE] Replaced        3 instances of 🔍 with [ACTION:discovery] in /Users/fareed/Documents/dev/go/bkpdir/docs/extract-008-subtask-2-completion.md
[2025-07-13 15:40:30] [REPLACE] Replaced        4 instances of 🔄 with [ACTION:migration] in /Users/fareed/Documents/dev/go/bkpdir/docs/extract-008-subtask-2-completion.md
[2025-07-13 15:40:30] [SUCCESS] Migrated /Users/fareed/Documents/dev/go/bkpdir/docs/extract-008-subtask-2-completion.md with 24 changes
[2025-07-13 15:40:30] [INFO] Processing file: /Users/fareed/Documents/dev/go/bkpdir/docs/tutorials/advanced-patterns.md
[2025-07-13 15:40:30] [BACKUP] Created backup: /Users/fareed/Documents/dev/go/bkpdir/backup-semantic-tokens-simple-20250713-154016/advanced-patterns.md
[2025-07-13 15:40:30] [REPLACE] Replaced       13 instances of 🔺 with [HIGH] in /Users/fareed/Documents/dev/go/bkpdir/docs/tutorials/advanced-patterns.md
[2025-07-13 15:40:30] [REPLACE] Replaced        2 instances of 🔧 with [ACTION:core-functionality] in /Users/fareed/Documents/dev/go/bkpdir/docs/tutorials/advanced-patterns.md
[2025-07-13 15:40:30] [REPLACE] Replaced        1 instances of 🛡️ with [ACTION:validation] in /Users/fareed/Documents/dev/go/bkpdir/docs/tutorials/advanced-patterns.md
[2025-07-13 15:40:30] [REPLACE] Replaced        1 instances of 🔄 with [ACTION:migration] in /Users/fareed/Documents/dev/go/bkpdir/docs/tutorials/advanced-patterns.md
[2025-07-13 15:40:30] [SUCCESS] Migrated /Users/fareed/Documents/dev/go/bkpdir/docs/tutorials/advanced-patterns.md with 17 changes
[2025-07-13 15:40:30] [INFO] Processing file: /Users/fareed/Documents/dev/go/bkpdir/docs/tutorials/troubleshooting.md
[2025-07-13 15:40:30] [BACKUP] Created backup: /Users/fareed/Documents/dev/go/bkpdir/backup-semantic-tokens-simple-20250713-154016/troubleshooting.md
[2025-07-13 15:40:30] [REPLACE] Replaced       11 instances of 🔺 with [HIGH] in /Users/fareed/Documents/dev/go/bkpdir/docs/tutorials/troubleshooting.md
[2025-07-13 15:40:30] [REPLACE] Replaced        1 instances of 🔧 with [ACTION:core-functionality] in /Users/fareed/Documents/dev/go/bkpdir/docs/tutorials/troubleshooting.md
[2025-07-13 15:40:30] [REPLACE] Replaced        1 instances of 🔍 with [ACTION:discovery] in /Users/fareed/Documents/dev/go/bkpdir/docs/tutorials/troubleshooting.md
[2025-07-13 15:40:31] [REPLACE] Replaced        1 instances of 🛠️ with [ACTION:maintenance] in /Users/fareed/Documents/dev/go/bkpdir/docs/tutorials/troubleshooting.md
[2025-07-13 15:40:31] [SUCCESS] Migrated /Users/fareed/Documents/dev/go/bkpdir/docs/tutorials/troubleshooting.md with 14 changes
[2025-07-13 15:40:31] [INFO] Processing file: /Users/fareed/Documents/dev/go/bkpdir/docs/tutorials/getting-started.md
[2025-07-13 15:40:31] [BACKUP] Created backup: /Users/fareed/Documents/dev/go/bkpdir/backup-semantic-tokens-simple-20250713-154016/getting-started.md
[2025-07-13 15:40:31] [REPLACE] Replaced        8 instances of 🔺 with [HIGH] in /Users/fareed/Documents/dev/go/bkpdir/docs/tutorials/getting-started.md
[2025-07-13 15:40:31] [REPLACE] Replaced        1 instances of 🔧 with [ACTION:core-functionality] in /Users/fareed/Documents/dev/go/bkpdir/docs/tutorials/getting-started.md
[2025-07-13 15:40:31] [REPLACE] Replaced        1 instances of 🔄 with [ACTION:migration] in /Users/fareed/Documents/dev/go/bkpdir/docs/tutorials/getting-started.md
[2025-07-13 15:40:31] [SUCCESS] Migrated /Users/fareed/Documents/dev/go/bkpdir/docs/tutorials/getting-started.md with 10 changes
[2025-07-13 15:40:31] [INFO] Processing file: /Users/fareed/Documents/dev/go/bkpdir/docs/semantic-token-migration-completion-report.md
[2025-07-13 15:40:31] [BACKUP] Created backup: /Users/fareed/Documents/dev/go/bkpdir/backup-semantic-tokens-simple-20250713-154016/semantic-token-migration-completion-report.md
[2025-07-13 15:40:31] [REPLACE] Replaced        3 instances of ⭐ with [CRITICAL] in /Users/fareed/Documents/dev/go/bkpdir/docs/semantic-token-migration-completion-report.md
[2025-07-13 15:40:31] [REPLACE] Replaced        1 instances of 🔺 with [HIGH] in /Users/fareed/Documents/dev/go/bkpdir/docs/semantic-token-migration-completion-report.md
[2025-07-13 15:40:31] [REPLACE] Replaced        1 instances of 🔶 with [MEDIUM] in /Users/fareed/Documents/dev/go/bkpdir/docs/semantic-token-migration-completion-report.md
[2025-07-13 15:40:31] [REPLACE] Replaced        1 instances of 🔻 with [LOW] in /Users/fareed/Documents/dev/go/bkpdir/docs/semantic-token-migration-completion-report.md
[2025-07-13 15:40:31] [REPLACE] Replaced        2 instances of 🔧 with [ACTION:core-functionality] in /Users/fareed/Documents/dev/go/bkpdir/docs/semantic-token-migration-completion-report.md
[2025-07-13 15:40:31] [REPLACE] Replaced        1 instances of 🛠️ with [ACTION:maintenance] in /Users/fareed/Documents/dev/go/bkpdir/docs/semantic-token-migration-completion-report.md
[2025-07-13 15:40:31] [REPLACE] Replaced        3 instances of 🔄 with [ACTION:migration] in /Users/fareed/Documents/dev/go/bkpdir/docs/semantic-token-migration-completion-report.md
[2025-07-13 15:40:31] [SUCCESS] Migrated /Users/fareed/Documents/dev/go/bkpdir/docs/semantic-token-migration-completion-report.md with 12 changes
[2025-07-13 15:40:31] [SKIP] No Unicode icons found in /Users/fareed/Documents/dev/go/bkpdir/docs/configuration-inheritance.md
[2025-07-13 15:40:31] [INFO] Processing file: /Users/fareed/Documents/dev/go/bkpdir/docs/extract-007-working-plan.md
[2025-07-13 15:40:31] [BACKUP] Created backup: /Users/fareed/Documents/dev/go/bkpdir/backup-semantic-tokens-simple-20250713-154016/extract-007-working-plan.md
[2025-07-13 15:40:31] [REPLACE] Replaced        1 instances of 📝 with [ACTION:format-processing] in /Users/fareed/Documents/dev/go/bkpdir/docs/extract-007-working-plan.md
[2025-07-13 15:40:31] [REPLACE] Replaced        1 instances of 🔄 with [ACTION:migration] in /Users/fareed/Documents/dev/go/bkpdir/docs/extract-007-working-plan.md
[2025-07-13 15:40:31] [SUCCESS] Migrated /Users/fareed/Documents/dev/go/bkpdir/docs/extract-007-working-plan.md with 2 changes
[2025-07-13 15:40:31] [SKIP] No Unicode icons found in /Users/fareed/Documents/dev/go/bkpdir/docs/DOC-014-quick-start-guide.md
[2025-07-13 15:40:31] [INFO] Processing file: /Users/fareed/Documents/dev/go/bkpdir/docs/DOC-011-implementation-summary.md
[2025-07-13 15:40:31] [BACKUP] Created backup: /Users/fareed/Documents/dev/go/bkpdir/backup-semantic-tokens-simple-20250713-154016/DOC-011-implementation-summary.md
[2025-07-13 15:40:31] [REPLACE] Replaced        4 instances of 🔺 with [HIGH] in /Users/fareed/Documents/dev/go/bkpdir/docs/DOC-011-implementation-summary.md
[2025-07-13 15:40:31] [REPLACE] Replaced        3 instances of 🔧 with [ACTION:core-functionality] in /Users/fareed/Documents/dev/go/bkpdir/docs/DOC-011-implementation-summary.md
[2025-07-13 15:40:31] [REPLACE] Replaced        1 instances of 📝 with [ACTION:format-processing] in /Users/fareed/Documents/dev/go/bkpdir/docs/DOC-011-implementation-summary.md
[2025-07-13 15:40:31] [REPLACE] Replaced        1 instances of 🔍 with [ACTION:discovery] in /Users/fareed/Documents/dev/go/bkpdir/docs/DOC-011-implementation-summary.md
[2025-07-13 15:40:31] [REPLACE] Replaced        2 instances of 🛡️ with [ACTION:validation] in /Users/fareed/Documents/dev/go/bkpdir/docs/DOC-011-implementation-summary.md
[2025-07-13 15:40:31] [SUCCESS] Migrated /Users/fareed/Documents/dev/go/bkpdir/docs/DOC-011-implementation-summary.md with 11 changes
[2025-07-13 15:40:31] [SKIP] No Unicode icons found in /Users/fareed/Documents/dev/go/bkpdir/docs/unicode-migration-audit-report-phase1-subtask4.md
[2025-07-13 15:40:31] [INFO] Processing file: /Users/fareed/Documents/dev/go/bkpdir/docs/semantic-token-migration-phase2f-summary.md
[2025-07-13 15:40:31] [BACKUP] Created backup: /Users/fareed/Documents/dev/go/bkpdir/backup-semantic-tokens-simple-20250713-154016/semantic-token-migration-phase2f-summary.md
[2025-07-13 15:40:31] [REPLACE] Replaced        4 instances of 🔺 with [HIGH] in /Users/fareed/Documents/dev/go/bkpdir/docs/semantic-token-migration-phase2f-summary.md
[2025-07-13 15:40:31] [REPLACE] Replaced        3 instances of 🔶 with [MEDIUM] in /Users/fareed/Documents/dev/go/bkpdir/docs/semantic-token-migration-phase2f-summary.md
[2025-07-13 15:40:31] [REPLACE] Replaced        1 instances of 🔧 with [ACTION:core-functionality] in /Users/fareed/Documents/dev/go/bkpdir/docs/semantic-token-migration-phase2f-summary.md
[2025-07-13 15:40:31] [REPLACE] Replaced        1 instances of 🔍 with [ACTION:discovery] in /Users/fareed/Documents/dev/go/bkpdir/docs/semantic-token-migration-phase2f-summary.md
[2025-07-13 15:40:31] [SUCCESS] Migrated /Users/fareed/Documents/dev/go/bkpdir/docs/semantic-token-migration-phase2f-summary.md with 9 changes
[2025-07-13 15:40:31] [INFO] Processing file: /Users/fareed/Documents/dev/go/bkpdir/docs/system-comparison-analysis.md
[2025-07-13 15:40:31] [BACKUP] Created backup: /Users/fareed/Documents/dev/go/bkpdir/backup-semantic-tokens-simple-20250713-154016/system-comparison-analysis.md
[2025-07-13 15:40:31] [REPLACE] Replaced        5 instances of ⭐ with [CRITICAL] in /Users/fareed/Documents/dev/go/bkpdir/docs/system-comparison-analysis.md
[2025-07-13 15:40:31] [REPLACE] Replaced        1 instances of 🔺 with [HIGH] in /Users/fareed/Documents/dev/go/bkpdir/docs/system-comparison-analysis.md
[2025-07-13 15:40:31] [REPLACE] Replaced        1 instances of 🔶 with [MEDIUM] in /Users/fareed/Documents/dev/go/bkpdir/docs/system-comparison-analysis.md
[2025-07-13 15:40:31] [REPLACE] Replaced        1 instances of 🔻 with [LOW] in /Users/fareed/Documents/dev/go/bkpdir/docs/system-comparison-analysis.md
[2025-07-13 15:40:31] [REPLACE] Replaced        2 instances of 🔧 with [ACTION:core-functionality] in /Users/fareed/Documents/dev/go/bkpdir/docs/system-comparison-analysis.md
[2025-07-13 15:40:31] [REPLACE] Replaced        2 instances of 🔍 with [ACTION:discovery] in /Users/fareed/Documents/dev/go/bkpdir/docs/system-comparison-analysis.md
[2025-07-13 15:40:31] [REPLACE] Replaced        1 instances of 🛡️ with [ACTION:validation] in /Users/fareed/Documents/dev/go/bkpdir/docs/system-comparison-analysis.md
[2025-07-13 15:40:31] [SUCCESS] Migrated /Users/fareed/Documents/dev/go/bkpdir/docs/system-comparison-analysis.md with 13 changes
[2025-07-13 15:40:31] [INFO] Processing file: /Users/fareed/Documents/dev/go/bkpdir/docs/package-interdependency-mapping.md
[2025-07-13 15:40:31] [BACKUP] Created backup: /Users/fareed/Documents/dev/go/bkpdir/backup-semantic-tokens-simple-20250713-154016/package-interdependency-mapping.md
[2025-07-13 15:40:31] [REPLACE] Replaced       27 instances of 🔺 with [HIGH] in /Users/fareed/Documents/dev/go/bkpdir/docs/package-interdependency-mapping.md
[2025-07-13 15:40:31] [REPLACE] Replaced        4 instances of 🔧 with [ACTION:core-functionality] in /Users/fareed/Documents/dev/go/bkpdir/docs/package-interdependency-mapping.md
[2025-07-13 15:40:31] [REPLACE] Replaced        9 instances of 🔍 with [ACTION:discovery] in /Users/fareed/Documents/dev/go/bkpdir/docs/package-interdependency-mapping.md
[2025-07-13 15:40:31] [REPLACE] Replaced        1 instances of 🛡️ with [ACTION:validation] in /Users/fareed/Documents/dev/go/bkpdir/docs/package-interdependency-mapping.md
[2025-07-13 15:40:31] [REPLACE] Replaced        2 instances of 🔄 with [ACTION:migration] in /Users/fareed/Documents/dev/go/bkpdir/docs/package-interdependency-mapping.md
[2025-07-13 15:40:31] [SUCCESS] Migrated /Users/fareed/Documents/dev/go/bkpdir/docs/package-interdependency-mapping.md with 43 changes
[2025-07-13 15:40:31] [INFO] Processing file: /Users/fareed/Documents/dev/go/bkpdir/docs/unicode-migration-week4-core-files-plan.md
[2025-07-13 15:40:31] [BACKUP] Created backup: /Users/fareed/Documents/dev/go/bkpdir/backup-semantic-tokens-simple-20250713-154016/unicode-migration-week4-core-files-plan.md
[2025-07-13 15:40:31] [REPLACE] Replaced        3 instances of ⭐ with [CRITICAL] in /Users/fareed/Documents/dev/go/bkpdir/docs/unicode-migration-week4-core-files-plan.md
[2025-07-13 15:40:31] [REPLACE] Replaced        3 instances of 🔺 with [HIGH] in /Users/fareed/Documents/dev/go/bkpdir/docs/unicode-migration-week4-core-files-plan.md
[2025-07-13 15:40:31] [REPLACE] Replaced        3 instances of 🔶 with [MEDIUM] in /Users/fareed/Documents/dev/go/bkpdir/docs/unicode-migration-week4-core-files-plan.md
[2025-07-13 15:40:31] [REPLACE] Replaced        3 instances of 🔻 with [LOW] in /Users/fareed/Documents/dev/go/bkpdir/docs/unicode-migration-week4-core-files-plan.md
[2025-07-13 15:40:31] [REPLACE] Replaced        1 instances of 🔧 with [ACTION:core-functionality] in /Users/fareed/Documents/dev/go/bkpdir/docs/unicode-migration-week4-core-files-plan.md
[2025-07-13 15:40:31] [REPLACE] Replaced        1 instances of 📝 with [ACTION:format-processing] in /Users/fareed/Documents/dev/go/bkpdir/docs/unicode-migration-week4-core-files-plan.md
[2025-07-13 15:40:31] [REPLACE] Replaced        1 instances of 🔍 with [ACTION:discovery] in /Users/fareed/Documents/dev/go/bkpdir/docs/unicode-migration-week4-core-files-plan.md
[2025-07-13 15:40:32] [REPLACE] Replaced        1 instances of 🛡️ with [ACTION:validation] in /Users/fareed/Documents/dev/go/bkpdir/docs/unicode-migration-week4-core-files-plan.md
[2025-07-13 15:40:32] [SUCCESS] Migrated /Users/fareed/Documents/dev/go/bkpdir/docs/unicode-migration-week4-core-files-plan.md with 16 changes
[2025-07-13 15:40:32] [INFO] Processing file: /Users/fareed/Documents/dev/go/bkpdir/docs/unicode-migration-phase2-subtask2-token-creation-strategy.md
[2025-07-13 15:40:32] [BACKUP] Created backup: /Users/fareed/Documents/dev/go/bkpdir/backup-semantic-tokens-simple-20250713-154016/unicode-migration-phase2-subtask2-token-creation-strategy.md
[2025-07-13 15:40:32] [REPLACE] Replaced        1 instances of 🔄 with [ACTION:migration] in /Users/fareed/Documents/dev/go/bkpdir/docs/unicode-migration-phase2-subtask2-token-creation-strategy.md
[2025-07-13 15:40:32] [SUCCESS] Migrated /Users/fareed/Documents/dev/go/bkpdir/docs/unicode-migration-phase2-subtask2-token-creation-strategy.md with 1 changes
[2025-07-13 15:40:32] [INFO] Processing file: /Users/fareed/Documents/dev/go/bkpdir/docs/unicode-migration-phase2-critical-tokens-completion-summary.md
[2025-07-13 15:40:32] [BACKUP] Created backup: /Users/fareed/Documents/dev/go/bkpdir/backup-semantic-tokens-simple-20250713-154016/unicode-migration-phase2-critical-tokens-completion-summary.md
[2025-07-13 15:40:32] [REPLACE] Replaced        1 instances of 🔄 with [ACTION:migration] in /Users/fareed/Documents/dev/go/bkpdir/docs/unicode-migration-phase2-critical-tokens-completion-summary.md
[2025-07-13 15:40:32] [SUCCESS] Migrated /Users/fareed/Documents/dev/go/bkpdir/docs/unicode-migration-phase2-critical-tokens-completion-summary.md with 1 changes
[2025-07-13 15:40:32] [SKIP] No Unicode icons found in /Users/fareed/Documents/dev/go/bkpdir/docs/unicode-migration-audit-report-phase1-subtask1.md
[2025-07-13 15:40:32] [SKIP] No Unicode icons found in /Users/fareed/Documents/dev/go/bkpdir/README.md
[2025-07-13 15:40:32] [SKIP] No Unicode icons found in /Users/fareed/Documents/dev/go/bkpdir/archive.go
[2025-07-13 15:40:32] [INFO] Processing file: /Users/fareed/Documents/dev/go/bkpdir/CFG-006-subtask-7-completion-summary.md
[2025-07-13 15:40:32] [BACKUP] Created backup: /Users/fareed/Documents/dev/go/bkpdir/backup-semantic-tokens-simple-20250713-154016/CFG-006-subtask-7-completion-summary.md
[2025-07-13 15:40:32] [REPLACE] Replaced        2 instances of 🔺 with [HIGH] in /Users/fareed/Documents/dev/go/bkpdir/CFG-006-subtask-7-completion-summary.md
[2025-07-13 15:40:32] [REPLACE] Replaced        2 instances of 🔧 with [ACTION:core-functionality] in /Users/fareed/Documents/dev/go/bkpdir/CFG-006-subtask-7-completion-summary.md
[2025-07-13 15:40:32] [REPLACE] Replaced        1 instances of 🔍 with [ACTION:discovery] in /Users/fareed/Documents/dev/go/bkpdir/CFG-006-subtask-7-completion-summary.md
[2025-07-13 15:40:32] [SUCCESS] Migrated /Users/fareed/Documents/dev/go/bkpdir/CFG-006-subtask-7-completion-summary.md with 5 changes
[2025-07-13 15:40:32] [INFO] Processing file: /Users/fareed/Documents/dev/go/bkpdir/working-plan-extract-009.md
[2025-07-13 15:40:32] [BACKUP] Created backup: /Users/fareed/Documents/dev/go/bkpdir/backup-semantic-tokens-simple-20250713-154016/working-plan-extract-009.md
[2025-07-13 15:40:32] [REPLACE] Replaced        2 instances of ⭐ with [CRITICAL] in /Users/fareed/Documents/dev/go/bkpdir/working-plan-extract-009.md
[2025-07-13 15:40:32] [REPLACE] Replaced        2 instances of 🔧 with [ACTION:core-functionality] in /Users/fareed/Documents/dev/go/bkpdir/working-plan-extract-009.md
[2025-07-13 15:40:32] [REPLACE] Replaced        4 instances of 📝 with [ACTION:format-processing] in /Users/fareed/Documents/dev/go/bkpdir/working-plan-extract-009.md
[2025-07-13 15:40:32] [REPLACE] Replaced        4 instances of 🔍 with [ACTION:discovery] in /Users/fareed/Documents/dev/go/bkpdir/working-plan-extract-009.md
[2025-07-13 15:40:32] [REPLACE] Replaced        1 instances of 🛡️ with [ACTION:validation] in /Users/fareed/Documents/dev/go/bkpdir/working-plan-extract-009.md
[2025-07-13 15:40:32] [REPLACE] Replaced        1 instances of 🔄 with [ACTION:migration] in /Users/fareed/Documents/dev/go/bkpdir/working-plan-extract-009.md
[2025-07-13 15:40:32] [SUCCESS] Migrated /Users/fareed/Documents/dev/go/bkpdir/working-plan-extract-009.md with 14 changes
[2025-07-13 15:40:32] [SKIP] No Unicode icons found in /Users/fareed/Documents/dev/go/bkpdir/file_stats_test.go
[2025-07-13 15:40:32] [INFO] Processing file: /Users/fareed/Documents/dev/go/bkpdir/task-analysis-and-plan.md
[2025-07-13 15:40:32] [BACKUP] Created backup: /Users/fareed/Documents/dev/go/bkpdir/backup-semantic-tokens-simple-20250713-154016/task-analysis-and-plan.md
[2025-07-13 15:40:32] [REPLACE] Replaced        1 instances of 🔧 with [ACTION:core-functionality] in /Users/fareed/Documents/dev/go/bkpdir/task-analysis-and-plan.md
[2025-07-13 15:40:32] [REPLACE] Replaced        1 instances of 📝 with [ACTION:format-processing] in /Users/fareed/Documents/dev/go/bkpdir/task-analysis-and-plan.md
[2025-07-13 15:40:32] [REPLACE] Replaced        1 instances of 🔍 with [ACTION:discovery] in /Users/fareed/Documents/dev/go/bkpdir/task-analysis-and-plan.md
[2025-07-13 15:40:32] [REPLACE] Replaced        1 instances of 🔄 with [ACTION:migration] in /Users/fareed/Documents/dev/go/bkpdir/task-analysis-and-plan.md
[2025-07-13 15:40:32] [SUCCESS] Migrated /Users/fareed/Documents/dev/go/bkpdir/task-analysis-and-plan.md with 4 changes
[2025-07-13 15:40:32] [SKIP] No Unicode icons found in /Users/fareed/Documents/dev/go/bkpdir/working-plan-extract-008.md
[2025-07-13 15:40:32] [SKIP] No Unicode icons found in /Users/fareed/Documents/dev/go/bkpdir/exclude.go
[2025-07-13 15:40:32] [SKIP] No Unicode icons found in /Users/fareed/Documents/dev/go/bkpdir/config_adapter.go
[2025-07-13 15:40:32] [SKIP] No Unicode icons found in /Users/fareed/Documents/dev/go/bkpdir/file_stats.go
[2025-07-13 15:40:32] [SKIP] No Unicode icons found in /Users/fareed/Documents/dev/go/bkpdir/test-dir/.bkpdir.yml
[2025-07-13 15:40:32] [SKIP] No Unicode icons found in /Users/fareed/Documents/dev/go/bkpdir/comparison.go
[2025-07-13 15:40:32] [SKIP] No Unicode icons found in /Users/fareed/Documents/dev/go/bkpdir/verify_test.go
[2025-07-13 15:40:32] [INFO] Processing file: /Users/fareed/Documents/dev/go/bkpdir/DOC-014-subtask-4-working-plan.md
[2025-07-13 15:40:32] [BACKUP] Created backup: /Users/fareed/Documents/dev/go/bkpdir/backup-semantic-tokens-simple-20250713-154016/DOC-014-subtask-4-working-plan.md
[2025-07-13 15:40:32] [REPLACE] Replaced        6 instances of ⭐ with [CRITICAL] in /Users/fareed/Documents/dev/go/bkpdir/DOC-014-subtask-4-working-plan.md
[2025-07-13 15:40:32] [REPLACE] Replaced        7 instances of 🔺 with [HIGH] in /Users/fareed/Documents/dev/go/bkpdir/DOC-014-subtask-4-working-plan.md
[2025-07-13 15:40:32] [REPLACE] Replaced        3 instances of 🔶 with [MEDIUM] in /Users/fareed/Documents/dev/go/bkpdir/DOC-014-subtask-4-working-plan.md
[2025-07-13 15:40:32] [REPLACE] Replaced        4 instances of 🔻 with [LOW] in /Users/fareed/Documents/dev/go/bkpdir/DOC-014-subtask-4-working-plan.md
[2025-07-13 15:40:32] [REPLACE] Replaced        1 instances of 🔍 with [ACTION:discovery] in /Users/fareed/Documents/dev/go/bkpdir/DOC-014-subtask-4-working-plan.md
[2025-07-13 15:40:32] [REPLACE] Replaced        1 instances of 🛡️ with [ACTION:validation] in /Users/fareed/Documents/dev/go/bkpdir/DOC-014-subtask-4-working-plan.md
[2025-07-13 15:40:32] [SUCCESS] Migrated /Users/fareed/Documents/dev/go/bkpdir/DOC-014-subtask-4-working-plan.md with 22 changes
[2025-07-13 15:40:32] [INFO] Processing file: /Users/fareed/Documents/dev/go/bkpdir/refactoring-validation-report.md
[2025-07-13 15:40:32] [BACKUP] Created backup: /Users/fareed/Documents/dev/go/bkpdir/backup-semantic-tokens-simple-20250713-154016/refactoring-validation-report.md
[2025-07-13 15:40:32] [REPLACE] Replaced       10 instances of 🔺 with [HIGH] in /Users/fareed/Documents/dev/go/bkpdir/refactoring-validation-report.md
[2025-07-13 15:40:32] [REPLACE] Replaced        1 instances of 🔶 with [MEDIUM] in /Users/fareed/Documents/dev/go/bkpdir/refactoring-validation-report.md
[2025-07-13 15:40:32] [REPLACE] Replaced        2 instances of 📝 with [ACTION:format-processing] in /Users/fareed/Documents/dev/go/bkpdir/refactoring-validation-report.md
[2025-07-13 15:40:32] [REPLACE] Replaced        1 instances of 🔍 with [ACTION:discovery] in /Users/fareed/Documents/dev/go/bkpdir/refactoring-validation-report.md
[2025-07-13 15:40:32] [REPLACE] Replaced        2 instances of 🛡️ with [ACTION:validation] in /Users/fareed/Documents/dev/go/bkpdir/refactoring-validation-report.md
[2025-07-13 15:40:32] [SUCCESS] Migrated /Users/fareed/Documents/dev/go/bkpdir/refactoring-validation-report.md with 16 changes
[2025-07-13 15:40:32] [SKIP] No Unicode icons found in /Users/fareed/Documents/dev/go/bkpdir/config_interfaces.go
[2025-07-13 15:40:32] [INFO] Processing file: /Users/fareed/Documents/dev/go/bkpdir/working-plan-remove-backup-command.md
[2025-07-13 15:40:32] [BACKUP] Created backup: /Users/fareed/Documents/dev/go/bkpdir/backup-semantic-tokens-simple-20250713-154016/working-plan-remove-backup-command.md
[2025-07-13 15:40:32] [REPLACE] Replaced        4 instances of ⭐ with [CRITICAL] in /Users/fareed/Documents/dev/go/bkpdir/working-plan-remove-backup-command.md
[2025-07-13 15:40:32] [REPLACE] Replaced        4 instances of 🔺 with [HIGH] in /Users/fareed/Documents/dev/go/bkpdir/working-plan-remove-backup-command.md
[2025-07-13 15:40:32] [REPLACE] Replaced        1 instances of 🔶 with [MEDIUM] in /Users/fareed/Documents/dev/go/bkpdir/working-plan-remove-backup-command.md
[2025-07-13 15:40:32] [REPLACE] Replaced        1 instances of 🔧 with [ACTION:core-functionality] in /Users/fareed/Documents/dev/go/bkpdir/working-plan-remove-backup-command.md
[2025-07-13 15:40:32] [REPLACE] Replaced        1 instances of 📝 with [ACTION:format-processing] in /Users/fareed/Documents/dev/go/bkpdir/working-plan-remove-backup-command.md
[2025-07-13 15:40:32] [REPLACE] Replaced        1 instances of 🔍 with [ACTION:discovery] in /Users/fareed/Documents/dev/go/bkpdir/working-plan-remove-backup-command.md
[2025-07-13 15:40:32] [REPLACE] Replaced        1 instances of 🔄 with [ACTION:migration] in /Users/fareed/Documents/dev/go/bkpdir/working-plan-remove-backup-command.md
[2025-07-13 15:40:33] [SUCCESS] Migrated /Users/fareed/Documents/dev/go/bkpdir/working-plan-remove-backup-command.md with 13 changes
[2025-07-13 15:40:33] [SKIP] No Unicode icons found in /Users/fareed/Documents/dev/go/bkpdir/config_test.go
[2025-07-13 15:40:33] [INFO] Processing file: /Users/fareed/Documents/dev/go/bkpdir/backup-semantic-tokens-20250713-153809/project-tokens.yaml
[2025-07-13 15:40:33] [BACKUP] Created backup: /Users/fareed/Documents/dev/go/bkpdir/backup-semantic-tokens-simple-20250713-154016/project-tokens.yaml
[2025-07-13 15:40:33] [REPLACE] Replaced        1 instances of ⭐ with [CRITICAL] in /Users/fareed/Documents/dev/go/bkpdir/backup-semantic-tokens-20250713-153809/project-tokens.yaml
[2025-07-13 15:40:33] [REPLACE] Replaced        1 instances of 🔺 with [HIGH] in /Users/fareed/Documents/dev/go/bkpdir/backup-semantic-tokens-20250713-153809/project-tokens.yaml
[2025-07-13 15:40:33] [REPLACE] Replaced        1 instances of 🔶 with [MEDIUM] in /Users/fareed/Documents/dev/go/bkpdir/backup-semantic-tokens-20250713-153809/project-tokens.yaml
[2025-07-13 15:40:33] [REPLACE] Replaced        1 instances of 🔻 with [LOW] in /Users/fareed/Documents/dev/go/bkpdir/backup-semantic-tokens-20250713-153809/project-tokens.yaml
[2025-07-13 15:40:33] [REPLACE] Replaced        1 instances of 🔧 with [ACTION:core-functionality] in /Users/fareed/Documents/dev/go/bkpdir/backup-semantic-tokens-20250713-153809/project-tokens.yaml
[2025-07-13 15:40:33] [REPLACE] Replaced        1 instances of 📝 with [ACTION:format-processing] in /Users/fareed/Documents/dev/go/bkpdir/backup-semantic-tokens-20250713-153809/project-tokens.yaml
[2025-07-13 15:40:33] [REPLACE] Replaced        1 instances of 🔍 with [ACTION:discovery] in /Users/fareed/Documents/dev/go/bkpdir/backup-semantic-tokens-20250713-153809/project-tokens.yaml
[2025-07-13 15:40:33] [REPLACE] Replaced        1 instances of 🛠️ with [ACTION:maintenance] in /Users/fareed/Documents/dev/go/bkpdir/backup-semantic-tokens-20250713-153809/project-tokens.yaml
[2025-07-13 15:40:33] [REPLACE] Replaced        1 instances of 🛡️ with [ACTION:validation] in /Users/fareed/Documents/dev/go/bkpdir/backup-semantic-tokens-20250713-153809/project-tokens.yaml
[2025-07-13 15:40:33] [REPLACE] Replaced        1 instances of 🔄 with [ACTION:migration] in /Users/fareed/Documents/dev/go/bkpdir/backup-semantic-tokens-20250713-153809/project-tokens.yaml
[2025-07-13 15:40:33] [SUCCESS] Migrated /Users/fareed/Documents/dev/go/bkpdir/backup-semantic-tokens-20250713-153809/project-tokens.yaml with 10 changes
[2025-07-13 15:40:33] [INFO] Processing file: /Users/fareed/Documents/dev/go/bkpdir/backup-semantic-tokens-20250713-153809/ai_validation.go
[2025-07-13 15:40:33] [BACKUP] Created backup: /Users/fareed/Documents/dev/go/bkpdir/backup-semantic-tokens-simple-20250713-154016/ai_validation.go
[2025-07-13 15:40:33] [REPLACE] Replaced        1 instances of ⭐ with [CRITICAL] in /Users/fareed/Documents/dev/go/bkpdir/backup-semantic-tokens-20250713-153809/ai_validation.go
[2025-07-13 15:40:33] [REPLACE] Replaced        1 instances of 🔺 with [HIGH] in /Users/fareed/Documents/dev/go/bkpdir/backup-semantic-tokens-20250713-153809/ai_validation.go
[2025-07-13 15:40:33] [REPLACE] Replaced        1 instances of 🔶 with [MEDIUM] in /Users/fareed/Documents/dev/go/bkpdir/backup-semantic-tokens-20250713-153809/ai_validation.go
[2025-07-13 15:40:33] [REPLACE] Replaced        1 instances of 🔻 with [LOW] in /Users/fareed/Documents/dev/go/bkpdir/backup-semantic-tokens-20250713-153809/ai_validation.go
[2025-07-13 15:40:33] [SUCCESS] Migrated /Users/fareed/Documents/dev/go/bkpdir/backup-semantic-tokens-20250713-153809/ai_validation.go with 4 changes
[2025-07-13 15:40:33] [INFO] Processing file: /Users/fareed/Documents/dev/go/bkpdir/backup-semantic-tokens-20250713-153809/extract-007-task-completion-final.md
[2025-07-13 15:40:33] [BACKUP] Created backup: /Users/fareed/Documents/dev/go/bkpdir/backup-semantic-tokens-simple-20250713-154016/extract-007-task-completion-final.md
[2025-07-13 15:40:33] [REPLACE] Replaced        1 instances of ⭐ with [CRITICAL] in /Users/fareed/Documents/dev/go/bkpdir/backup-semantic-tokens-20250713-153809/extract-007-task-completion-final.md
[2025-07-13 15:40:33] [REPLACE] Replaced        1 instances of 🔧 with [ACTION:core-functionality] in /Users/fareed/Documents/dev/go/bkpdir/backup-semantic-tokens-20250713-153809/extract-007-task-completion-final.md
[2025-07-13 15:40:33] [REPLACE] Replaced        1 instances of 🔍 with [ACTION:discovery] in /Users/fareed/Documents/dev/go/bkpdir/backup-semantic-tokens-20250713-153809/extract-007-task-completion-final.md
[2025-07-13 15:40:33] [REPLACE] Replaced        1 instances of 🛡️ with [ACTION:validation] in /Users/fareed/Documents/dev/go/bkpdir/backup-semantic-tokens-20250713-153809/extract-007-task-completion-final.md
[2025-07-13 15:40:33] [SUCCESS] Migrated /Users/fareed/Documents/dev/go/bkpdir/backup-semantic-tokens-20250713-153809/extract-007-task-completion-final.md with 4 changes
[2025-07-13 15:40:33] [INFO] Processing file: /Users/fareed/Documents/dev/go/bkpdir/backup-semantic-tokens-20250713-153809/decision_scenarios_test.go
[2025-07-13 15:40:33] [BACKUP] Created backup: /Users/fareed/Documents/dev/go/bkpdir/backup-semantic-tokens-simple-20250713-154016/decision_scenarios_test.go
[2025-07-13 15:40:33] [REPLACE] Replaced        3 instances of ⭐ with [CRITICAL] in /Users/fareed/Documents/dev/go/bkpdir/backup-semantic-tokens-20250713-153809/decision_scenarios_test.go
[2025-07-13 15:40:33] [REPLACE] Replaced        1 instances of 🔺 with [HIGH] in /Users/fareed/Documents/dev/go/bkpdir/backup-semantic-tokens-20250713-153809/decision_scenarios_test.go
[2025-07-13 15:40:33] [SUCCESS] Migrated /Users/fareed/Documents/dev/go/bkpdir/backup-semantic-tokens-20250713-153809/decision_scenarios_test.go with 4 changes
[2025-07-13 15:40:33] [INFO] Processing file: /Users/fareed/Documents/dev/go/bkpdir/backup-semantic-tokens-20250713-153809/decision-framework-training-examples.md
[2025-07-13 15:40:33] [BACKUP] Created backup: /Users/fareed/Documents/dev/go/bkpdir/backup-semantic-tokens-simple-20250713-154016/decision-framework-training-examples.md
[2025-07-13 15:40:33] [REPLACE] Replaced        1 instances of ⭐ with [CRITICAL] in /Users/fareed/Documents/dev/go/bkpdir/backup-semantic-tokens-20250713-153809/decision-framework-training-examples.md
[2025-07-13 15:40:33] [REPLACE] Replaced        2 instances of 🔺 with [HIGH] in /Users/fareed/Documents/dev/go/bkpdir/backup-semantic-tokens-20250713-153809/decision-framework-training-examples.md
[2025-07-13 15:40:33] [REPLACE] Replaced        3 instances of 🔶 with [MEDIUM] in /Users/fareed/Documents/dev/go/bkpdir/backup-semantic-tokens-20250713-153809/decision-framework-training-examples.md
[2025-07-13 15:40:33] [REPLACE] Replaced        6 instances of 🔧 with [ACTION:core-functionality] in /Users/fareed/Documents/dev/go/bkpdir/backup-semantic-tokens-20250713-153809/decision-framework-training-examples.md
[2025-07-13 15:40:33] [REPLACE] Replaced        2 instances of 📝 with [ACTION:format-processing] in /Users/fareed/Documents/dev/go/bkpdir/backup-semantic-tokens-20250713-153809/decision-framework-training-examples.md
[2025-07-13 15:40:33] [REPLACE] Replaced        3 instances of 🔍 with [ACTION:discovery] in /Users/fareed/Documents/dev/go/bkpdir/backup-semantic-tokens-20250713-153809/decision-framework-training-examples.md
[2025-07-13 15:40:33] [REPLACE] Replaced        6 instances of 🛡️ with [ACTION:validation] in /Users/fareed/Documents/dev/go/bkpdir/backup-semantic-tokens-20250713-153809/decision-framework-training-examples.md
[2025-07-13 15:40:33] [REPLACE] Replaced        4 instances of 🔄 with [ACTION:migration] in /Users/fareed/Documents/dev/go/bkpdir/backup-semantic-tokens-20250713-153809/decision-framework-training-examples.md
[2025-07-13 15:40:33] [SUCCESS] Migrated /Users/fareed/Documents/dev/go/bkpdir/backup-semantic-tokens-20250713-153809/decision-framework-training-examples.md with 27 changes
[2025-07-13 15:40:33] [INFO] Processing file: /Users/fareed/Documents/dev/go/bkpdir/backup-semantic-tokens-20250713-153809/specification.md
[2025-07-13 15:40:33] [BACKUP] Created backup: /Users/fareed/Documents/dev/go/bkpdir/backup-semantic-tokens-simple-20250713-154016/specification.md
[2025-07-13 15:40:33] [REPLACE] Replaced        1 instances of ⭐ with [CRITICAL] in /Users/fareed/Documents/dev/go/bkpdir/backup-semantic-tokens-20250713-153809/specification.md
[2025-07-13 15:40:33] [REPLACE] Replaced        1 instances of 🔺 with [HIGH] in /Users/fareed/Documents/dev/go/bkpdir/backup-semantic-tokens-20250713-153809/specification.md
[2025-07-13 15:40:33] [REPLACE] Replaced        4 instances of 🔻 with [LOW] in /Users/fareed/Documents/dev/go/bkpdir/backup-semantic-tokens-20250713-153809/specification.md
[2025-07-13 15:40:33] [REPLACE] Replaced        3 instances of 🔧 with [ACTION:core-functionality] in /Users/fareed/Documents/dev/go/bkpdir/backup-semantic-tokens-20250713-153809/specification.md
[2025-07-13 15:40:33] [REPLACE] Replaced        4 instances of 📝 with [ACTION:format-processing] in /Users/fareed/Documents/dev/go/bkpdir/backup-semantic-tokens-20250713-153809/specification.md
[2025-07-13 15:40:33] [REPLACE] Replaced        1 instances of 🔍 with [ACTION:discovery] in /Users/fareed/Documents/dev/go/bkpdir/backup-semantic-tokens-20250713-153809/specification.md
[2025-07-13 15:40:33] [REPLACE] Replaced        3 instances of 🛡️ with [ACTION:validation] in /Users/fareed/Documents/dev/go/bkpdir/backup-semantic-tokens-20250713-153809/specification.md
[2025-07-13 15:40:33] [REPLACE] Replaced        1 instances of 🔄 with [ACTION:migration] in /Users/fareed/Documents/dev/go/bkpdir/backup-semantic-tokens-20250713-153809/specification.md
[2025-07-13 15:40:33] [SUCCESS] Migrated /Users/fareed/Documents/dev/go/bkpdir/backup-semantic-tokens-20250713-153809/specification.md with 18 changes
[2025-07-13 15:40:33] [INFO] Processing file: /Users/fareed/Documents/dev/go/bkpdir/backup-semantic-tokens-20250713-153809/ai-assistant-optimization-tasks.md
[2025-07-13 15:40:33] [BACKUP] Created backup: /Users/fareed/Documents/dev/go/bkpdir/backup-semantic-tokens-simple-20250713-154016/ai-assistant-optimization-tasks.md
[2025-07-13 15:40:33] [REPLACE] Replaced        1 instances of ⭐ with [CRITICAL] in /Users/fareed/Documents/dev/go/bkpdir/backup-semantic-tokens-20250713-153809/ai-assistant-optimization-tasks.md
[2025-07-13 15:40:33] [REPLACE] Replaced       14 instances of 🔺 with [HIGH] in /Users/fareed/Documents/dev/go/bkpdir/backup-semantic-tokens-20250713-153809/ai-assistant-optimization-tasks.md
[2025-07-13 15:40:33] [REPLACE] Replaced        3 instances of 🔶 with [MEDIUM] in /Users/fareed/Documents/dev/go/bkpdir/backup-semantic-tokens-20250713-153809/ai-assistant-optimization-tasks.md
[2025-07-13 15:40:33] [REPLACE] Replaced        1 instances of 🔻 with [LOW] in /Users/fareed/Documents/dev/go/bkpdir/backup-semantic-tokens-20250713-153809/ai-assistant-optimization-tasks.md
[2025-07-13 15:40:33] [REPLACE] Replaced        4 instances of 🔧 with [ACTION:core-functionality] in /Users/fareed/Documents/dev/go/bkpdir/backup-semantic-tokens-20250713-153809/ai-assistant-optimization-tasks.md
[2025-07-13 15:40:33] [REPLACE] Replaced        2 instances of 📝 with [ACTION:format-processing] in /Users/fareed/Documents/dev/go/bkpdir/backup-semantic-tokens-20250713-153809/ai-assistant-optimization-tasks.md
[2025-07-13 15:40:33] [REPLACE] Replaced        3 instances of 🔍 with [ACTION:discovery] in /Users/fareed/Documents/dev/go/bkpdir/backup-semantic-tokens-20250713-153809/ai-assistant-optimization-tasks.md
[2025-07-13 15:40:33] [REPLACE] Replaced        3 instances of 🛡️ with [ACTION:validation] in /Users/fareed/Documents/dev/go/bkpdir/backup-semantic-tokens-20250713-153809/ai-assistant-optimization-tasks.md
[2025-07-13 15:40:33] [SUCCESS] Migrated /Users/fareed/Documents/dev/go/bkpdir/backup-semantic-tokens-20250713-153809/ai-assistant-optimization-tasks.md with 31 changes
[2025-07-13 15:40:33] [INFO] Processing file: /Users/fareed/Documents/dev/go/bkpdir/backup-semantic-tokens-20250713-153809/DOC-014-subtask-6-working-plan.md
[2025-07-13 15:40:33] [BACKUP] Created backup: /Users/fareed/Documents/dev/go/bkpdir/backup-semantic-tokens-simple-20250713-154016/DOC-014-subtask-6-working-plan.md
[2025-07-13 15:40:34] [REPLACE] Replaced        1 instances of ⭐ with [CRITICAL] in /Users/fareed/Documents/dev/go/bkpdir/backup-semantic-tokens-20250713-153809/DOC-014-subtask-6-working-plan.md
[2025-07-13 15:40:34] [REPLACE] Replaced        2 instances of 🔺 with [HIGH] in /Users/fareed/Documents/dev/go/bkpdir/backup-semantic-tokens-20250713-153809/DOC-014-subtask-6-working-plan.md
[2025-07-13 15:40:34] [REPLACE] Replaced        3 instances of 🔶 with [MEDIUM] in /Users/fareed/Documents/dev/go/bkpdir/backup-semantic-tokens-20250713-153809/DOC-014-subtask-6-working-plan.md
[2025-07-13 15:40:34] [REPLACE] Replaced        1 instances of 🔧 with [ACTION:core-functionality] in /Users/fareed/Documents/dev/go/bkpdir/backup-semantic-tokens-20250713-153809/DOC-014-subtask-6-working-plan.md
[2025-07-13 15:40:34] [REPLACE] Replaced        1 instances of 🛠️ with [ACTION:maintenance] in /Users/fareed/Documents/dev/go/bkpdir/backup-semantic-tokens-20250713-153809/DOC-014-subtask-6-working-plan.md
[2025-07-13 15:40:34] [SUCCESS] Migrated /Users/fareed/Documents/dev/go/bkpdir/backup-semantic-tokens-20250713-153809/DOC-014-subtask-6-working-plan.md with 8 changes
[2025-07-13 15:40:34] [INFO] Processing file: /Users/fareed/Documents/dev/go/bkpdir/backup-semantic-tokens-20250713-153809/enhanced-token-migration-strategy.md
[2025-07-13 15:40:34] [BACKUP] Created backup: /Users/fareed/Documents/dev/go/bkpdir/backup-semantic-tokens-simple-20250713-154016/enhanced-token-migration-strategy.md
[2025-07-13 15:40:34] [REPLACE] Replaced       10 instances of ⭐ with [CRITICAL] in /Users/fareed/Documents/dev/go/bkpdir/backup-semantic-tokens-20250713-153809/enhanced-token-migration-strategy.md
[2025-07-13 15:40:34] [REPLACE] Replaced       10 instances of 🔺 with [HIGH] in /Users/fareed/Documents/dev/go/bkpdir/backup-semantic-tokens-20250713-153809/enhanced-token-migration-strategy.md
[2025-07-13 15:40:34] [REPLACE] Replaced        9 instances of 🔶 with [MEDIUM] in /Users/fareed/Documents/dev/go/bkpdir/backup-semantic-tokens-20250713-153809/enhanced-token-migration-strategy.md
[2025-07-13 15:40:34] [REPLACE] Replaced        9 instances of 🔻 with [LOW] in /Users/fareed/Documents/dev/go/bkpdir/backup-semantic-tokens-20250713-153809/enhanced-token-migration-strategy.md
[2025-07-13 15:40:34] [REPLACE] Replaced        1 instances of 🔧 with [ACTION:core-functionality] in /Users/fareed/Documents/dev/go/bkpdir/backup-semantic-tokens-20250713-153809/enhanced-token-migration-strategy.md
[2025-07-13 15:40:34] [REPLACE] Replaced        1 instances of 🛠️ with [ACTION:maintenance] in /Users/fareed/Documents/dev/go/bkpdir/backup-semantic-tokens-20250713-153809/enhanced-token-migration-strategy.md
[2025-07-13 15:40:34] [REPLACE] Replaced        1 instances of 🔄 with [ACTION:migration] in /Users/fareed/Documents/dev/go/bkpdir/backup-semantic-tokens-20250713-153809/enhanced-token-migration-strategy.md
[2025-07-13 15:40:34] [SUCCESS] Migrated /Users/fareed/Documents/dev/go/bkpdir/backup-semantic-tokens-20250713-153809/enhanced-token-migration-strategy.md with 41 changes
[2025-07-13 15:40:34] [INFO] Processing file: /Users/fareed/Documents/dev/go/bkpdir/backup-semantic-tokens-20250713-153809/unicode-migration-phase2-subtask2-test-layer-progress.md
[2025-07-13 15:40:34] [BACKUP] Created backup: /Users/fareed/Documents/dev/go/bkpdir/backup-semantic-tokens-simple-20250713-154016/unicode-migration-phase2-subtask2-test-layer-progress.md
[2025-07-13 15:40:34] [INFO] No changes needed for /Users/fareed/Documents/dev/go/bkpdir/backup-semantic-tokens-20250713-153809/unicode-migration-phase2-subtask2-test-layer-progress.md
[2025-07-13 15:40:34] [INFO] Processing file: /Users/fareed/Documents/dev/go/bkpdir/backup-semantic-tokens-20250713-153809/ai-documentation-templates.md
[2025-07-13 15:40:34] [BACKUP] Created backup: /Users/fareed/Documents/dev/go/bkpdir/backup-semantic-tokens-simple-20250713-154016/ai-documentation-templates.md
[2025-07-13 15:40:34] [REPLACE] Replaced        3 instances of ⭐ with [CRITICAL] in /Users/fareed/Documents/dev/go/bkpdir/backup-semantic-tokens-20250713-153809/ai-documentation-templates.md
[2025-07-13 15:40:34] [REPLACE] Replaced        8 instances of 🔺 with [HIGH] in /Users/fareed/Documents/dev/go/bkpdir/backup-semantic-tokens-20250713-153809/ai-documentation-templates.md
[2025-07-13 15:40:34] [REPLACE] Replaced        3 instances of 🔶 with [MEDIUM] in /Users/fareed/Documents/dev/go/bkpdir/backup-semantic-tokens-20250713-153809/ai-documentation-templates.md
[2025-07-13 15:40:34] [REPLACE] Replaced       10 instances of 🔻 with [LOW] in /Users/fareed/Documents/dev/go/bkpdir/backup-semantic-tokens-20250713-153809/ai-documentation-templates.md
[2025-07-13 15:40:34] [REPLACE] Replaced       25 instances of 🔧 with [ACTION:core-functionality] in /Users/fareed/Documents/dev/go/bkpdir/backup-semantic-tokens-20250713-153809/ai-documentation-templates.md
[2025-07-13 15:40:34] [REPLACE] Replaced        9 instances of 📝 with [ACTION:format-processing] in /Users/fareed/Documents/dev/go/bkpdir/backup-semantic-tokens-20250713-153809/ai-documentation-templates.md
[2025-07-13 15:40:34] [REPLACE] Replaced        6 instances of 🔍 with [ACTION:discovery] in /Users/fareed/Documents/dev/go/bkpdir/backup-semantic-tokens-20250713-153809/ai-documentation-templates.md
[2025-07-13 15:40:34] [REPLACE] Replaced       11 instances of 🛡️ with [ACTION:validation] in /Users/fareed/Documents/dev/go/bkpdir/backup-semantic-tokens-20250713-153809/ai-documentation-templates.md
[2025-07-13 15:40:34] [REPLACE] Replaced        3 instances of 🔄 with [ACTION:migration] in /Users/fareed/Documents/dev/go/bkpdir/backup-semantic-tokens-20250713-153809/ai-documentation-templates.md
[2025-07-13 15:40:34] [SUCCESS] Migrated /Users/fareed/Documents/dev/go/bkpdir/backup-semantic-tokens-20250713-153809/ai-documentation-templates.md with 78 changes
[2025-07-13 15:40:34] [INFO] Processing file: /Users/fareed/Documents/dev/go/bkpdir/backup-semantic-tokens-20250713-153809/create.go
[2025-07-13 15:40:34] [BACKUP] Created backup: /Users/fareed/Documents/dev/go/bkpdir/backup-semantic-tokens-simple-20250713-154016/create.go
[2025-07-13 15:40:34] [INFO] No changes needed for /Users/fareed/Documents/dev/go/bkpdir/backup-semantic-tokens-20250713-153809/create.go
[2025-07-13 15:40:34] [INFO] Processing file: /Users/fareed/Documents/dev/go/bkpdir/backup-semantic-tokens-20250713-153809/source-code-icon-guidelines.md
[2025-07-13 15:40:34] [BACKUP] Created backup: /Users/fareed/Documents/dev/go/bkpdir/backup-semantic-tokens-simple-20250713-154016/source-code-icon-guidelines.md
[2025-07-13 15:40:34] [REPLACE] Replaced       27 instances of ⭐ with [CRITICAL] in /Users/fareed/Documents/dev/go/bkpdir/backup-semantic-tokens-20250713-153809/source-code-icon-guidelines.md
[2025-07-13 15:40:34] [REPLACE] Replaced       36 instances of 🔺 with [HIGH] in /Users/fareed/Documents/dev/go/bkpdir/backup-semantic-tokens-20250713-153809/source-code-icon-guidelines.md
[2025-07-13 15:40:34] [REPLACE] Replaced       12 instances of 🔶 with [MEDIUM] in /Users/fareed/Documents/dev/go/bkpdir/backup-semantic-tokens-20250713-153809/source-code-icon-guidelines.md
[2025-07-13 15:40:34] [REPLACE] Replaced       11 instances of 🔻 with [LOW] in /Users/fareed/Documents/dev/go/bkpdir/backup-semantic-tokens-20250713-153809/source-code-icon-guidelines.md
[2025-07-13 15:40:34] [REPLACE] Replaced       14 instances of 🔧 with [ACTION:core-functionality] in /Users/fareed/Documents/dev/go/bkpdir/backup-semantic-tokens-20250713-153809/source-code-icon-guidelines.md
[2025-07-13 15:40:34] [REPLACE] Replaced       10 instances of 📝 with [ACTION:format-processing] in /Users/fareed/Documents/dev/go/bkpdir/backup-semantic-tokens-20250713-153809/source-code-icon-guidelines.md
[2025-07-13 15:40:34] [REPLACE] Replaced       11 instances of 🔍 with [ACTION:discovery] in /Users/fareed/Documents/dev/go/bkpdir/backup-semantic-tokens-20250713-153809/source-code-icon-guidelines.md
[2025-07-13 15:40:34] [REPLACE] Replaced        9 instances of 🛡️ with [ACTION:validation] in /Users/fareed/Documents/dev/go/bkpdir/backup-semantic-tokens-20250713-153809/source-code-icon-guidelines.md
[2025-07-13 15:40:34] [REPLACE] Replaced        5 instances of 🔄 with [ACTION:migration] in /Users/fareed/Documents/dev/go/bkpdir/backup-semantic-tokens-20250713-153809/source-code-icon-guidelines.md
[2025-07-13 15:40:34] [SUCCESS] Migrated /Users/fareed/Documents/dev/go/bkpdir/backup-semantic-tokens-20250713-153809/source-code-icon-guidelines.md with 135 changes
[2025-07-13 15:40:34] [INFO] Processing file: /Users/fareed/Documents/dev/go/bkpdir/backup-semantic-tokens-20250713-153809/requirements.md
[2025-07-13 15:40:34] [BACKUP] Created backup: /Users/fareed/Documents/dev/go/bkpdir/backup-semantic-tokens-simple-20250713-154016/requirements.md
[2025-07-13 15:40:34] [REPLACE] Replaced        3 instances of ⭐ with [CRITICAL] in /Users/fareed/Documents/dev/go/bkpdir/backup-semantic-tokens-20250713-153809/requirements.md
[2025-07-13 15:40:34] [REPLACE] Replaced        2 instances of 🔺 with [HIGH] in /Users/fareed/Documents/dev/go/bkpdir/backup-semantic-tokens-20250713-153809/requirements.md
[2025-07-13 15:40:34] [REPLACE] Replaced        4 instances of 🔻 with [LOW] in /Users/fareed/Documents/dev/go/bkpdir/backup-semantic-tokens-20250713-153809/requirements.md
[2025-07-13 15:40:34] [SUCCESS] Migrated /Users/fareed/Documents/dev/go/bkpdir/backup-semantic-tokens-20250713-153809/requirements.md with 9 changes
[2025-07-13 15:40:34] [INFO] Processing file: /Users/fareed/Documents/dev/go/bkpdir/backup-semantic-tokens-20250713-153809/ai-first-token-system-comprehensive.md
[2025-07-13 15:40:34] [BACKUP] Created backup: /Users/fareed/Documents/dev/go/bkpdir/backup-semantic-tokens-simple-20250713-154016/ai-first-token-system-comprehensive.md
[2025-07-13 15:40:34] [REPLACE] Replaced       25 instances of ⭐ with [CRITICAL] in /Users/fareed/Documents/dev/go/bkpdir/backup-semantic-tokens-20250713-153809/ai-first-token-system-comprehensive.md
[2025-07-13 15:40:34] [REPLACE] Replaced       19 instances of 🔺 with [HIGH] in /Users/fareed/Documents/dev/go/bkpdir/backup-semantic-tokens-20250713-153809/ai-first-token-system-comprehensive.md
[2025-07-13 15:40:34] [REPLACE] Replaced       16 instances of 🔶 with [MEDIUM] in /Users/fareed/Documents/dev/go/bkpdir/backup-semantic-tokens-20250713-153809/ai-first-token-system-comprehensive.md
[2025-07-13 15:40:34] [REPLACE] Replaced        7 instances of 🔻 with [LOW] in /Users/fareed/Documents/dev/go/bkpdir/backup-semantic-tokens-20250713-153809/ai-first-token-system-comprehensive.md
[2025-07-13 15:40:34] [REPLACE] Replaced        1 instances of 🔄 with [ACTION:migration] in /Users/fareed/Documents/dev/go/bkpdir/backup-semantic-tokens-20250713-153809/ai-first-token-system-comprehensive.md
[2025-07-13 15:40:34] [SUCCESS] Migrated /Users/fareed/Documents/dev/go/bkpdir/backup-semantic-tokens-20250713-153809/ai-first-token-system-comprehensive.md with 68 changes
[2025-07-13 15:40:34] [INFO] Processing file: /Users/fareed/Documents/dev/go/bkpdir/backup-semantic-tokens-20250713-153809/enhanced-token-syntax-specification.md
[2025-07-13 15:40:34] [BACKUP] Created backup: /Users/fareed/Documents/dev/go/bkpdir/backup-semantic-tokens-simple-20250713-154016/enhanced-token-syntax-specification.md
[2025-07-13 15:40:34] [REPLACE] Replaced       16 instances of ⭐ with [CRITICAL] in /Users/fareed/Documents/dev/go/bkpdir/backup-semantic-tokens-20250713-153809/enhanced-token-syntax-specification.md
[2025-07-13 15:40:34] [REPLACE] Replaced       19 instances of 🔺 with [HIGH] in /Users/fareed/Documents/dev/go/bkpdir/backup-semantic-tokens-20250713-153809/enhanced-token-syntax-specification.md
[2025-07-13 15:40:34] [REPLACE] Replaced       13 instances of 🔶 with [MEDIUM] in /Users/fareed/Documents/dev/go/bkpdir/backup-semantic-tokens-20250713-153809/enhanced-token-syntax-specification.md
[2025-07-13 15:40:35] [REPLACE] Replaced       12 instances of 🔻 with [LOW] in /Users/fareed/Documents/dev/go/bkpdir/backup-semantic-tokens-20250713-153809/enhanced-token-syntax-specification.md
[2025-07-13 15:40:35] [REPLACE] Replaced        2 instances of 🔧 with [ACTION:core-functionality] in /Users/fareed/Documents/dev/go/bkpdir/backup-semantic-tokens-20250713-153809/enhanced-token-syntax-specification.md
[2025-07-13 15:40:35] [REPLACE] Replaced        2 instances of 📝 with [ACTION:format-processing] in /Users/fareed/Documents/dev/go/bkpdir/backup-semantic-tokens-20250713-153809/enhanced-token-syntax-specification.md
[2025-07-13 15:40:35] [REPLACE] Replaced        1 instances of 🔍 with [ACTION:discovery] in /Users/fareed/Documents/dev/go/bkpdir/backup-semantic-tokens-20250713-153809/enhanced-token-syntax-specification.md
[2025-07-13 15:40:35] [REPLACE] Replaced        2 instances of 🛡️ with [ACTION:validation] in /Users/fareed/Documents/dev/go/bkpdir/backup-semantic-tokens-20250713-153809/enhanced-token-syntax-specification.md
[2025-07-13 15:40:35] [SUCCESS] Migrated /Users/fareed/Documents/dev/go/bkpdir/backup-semantic-tokens-20250713-153809/enhanced-token-syntax-specification.md with 67 changes
[2025-07-13 15:40:35] [INFO] Processing file: /Users/fareed/Documents/dev/go/bkpdir/backup-semantic-tokens-20250713-153809/unicode-migration-phase2-subtask2-code-layer-progress.md
[2025-07-13 15:40:35] [BACKUP] Created backup: /Users/fareed/Documents/dev/go/bkpdir/backup-semantic-tokens-simple-20250713-154016/unicode-migration-phase2-subtask2-code-layer-progress.md
[2025-07-13 15:40:35] [INFO] No changes needed for /Users/fareed/Documents/dev/go/bkpdir/backup-semantic-tokens-20250713-153809/unicode-migration-phase2-subtask2-code-layer-progress.md
[2025-07-13 15:40:35] [INFO] Processing file: /Users/fareed/Documents/dev/go/bkpdir/backup-semantic-tokens-20250713-153809/architecture.md
[2025-07-13 15:40:35] [BACKUP] Created backup: /Users/fareed/Documents/dev/go/bkpdir/backup-semantic-tokens-simple-20250713-154016/architecture.md
[2025-07-13 15:40:35] [REPLACE] Replaced        3 instances of ⭐ with [CRITICAL] in /Users/fareed/Documents/dev/go/bkpdir/backup-semantic-tokens-20250713-153809/architecture.md
[2025-07-13 15:40:35] [REPLACE] Replaced        4 instances of 🔺 with [HIGH] in /Users/fareed/Documents/dev/go/bkpdir/backup-semantic-tokens-20250713-153809/architecture.md
[2025-07-13 15:40:35] [REPLACE] Replaced        5 instances of 🔶 with [MEDIUM] in /Users/fareed/Documents/dev/go/bkpdir/backup-semantic-tokens-20250713-153809/architecture.md
[2025-07-13 15:40:35] [REPLACE] Replaced       12 instances of 🔻 with [LOW] in /Users/fareed/Documents/dev/go/bkpdir/backup-semantic-tokens-20250713-153809/architecture.md
[2025-07-13 15:40:35] [REPLACE] Replaced       10 instances of 🔧 with [ACTION:core-functionality] in /Users/fareed/Documents/dev/go/bkpdir/backup-semantic-tokens-20250713-153809/architecture.md
[2025-07-13 15:40:35] [REPLACE] Replaced        2 instances of 📝 with [ACTION:format-processing] in /Users/fareed/Documents/dev/go/bkpdir/backup-semantic-tokens-20250713-153809/architecture.md
[2025-07-13 15:40:35] [REPLACE] Replaced        2 instances of 🔍 with [ACTION:discovery] in /Users/fareed/Documents/dev/go/bkpdir/backup-semantic-tokens-20250713-153809/architecture.md
[2025-07-13 15:40:35] [REPLACE] Replaced        4 instances of 🛡️ with [ACTION:validation] in /Users/fareed/Documents/dev/go/bkpdir/backup-semantic-tokens-20250713-153809/architecture.md
[2025-07-13 15:40:35] [SUCCESS] Migrated /Users/fareed/Documents/dev/go/bkpdir/backup-semantic-tokens-20250713-153809/architecture.md with 42 changes
[2025-07-13 15:40:35] [INFO] Processing file: /Users/fareed/Documents/dev/go/bkpdir/backup-semantic-tokens-20250713-153809/default.yml
[2025-07-13 15:40:35] [BACKUP] Created backup: /Users/fareed/Documents/dev/go/bkpdir/backup-semantic-tokens-simple-20250713-154016/default.yml
[2025-07-13 15:40:35] [REPLACE] Replaced        1 instances of ⭐ with [CRITICAL] in /Users/fareed/Documents/dev/go/bkpdir/backup-semantic-tokens-20250713-153809/default.yml
[2025-07-13 15:40:35] [SUCCESS] Migrated /Users/fareed/Documents/dev/go/bkpdir/backup-semantic-tokens-20250713-153809/default.yml with 1 changes
[2025-07-13 15:40:35] [INFO] Processing file: /Users/fareed/Documents/dev/go/bkpdir/backup-semantic-tokens-20250713-153809/DOC-010-implementation-summary.md
[2025-07-13 15:40:35] [BACKUP] Created backup: /Users/fareed/Documents/dev/go/bkpdir/backup-semantic-tokens-simple-20250713-154016/DOC-010-implementation-summary.md
[2025-07-13 15:40:35] [REPLACE] Replaced        3 instances of ⭐ with [CRITICAL] in /Users/fareed/Documents/dev/go/bkpdir/backup-semantic-tokens-20250713-153809/DOC-010-implementation-summary.md
[2025-07-13 15:40:35] [REPLACE] Replaced        3 instances of 🔺 with [HIGH] in /Users/fareed/Documents/dev/go/bkpdir/backup-semantic-tokens-20250713-153809/DOC-010-implementation-summary.md
[2025-07-13 15:40:35] [REPLACE] Replaced       19 instances of 🔶 with [MEDIUM] in /Users/fareed/Documents/dev/go/bkpdir/backup-semantic-tokens-20250713-153809/DOC-010-implementation-summary.md
[2025-07-13 15:40:35] [REPLACE] Replaced        1 instances of 🔻 with [LOW] in /Users/fareed/Documents/dev/go/bkpdir/backup-semantic-tokens-20250713-153809/DOC-010-implementation-summary.md
[2025-07-13 15:40:35] [REPLACE] Replaced        9 instances of 🔧 with [ACTION:core-functionality] in /Users/fareed/Documents/dev/go/bkpdir/backup-semantic-tokens-20250713-153809/DOC-010-implementation-summary.md
[2025-07-13 15:40:35] [REPLACE] Replaced        1 instances of 📝 with [ACTION:format-processing] in /Users/fareed/Documents/dev/go/bkpdir/backup-semantic-tokens-20250713-153809/DOC-010-implementation-summary.md
[2025-07-13 15:40:35] [REPLACE] Replaced        5 instances of 🔍 with [ACTION:discovery] in /Users/fareed/Documents/dev/go/bkpdir/backup-semantic-tokens-20250713-153809/DOC-010-implementation-summary.md
[2025-07-13 15:40:35] [REPLACE] Replaced        4 instances of 🛡️ with [ACTION:validation] in /Users/fareed/Documents/dev/go/bkpdir/backup-semantic-tokens-20250713-153809/DOC-010-implementation-summary.md
[2025-07-13 15:40:35] [REPLACE] Replaced        1 instances of 🔄 with [ACTION:migration] in /Users/fareed/Documents/dev/go/bkpdir/backup-semantic-tokens-20250713-153809/DOC-010-implementation-summary.md
[2025-07-13 15:40:35] [SUCCESS] Migrated /Users/fareed/Documents/dev/go/bkpdir/backup-semantic-tokens-20250713-153809/DOC-010-implementation-summary.md with 46 changes
[2025-07-13 15:40:35] [INFO] Processing file: /Users/fareed/Documents/dev/go/bkpdir/backup-semantic-tokens-20250713-153809/ai-first-formatter-refactoring-plan.md
[2025-07-13 15:40:35] [BACKUP] Created backup: /Users/fareed/Documents/dev/go/bkpdir/backup-semantic-tokens-simple-20250713-154016/ai-first-formatter-refactoring-plan.md
[2025-07-13 15:40:35] [REPLACE] Replaced        1 instances of 📝 with [ACTION:format-processing] in /Users/fareed/Documents/dev/go/bkpdir/backup-semantic-tokens-20250713-153809/ai-first-formatter-refactoring-plan.md
[2025-07-13 15:40:35] [SUCCESS] Migrated /Users/fareed/Documents/dev/go/bkpdir/backup-semantic-tokens-20250713-153809/ai-first-formatter-refactoring-plan.md with 1 changes
[2025-07-13 15:40:35] [INFO] Processing file: /Users/fareed/Documents/dev/go/bkpdir/backup-semantic-tokens-20250713-153809/binary-installation-instructions-working-plan.md
[2025-07-13 15:40:35] [BACKUP] Created backup: /Users/fareed/Documents/dev/go/bkpdir/backup-semantic-tokens-simple-20250713-154016/binary-installation-instructions-working-plan.md
[2025-07-13 15:40:35] [REPLACE] Replaced        1 instances of ⭐ with [CRITICAL] in /Users/fareed/Documents/dev/go/bkpdir/backup-semantic-tokens-20250713-153809/binary-installation-instructions-working-plan.md
[2025-07-13 15:40:35] [REPLACE] Replaced        1 instances of 🔧 with [ACTION:core-functionality] in /Users/fareed/Documents/dev/go/bkpdir/backup-semantic-tokens-20250713-153809/binary-installation-instructions-working-plan.md
[2025-07-13 15:40:35] [REPLACE] Replaced        1 instances of 🔄 with [ACTION:migration] in /Users/fareed/Documents/dev/go/bkpdir/backup-semantic-tokens-20250713-153809/binary-installation-instructions-working-plan.md
[2025-07-13 15:40:35] [SUCCESS] Migrated /Users/fareed/Documents/dev/go/bkpdir/backup-semantic-tokens-20250713-153809/binary-installation-instructions-working-plan.md with 3 changes
[2025-07-13 15:40:35] [INFO] Processing file: /Users/fareed/Documents/dev/go/bkpdir/backup-semantic-tokens-20250713-153809/DOC-012-completion-report.md
[2025-07-13 15:40:35] [BACKUP] Created backup: /Users/fareed/Documents/dev/go/bkpdir/backup-semantic-tokens-simple-20250713-154016/DOC-012-completion-report.md
[2025-07-13 15:40:35] [REPLACE] Replaced        1 instances of 🔶 with [MEDIUM] in /Users/fareed/Documents/dev/go/bkpdir/backup-semantic-tokens-20250713-153809/DOC-012-completion-report.md
[2025-07-13 15:40:35] [REPLACE] Replaced        1 instances of 🔍 with [ACTION:discovery] in /Users/fareed/Documents/dev/go/bkpdir/backup-semantic-tokens-20250713-153809/DOC-012-completion-report.md
[2025-07-13 15:40:35] [SUCCESS] Migrated /Users/fareed/Documents/dev/go/bkpdir/backup-semantic-tokens-20250713-153809/DOC-012-completion-report.md with 2 changes
[2025-07-13 15:40:35] [INFO] Processing file: /Users/fareed/Documents/dev/go/bkpdir/backup-semantic-tokens-20250713-153809/validation_performance_test.go
[2025-07-13 15:40:35] [BACKUP] Created backup: /Users/fareed/Documents/dev/go/bkpdir/backup-semantic-tokens-simple-20250713-154016/validation_performance_test.go
[2025-07-13 15:40:35] [INFO] No changes needed for /Users/fareed/Documents/dev/go/bkpdir/backup-semantic-tokens-20250713-153809/validation_performance_test.go
[2025-07-13 15:40:35] [INFO] Processing file: /Users/fareed/Documents/dev/go/bkpdir/backup-semantic-tokens-20250713-153809/refactoring_validation_test.go
[2025-07-13 15:40:35] [BACKUP] Created backup: /Users/fareed/Documents/dev/go/bkpdir/backup-semantic-tokens-simple-20250713-154016/refactoring_validation_test.go
[2025-07-13 15:40:35] [REPLACE] Replaced        1 instances of 🔶 with [MEDIUM] in /Users/fareed/Documents/dev/go/bkpdir/backup-semantic-tokens-20250713-153809/refactoring_validation_test.go
[2025-07-13 15:40:35] [SUCCESS] Migrated /Users/fareed/Documents/dev/go/bkpdir/backup-semantic-tokens-20250713-153809/refactoring_validation_test.go with 1 changes
[2025-07-13 15:40:35] [INFO] Processing file: /Users/fareed/Documents/dev/go/bkpdir/backup-semantic-tokens-20250713-153809/decision_metrics_test.go
[2025-07-13 15:40:35] [BACKUP] Created backup: /Users/fareed/Documents/dev/go/bkpdir/backup-semantic-tokens-simple-20250713-154016/decision_metrics_test.go
[2025-07-13 15:40:36] [INFO] No changes needed for /Users/fareed/Documents/dev/go/bkpdir/backup-semantic-tokens-20250713-153809/decision_metrics_test.go
[2025-07-13 15:40:36] [INFO] Processing file: /Users/fareed/Documents/dev/go/bkpdir/backup-semantic-tokens-20250713-153809/AI-First-Development-Procedure-Complete-Guide.md
[2025-07-13 15:40:36] [BACKUP] Created backup: /Users/fareed/Documents/dev/go/bkpdir/backup-semantic-tokens-simple-20250713-154016/AI-First-Development-Procedure-Complete-Guide.md
[2025-07-13 15:40:36] [REPLACE] Replaced        2 instances of ⭐ with [CRITICAL] in /Users/fareed/Documents/dev/go/bkpdir/backup-semantic-tokens-20250713-153809/AI-First-Development-Procedure-Complete-Guide.md
[2025-07-13 15:40:36] [REPLACE] Replaced        1 instances of 🔺 with [HIGH] in /Users/fareed/Documents/dev/go/bkpdir/backup-semantic-tokens-20250713-153809/AI-First-Development-Procedure-Complete-Guide.md
[2025-07-13 15:40:36] [REPLACE] Replaced        9 instances of 🔧 with [ACTION:core-functionality] in /Users/fareed/Documents/dev/go/bkpdir/backup-semantic-tokens-20250713-153809/AI-First-Development-Procedure-Complete-Guide.md
[2025-07-13 15:40:36] [REPLACE] Replaced        2 instances of 📝 with [ACTION:format-processing] in /Users/fareed/Documents/dev/go/bkpdir/backup-semantic-tokens-20250713-153809/AI-First-Development-Procedure-Complete-Guide.md
[2025-07-13 15:40:36] [REPLACE] Replaced        1 instances of 🔍 with [ACTION:discovery] in /Users/fareed/Documents/dev/go/bkpdir/backup-semantic-tokens-20250713-153809/AI-First-Development-Procedure-Complete-Guide.md
[2025-07-13 15:40:36] [REPLACE] Replaced        8 instances of 🛡️ with [ACTION:validation] in /Users/fareed/Documents/dev/go/bkpdir/backup-semantic-tokens-20250713-153809/AI-First-Development-Procedure-Complete-Guide.md
[2025-07-13 15:40:36] [REPLACE] Replaced        2 instances of 🔄 with [ACTION:migration] in /Users/fareed/Documents/dev/go/bkpdir/backup-semantic-tokens-20250713-153809/AI-First-Development-Procedure-Complete-Guide.md
[2025-07-13 15:40:36] [SUCCESS] Migrated /Users/fareed/Documents/dev/go/bkpdir/backup-semantic-tokens-20250713-153809/AI-First-Development-Procedure-Complete-Guide.md with 25 changes
[2025-07-13 15:40:36] [INFO] Processing file: /Users/fareed/Documents/dev/go/bkpdir/backup-semantic-tokens-20250713-153809/configuration-troubleshooting.md
[2025-07-13 15:40:36] [BACKUP] Created backup: /Users/fareed/Documents/dev/go/bkpdir/backup-semantic-tokens-simple-20250713-154016/configuration-troubleshooting.md
[2025-07-13 15:40:36] [REPLACE] Replaced        1 instances of 🔻 with [LOW] in /Users/fareed/Documents/dev/go/bkpdir/backup-semantic-tokens-20250713-153809/configuration-troubleshooting.md
[2025-07-13 15:40:36] [REPLACE] Replaced        1 instances of 🔧 with [ACTION:core-functionality] in /Users/fareed/Documents/dev/go/bkpdir/backup-semantic-tokens-20250713-153809/configuration-troubleshooting.md
[2025-07-13 15:40:36] [REPLACE] Replaced        2 instances of 📝 with [ACTION:format-processing] in /Users/fareed/Documents/dev/go/bkpdir/backup-semantic-tokens-20250713-153809/configuration-troubleshooting.md
[2025-07-13 15:40:36] [REPLACE] Replaced        1 instances of 🔍 with [ACTION:discovery] in /Users/fareed/Documents/dev/go/bkpdir/backup-semantic-tokens-20250713-153809/configuration-troubleshooting.md
[2025-07-13 15:40:36] [REPLACE] Replaced        1 instances of 🛠️ with [ACTION:maintenance] in /Users/fareed/Documents/dev/go/bkpdir/backup-semantic-tokens-20250713-153809/configuration-troubleshooting.md
[2025-07-13 15:40:36] [SUCCESS] Migrated /Users/fareed/Documents/dev/go/bkpdir/backup-semantic-tokens-20250713-153809/configuration-troubleshooting.md with 6 changes
[2025-07-13 15:40:36] [INFO] Processing file: /Users/fareed/Documents/dev/go/bkpdir/backup-semantic-tokens-20250713-153809/realtime_validator.go
[2025-07-13 15:40:36] [BACKUP] Created backup: /Users/fareed/Documents/dev/go/bkpdir/backup-semantic-tokens-simple-20250713-154016/realtime_validator.go
[2025-07-13 15:40:36] [REPLACE] Replaced        2 instances of ⭐ with [CRITICAL] in /Users/fareed/Documents/dev/go/bkpdir/backup-semantic-tokens-20250713-153809/realtime_validator.go
[2025-07-13 15:40:36] [REPLACE] Replaced        1 instances of 🔺 with [HIGH] in /Users/fareed/Documents/dev/go/bkpdir/backup-semantic-tokens-20250713-153809/realtime_validator.go
[2025-07-13 15:40:36] [REPLACE] Replaced        4 instances of 🔶 with [MEDIUM] in /Users/fareed/Documents/dev/go/bkpdir/backup-semantic-tokens-20250713-153809/realtime_validator.go
[2025-07-13 15:40:36] [REPLACE] Replaced        1 instances of 🔻 with [LOW] in /Users/fareed/Documents/dev/go/bkpdir/backup-semantic-tokens-20250713-153809/realtime_validator.go
[2025-07-13 15:40:36] [REPLACE] Replaced        1 instances of 🛡️ with [ACTION:validation] in /Users/fareed/Documents/dev/go/bkpdir/backup-semantic-tokens-20250713-153809/realtime_validator.go
[2025-07-13 15:40:36] [SUCCESS] Migrated /Users/fareed/Documents/dev/go/bkpdir/backup-semantic-tokens-20250713-153809/realtime_validator.go with 9 changes
[2025-07-13 15:40:36] [INFO] Processing file: /Users/fareed/Documents/dev/go/bkpdir/backup-semantic-tokens-20250713-153809/working-plan-extract-010.md
[2025-07-13 15:40:36] [BACKUP] Created backup: /Users/fareed/Documents/dev/go/bkpdir/backup-semantic-tokens-simple-20250713-154016/working-plan-extract-010.md
[2025-07-13 15:40:36] [REPLACE] Replaced        4 instances of 🔺 with [HIGH] in /Users/fareed/Documents/dev/go/bkpdir/backup-semantic-tokens-20250713-153809/working-plan-extract-010.md
[2025-07-13 15:40:36] [REPLACE] Replaced        3 instances of 🔶 with [MEDIUM] in /Users/fareed/Documents/dev/go/bkpdir/backup-semantic-tokens-20250713-153809/working-plan-extract-010.md
[2025-07-13 15:40:36] [REPLACE] Replaced        1 instances of 🔧 with [ACTION:core-functionality] in /Users/fareed/Documents/dev/go/bkpdir/backup-semantic-tokens-20250713-153809/working-plan-extract-010.md
[2025-07-13 15:40:36] [REPLACE] Replaced        2 instances of 📝 with [ACTION:format-processing] in /Users/fareed/Documents/dev/go/bkpdir/backup-semantic-tokens-20250713-153809/working-plan-extract-010.md
[2025-07-13 15:40:36] [REPLACE] Replaced        1 instances of 🔍 with [ACTION:discovery] in /Users/fareed/Documents/dev/go/bkpdir/backup-semantic-tokens-20250713-153809/working-plan-extract-010.md
[2025-07-13 15:40:36] [REPLACE] Replaced        1 instances of 🛠️ with [ACTION:maintenance] in /Users/fareed/Documents/dev/go/bkpdir/backup-semantic-tokens-20250713-153809/working-plan-extract-010.md
[2025-07-13 15:40:36] [REPLACE] Replaced        1 instances of 🛡️ with [ACTION:validation] in /Users/fareed/Documents/dev/go/bkpdir/backup-semantic-tokens-20250713-153809/working-plan-extract-010.md
[2025-07-13 15:40:36] [REPLACE] Replaced        3 instances of 🔄 with [ACTION:migration] in /Users/fareed/Documents/dev/go/bkpdir/backup-semantic-tokens-20250713-153809/working-plan-extract-010.md
[2025-07-13 15:40:36] [SUCCESS] Migrated /Users/fareed/Documents/dev/go/bkpdir/backup-semantic-tokens-20250713-153809/working-plan-extract-010.md with 16 changes
[2025-07-13 15:40:36] [INFO] Processing file: /Users/fareed/Documents/dev/go/bkpdir/backup-semantic-tokens-20250713-153809/unicode-migration-phase1-completion-summary.md
[2025-07-13 15:40:36] [BACKUP] Created backup: /Users/fareed/Documents/dev/go/bkpdir/backup-semantic-tokens-simple-20250713-154016/unicode-migration-phase1-completion-summary.md
[2025-07-13 15:40:36] [REPLACE] Replaced        2 instances of 🔄 with [ACTION:migration] in /Users/fareed/Documents/dev/go/bkpdir/backup-semantic-tokens-20250713-153809/unicode-migration-phase1-completion-summary.md
[2025-07-13 15:40:36] [SUCCESS] Migrated /Users/fareed/Documents/dev/go/bkpdir/backup-semantic-tokens-20250713-153809/unicode-migration-phase1-completion-summary.md with 2 changes
[2025-07-13 15:40:36] [INFO] Processing file: /Users/fareed/Documents/dev/go/bkpdir/backup-semantic-tokens-20250713-153809/ai-decision-framework.md
[2025-07-13 15:40:36] [BACKUP] Created backup: /Users/fareed/Documents/dev/go/bkpdir/backup-semantic-tokens-simple-20250713-154016/ai-decision-framework.md
[2025-07-13 15:40:36] [REPLACE] Replaced        9 instances of ⭐ with [CRITICAL] in /Users/fareed/Documents/dev/go/bkpdir/backup-semantic-tokens-20250713-153809/ai-decision-framework.md
[2025-07-13 15:40:36] [REPLACE] Replaced        4 instances of 🔺 with [HIGH] in /Users/fareed/Documents/dev/go/bkpdir/backup-semantic-tokens-20250713-153809/ai-decision-framework.md
[2025-07-13 15:40:36] [REPLACE] Replaced        3 instances of 🔶 with [MEDIUM] in /Users/fareed/Documents/dev/go/bkpdir/backup-semantic-tokens-20250713-153809/ai-decision-framework.md
[2025-07-13 15:40:36] [REPLACE] Replaced        3 instances of 🔻 with [LOW] in /Users/fareed/Documents/dev/go/bkpdir/backup-semantic-tokens-20250713-153809/ai-decision-framework.md
[2025-07-13 15:40:36] [REPLACE] Replaced        9 instances of 🔧 with [ACTION:core-functionality] in /Users/fareed/Documents/dev/go/bkpdir/backup-semantic-tokens-20250713-153809/ai-decision-framework.md
[2025-07-13 15:40:36] [REPLACE] Replaced        6 instances of 📝 with [ACTION:format-processing] in /Users/fareed/Documents/dev/go/bkpdir/backup-semantic-tokens-20250713-153809/ai-decision-framework.md
[2025-07-13 15:40:36] [REPLACE] Replaced        2 instances of 🔍 with [ACTION:discovery] in /Users/fareed/Documents/dev/go/bkpdir/backup-semantic-tokens-20250713-153809/ai-decision-framework.md
[2025-07-13 15:40:36] [REPLACE] Replaced        7 instances of 🛡️ with [ACTION:validation] in /Users/fareed/Documents/dev/go/bkpdir/backup-semantic-tokens-20250713-153809/ai-decision-framework.md
[2025-07-13 15:40:36] [REPLACE] Replaced        1 instances of 🔄 with [ACTION:migration] in /Users/fareed/Documents/dev/go/bkpdir/backup-semantic-tokens-20250713-153809/ai-decision-framework.md
[2025-07-13 15:40:36] [SUCCESS] Migrated /Users/fareed/Documents/dev/go/bkpdir/backup-semantic-tokens-20250713-153809/ai-decision-framework.md with 44 changes
[2025-07-13 15:40:36] [INFO] Processing file: /Users/fareed/Documents/dev/go/bkpdir/backup-semantic-tokens-20250713-153809/advanced-patterns.md
[2025-07-13 15:40:36] [BACKUP] Created backup: /Users/fareed/Documents/dev/go/bkpdir/backup-semantic-tokens-simple-20250713-154016/advanced-patterns.md
[2025-07-13 15:40:36] [REPLACE] Replaced       13 instances of 🔺 with [HIGH] in /Users/fareed/Documents/dev/go/bkpdir/backup-semantic-tokens-20250713-153809/advanced-patterns.md
[2025-07-13 15:40:36] [REPLACE] Replaced        2 instances of 🔧 with [ACTION:core-functionality] in /Users/fareed/Documents/dev/go/bkpdir/backup-semantic-tokens-20250713-153809/advanced-patterns.md
[2025-07-13 15:40:36] [REPLACE] Replaced        1 instances of 🛡️ with [ACTION:validation] in /Users/fareed/Documents/dev/go/bkpdir/backup-semantic-tokens-20250713-153809/advanced-patterns.md
[2025-07-13 15:40:36] [REPLACE] Replaced        1 instances of 🔄 with [ACTION:migration] in /Users/fareed/Documents/dev/go/bkpdir/backup-semantic-tokens-20250713-153809/advanced-patterns.md
[2025-07-13 15:40:36] [SUCCESS] Migrated /Users/fareed/Documents/dev/go/bkpdir/backup-semantic-tokens-20250713-153809/advanced-patterns.md with 17 changes
[2025-07-13 15:40:36] [INFO] Processing file: /Users/fareed/Documents/dev/go/bkpdir/backup-semantic-tokens-20250713-153809/tiered-performance-testing-strategy.md
[2025-07-13 15:40:36] [BACKUP] Created backup: /Users/fareed/Documents/dev/go/bkpdir/backup-semantic-tokens-simple-20250713-154016/tiered-performance-testing-strategy.md
[2025-07-13 15:40:36] [REPLACE] Replaced        1 instances of 🔧 with [ACTION:core-functionality] in /Users/fareed/Documents/dev/go/bkpdir/backup-semantic-tokens-20250713-153809/tiered-performance-testing-strategy.md
[2025-07-13 15:40:36] [REPLACE] Replaced        1 instances of 📝 with [ACTION:format-processing] in /Users/fareed/Documents/dev/go/bkpdir/backup-semantic-tokens-20250713-153809/tiered-performance-testing-strategy.md
[2025-07-13 15:40:37] [REPLACE] Replaced        1 instances of 🔄 with [ACTION:migration] in /Users/fareed/Documents/dev/go/bkpdir/backup-semantic-tokens-20250713-153809/tiered-performance-testing-strategy.md
[2025-07-13 15:40:37] [SUCCESS] Migrated /Users/fareed/Documents/dev/go/bkpdir/backup-semantic-tokens-20250713-153809/tiered-performance-testing-strategy.md with 3 changes
[2025-07-13 15:40:37] [INFO] Processing file: /Users/fareed/Documents/dev/go/bkpdir/backup-semantic-tokens-20250713-153809/example.yml
[2025-07-13 15:40:37] [BACKUP] Created backup: /Users/fareed/Documents/dev/go/bkpdir/backup-semantic-tokens-simple-20250713-154016/example.yml
[2025-07-13 15:40:37] [REPLACE] Replaced        1 instances of ⭐ with [CRITICAL] in /Users/fareed/Documents/dev/go/bkpdir/backup-semantic-tokens-20250713-153809/example.yml
[2025-07-13 15:40:37] [SUCCESS] Migrated /Users/fareed/Documents/dev/go/bkpdir/backup-semantic-tokens-20250713-153809/example.yml with 1 changes
[2025-07-13 15:40:37] [INFO] Processing file: /Users/fareed/Documents/dev/go/bkpdir/backup-semantic-tokens-20250713-153809/semantic-token-system-requirements.md
[2025-07-13 15:40:37] [BACKUP] Created backup: /Users/fareed/Documents/dev/go/bkpdir/backup-semantic-tokens-simple-20250713-154016/semantic-token-system-requirements.md
[2025-07-13 15:40:37] [REPLACE] Replaced        1 instances of ⭐ with [CRITICAL] in /Users/fareed/Documents/dev/go/bkpdir/backup-semantic-tokens-20250713-153809/semantic-token-system-requirements.md
[2025-07-13 15:40:37] [REPLACE] Replaced        1 instances of 🔧 with [ACTION:core-functionality] in /Users/fareed/Documents/dev/go/bkpdir/backup-semantic-tokens-20250713-153809/semantic-token-system-requirements.md
[2025-07-13 15:40:37] [SUCCESS] Migrated /Users/fareed/Documents/dev/go/bkpdir/backup-semantic-tokens-20250713-153809/semantic-token-system-requirements.md with 2 changes
[2025-07-13 15:40:37] [INFO] Processing file: /Users/fareed/Documents/dev/go/bkpdir/backup-semantic-tokens-20250713-153809/ai-assistant-compliance.md
[2025-07-13 15:40:37] [BACKUP] Created backup: /Users/fareed/Documents/dev/go/bkpdir/backup-semantic-tokens-simple-20250713-154016/ai-assistant-compliance.md
[2025-07-13 15:40:37] [REPLACE] Replaced       15 instances of ⭐ with [CRITICAL] in /Users/fareed/Documents/dev/go/bkpdir/backup-semantic-tokens-20250713-153809/ai-assistant-compliance.md
[2025-07-13 15:40:37] [REPLACE] Replaced       13 instances of 🔺 with [HIGH] in /Users/fareed/Documents/dev/go/bkpdir/backup-semantic-tokens-20250713-153809/ai-assistant-compliance.md
[2025-07-13 15:40:37] [REPLACE] Replaced        6 instances of 🔶 with [MEDIUM] in /Users/fareed/Documents/dev/go/bkpdir/backup-semantic-tokens-20250713-153809/ai-assistant-compliance.md
[2025-07-13 15:40:37] [REPLACE] Replaced        3 instances of 🔻 with [LOW] in /Users/fareed/Documents/dev/go/bkpdir/backup-semantic-tokens-20250713-153809/ai-assistant-compliance.md
[2025-07-13 15:40:37] [REPLACE] Replaced       10 instances of 🔧 with [ACTION:core-functionality] in /Users/fareed/Documents/dev/go/bkpdir/backup-semantic-tokens-20250713-153809/ai-assistant-compliance.md
[2025-07-13 15:40:37] [REPLACE] Replaced        6 instances of 📝 with [ACTION:format-processing] in /Users/fareed/Documents/dev/go/bkpdir/backup-semantic-tokens-20250713-153809/ai-assistant-compliance.md
[2025-07-13 15:40:37] [REPLACE] Replaced        9 instances of 🔍 with [ACTION:discovery] in /Users/fareed/Documents/dev/go/bkpdir/backup-semantic-tokens-20250713-153809/ai-assistant-compliance.md
[2025-07-13 15:40:37] [REPLACE] Replaced       12 instances of 🛡️ with [ACTION:validation] in /Users/fareed/Documents/dev/go/bkpdir/backup-semantic-tokens-20250713-153809/ai-assistant-compliance.md
[2025-07-13 15:40:37] [REPLACE] Replaced        3 instances of 🔄 with [ACTION:migration] in /Users/fareed/Documents/dev/go/bkpdir/backup-semantic-tokens-20250713-153809/ai-assistant-compliance.md
[2025-07-13 15:40:37] [SUCCESS] Migrated /Users/fareed/Documents/dev/go/bkpdir/backup-semantic-tokens-20250713-153809/ai-assistant-compliance.md with 77 changes
[2025-07-13 15:40:37] [INFO] Processing file: /Users/fareed/Documents/dev/go/bkpdir/backup-semantic-tokens-20250713-153809/migration-guide.md
[2025-07-13 15:40:37] [BACKUP] Created backup: /Users/fareed/Documents/dev/go/bkpdir/backup-semantic-tokens-simple-20250713-154016/migration-guide.md
[2025-07-13 15:40:37] [REPLACE] Replaced        3 instances of 🔶 with [MEDIUM] in /Users/fareed/Documents/dev/go/bkpdir/backup-semantic-tokens-20250713-153809/migration-guide.md
[2025-07-13 15:40:37] [REPLACE] Replaced       12 instances of 🔧 with [ACTION:core-functionality] in /Users/fareed/Documents/dev/go/bkpdir/backup-semantic-tokens-20250713-153809/migration-guide.md
[2025-07-13 15:40:37] [REPLACE] Replaced        1 instances of 📝 with [ACTION:format-processing] in /Users/fareed/Documents/dev/go/bkpdir/backup-semantic-tokens-20250713-153809/migration-guide.md
[2025-07-13 15:40:37] [REPLACE] Replaced        4 instances of 🔍 with [ACTION:discovery] in /Users/fareed/Documents/dev/go/bkpdir/backup-semantic-tokens-20250713-153809/migration-guide.md
[2025-07-13 15:40:37] [REPLACE] Replaced        1 instances of 🛠️ with [ACTION:maintenance] in /Users/fareed/Documents/dev/go/bkpdir/backup-semantic-tokens-20250713-153809/migration-guide.md
[2025-07-13 15:40:37] [REPLACE] Replaced        1 instances of 🛡️ with [ACTION:validation] in /Users/fareed/Documents/dev/go/bkpdir/backup-semantic-tokens-20250713-153809/migration-guide.md
[2025-07-13 15:40:37] [REPLACE] Replaced        3 instances of 🔄 with [ACTION:migration] in /Users/fareed/Documents/dev/go/bkpdir/backup-semantic-tokens-20250713-153809/migration-guide.md
[2025-07-13 15:40:37] [SUCCESS] Migrated /Users/fareed/Documents/dev/go/bkpdir/backup-semantic-tokens-20250713-153809/migration-guide.md with 25 changes
[2025-07-13 15:40:37] [INFO] Processing file: /Users/fareed/Documents/dev/go/bkpdir/backup-semantic-tokens-20250713-153809/CFG-006-subtask-7-comprehensive-testing-plan.md
[2025-07-13 15:40:37] [BACKUP] Created backup: /Users/fareed/Documents/dev/go/bkpdir/backup-semantic-tokens-simple-20250713-154016/CFG-006-subtask-7-comprehensive-testing-plan.md
[2025-07-13 15:40:37] [REPLACE] Replaced        1 instances of ⭐ with [CRITICAL] in /Users/fareed/Documents/dev/go/bkpdir/backup-semantic-tokens-20250713-153809/CFG-006-subtask-7-comprehensive-testing-plan.md
[2025-07-13 15:40:37] [REPLACE] Replaced        7 instances of 🔺 with [HIGH] in /Users/fareed/Documents/dev/go/bkpdir/backup-semantic-tokens-20250713-153809/CFG-006-subtask-7-comprehensive-testing-plan.md
[2025-07-13 15:40:37] [REPLACE] Replaced        3 instances of 🔶 with [MEDIUM] in /Users/fareed/Documents/dev/go/bkpdir/backup-semantic-tokens-20250713-153809/CFG-006-subtask-7-comprehensive-testing-plan.md
[2025-07-13 15:40:37] [REPLACE] Replaced        1 instances of 🔧 with [ACTION:core-functionality] in /Users/fareed/Documents/dev/go/bkpdir/backup-semantic-tokens-20250713-153809/CFG-006-subtask-7-comprehensive-testing-plan.md
[2025-07-13 15:40:37] [REPLACE] Replaced        1 instances of 📝 with [ACTION:format-processing] in /Users/fareed/Documents/dev/go/bkpdir/backup-semantic-tokens-20250713-153809/CFG-006-subtask-7-comprehensive-testing-plan.md
[2025-07-13 15:40:37] [REPLACE] Replaced        3 instances of 🔍 with [ACTION:discovery] in /Users/fareed/Documents/dev/go/bkpdir/backup-semantic-tokens-20250713-153809/CFG-006-subtask-7-comprehensive-testing-plan.md
[2025-07-13 15:40:37] [SUCCESS] Migrated /Users/fareed/Documents/dev/go/bkpdir/backup-semantic-tokens-20250713-153809/CFG-006-subtask-7-comprehensive-testing-plan.md with 16 changes
[2025-07-13 15:40:37] [INFO] Processing file: /Users/fareed/Documents/dev/go/bkpdir/backup-semantic-tokens-20250713-153809/troubleshooting.md
[2025-07-13 15:40:37] [BACKUP] Created backup: /Users/fareed/Documents/dev/go/bkpdir/backup-semantic-tokens-simple-20250713-154016/troubleshooting.md
[2025-07-13 15:40:37] [REPLACE] Replaced       11 instances of 🔺 with [HIGH] in /Users/fareed/Documents/dev/go/bkpdir/backup-semantic-tokens-20250713-153809/troubleshooting.md
[2025-07-13 15:40:37] [REPLACE] Replaced        1 instances of 🔧 with [ACTION:core-functionality] in /Users/fareed/Documents/dev/go/bkpdir/backup-semantic-tokens-20250713-153809/troubleshooting.md
[2025-07-13 15:40:37] [REPLACE] Replaced        1 instances of 🔍 with [ACTION:discovery] in /Users/fareed/Documents/dev/go/bkpdir/backup-semantic-tokens-20250713-153809/troubleshooting.md
[2025-07-13 15:40:37] [REPLACE] Replaced        1 instances of 🛠️ with [ACTION:maintenance] in /Users/fareed/Documents/dev/go/bkpdir/backup-semantic-tokens-20250713-153809/troubleshooting.md
[2025-07-13 15:40:37] [SUCCESS] Migrated /Users/fareed/Documents/dev/go/bkpdir/backup-semantic-tokens-20250713-153809/troubleshooting.md with 14 changes
[2025-07-13 15:40:37] [INFO] Processing file: /Users/fareed/Documents/dev/go/bkpdir/backup-semantic-tokens-20250713-153809/CFG-006-performance-optimization-plan.md
[2025-07-13 15:40:37] [BACKUP] Created backup: /Users/fareed/Documents/dev/go/bkpdir/backup-semantic-tokens-simple-20250713-154016/CFG-006-performance-optimization-plan.md
[2025-07-13 15:40:37] [REPLACE] Replaced       18 instances of 🔶 with [MEDIUM] in /Users/fareed/Documents/dev/go/bkpdir/backup-semantic-tokens-20250713-153809/CFG-006-performance-optimization-plan.md
[2025-07-13 15:40:37] [REPLACE] Replaced        3 instances of 🔧 with [ACTION:core-functionality] in /Users/fareed/Documents/dev/go/bkpdir/backup-semantic-tokens-20250713-153809/CFG-006-performance-optimization-plan.md
[2025-07-13 15:40:37] [REPLACE] Replaced        4 instances of 📝 with [ACTION:format-processing] in /Users/fareed/Documents/dev/go/bkpdir/backup-semantic-tokens-20250713-153809/CFG-006-performance-optimization-plan.md
[2025-07-13 15:40:37] [REPLACE] Replaced        2 instances of 🔍 with [ACTION:discovery] in /Users/fareed/Documents/dev/go/bkpdir/backup-semantic-tokens-20250713-153809/CFG-006-performance-optimization-plan.md
[2025-07-13 15:40:37] [REPLACE] Replaced        2 instances of 🛡️ with [ACTION:validation] in /Users/fareed/Documents/dev/go/bkpdir/backup-semantic-tokens-20250713-153809/CFG-006-performance-optimization-plan.md
[2025-07-13 15:40:37] [SUCCESS] Migrated /Users/fareed/Documents/dev/go/bkpdir/backup-semantic-tokens-20250713-153809/CFG-006-performance-optimization-plan.md with 29 changes
[2025-07-13 15:40:37] [INFO] Processing file: /Users/fareed/Documents/dev/go/bkpdir/backup-semantic-tokens-20250713-153809/implementation-status.md
[2025-07-13 15:40:37] [BACKUP] Created backup: /Users/fareed/Documents/dev/go/bkpdir/backup-semantic-tokens-simple-20250713-154016/implementation-status.md
[2025-07-13 15:40:37] [INFO] No changes needed for /Users/fareed/Documents/dev/go/bkpdir/backup-semantic-tokens-20250713-153809/implementation-status.md
[2025-07-13 15:40:37] [INFO] Processing file: /Users/fareed/Documents/dev/go/bkpdir/backup-semantic-tokens-20250713-153809/ai_error_formatter.go
[2025-07-13 15:40:37] [BACKUP] Created backup: /Users/fareed/Documents/dev/go/bkpdir/backup-semantic-tokens-simple-20250713-154016/ai_error_formatter.go
[2025-07-13 15:40:37] [REPLACE] Replaced        2 instances of ⭐ with [CRITICAL] in /Users/fareed/Documents/dev/go/bkpdir/backup-semantic-tokens-20250713-153809/ai_error_formatter.go
[2025-07-13 15:40:37] [REPLACE] Replaced        2 instances of 🔺 with [HIGH] in /Users/fareed/Documents/dev/go/bkpdir/backup-semantic-tokens-20250713-153809/ai_error_formatter.go
[2025-07-13 15:40:37] [REPLACE] Replaced        2 instances of 🔶 with [MEDIUM] in /Users/fareed/Documents/dev/go/bkpdir/backup-semantic-tokens-20250713-153809/ai_error_formatter.go
[2025-07-13 15:40:38] [REPLACE] Replaced        2 instances of 🔻 with [LOW] in /Users/fareed/Documents/dev/go/bkpdir/backup-semantic-tokens-20250713-153809/ai_error_formatter.go
[2025-07-13 15:40:38] [REPLACE] Replaced        1 instances of 🛡️ with [ACTION:validation] in /Users/fareed/Documents/dev/go/bkpdir/backup-semantic-tokens-20250713-153809/ai_error_formatter.go
[2025-07-13 15:40:38] [SUCCESS] Migrated /Users/fareed/Documents/dev/go/bkpdir/backup-semantic-tokens-20250713-153809/ai_error_formatter.go with 9 changes
[2025-07-13 15:40:38] [INFO] Processing file: /Users/fareed/Documents/dev/go/bkpdir/backup-semantic-tokens-20250713-153809/package-reference.md
[2025-07-13 15:40:38] [BACKUP] Created backup: /Users/fareed/Documents/dev/go/bkpdir/backup-semantic-tokens-simple-20250713-154016/package-reference.md
[2025-07-13 15:40:38] [REPLACE] Replaced       12 instances of 🔺 with [HIGH] in /Users/fareed/Documents/dev/go/bkpdir/backup-semantic-tokens-20250713-153809/package-reference.md
[2025-07-13 15:40:38] [REPLACE] Replaced        8 instances of 🔧 with [ACTION:core-functionality] in /Users/fareed/Documents/dev/go/bkpdir/backup-semantic-tokens-20250713-153809/package-reference.md
[2025-07-13 15:40:38] [REPLACE] Replaced        1 instances of 🛡️ with [ACTION:validation] in /Users/fareed/Documents/dev/go/bkpdir/backup-semantic-tokens-20250713-153809/package-reference.md
[2025-07-13 15:40:38] [SUCCESS] Migrated /Users/fareed/Documents/dev/go/bkpdir/backup-semantic-tokens-20250713-153809/package-reference.md with 21 changes
[2025-07-13 15:40:38] [INFO] Processing file: /Users/fareed/Documents/dev/go/bkpdir/backup-semantic-tokens-20250713-153809/CFG-005-implementation-plan.md
[2025-07-13 15:40:38] [BACKUP] Created backup: /Users/fareed/Documents/dev/go/bkpdir/backup-semantic-tokens-simple-20250713-154016/CFG-005-implementation-plan.md
[2025-07-13 15:40:38] [REPLACE] Replaced        6 instances of ⭐ with [CRITICAL] in /Users/fareed/Documents/dev/go/bkpdir/backup-semantic-tokens-20250713-153809/CFG-005-implementation-plan.md
[2025-07-13 15:40:38] [REPLACE] Replaced        3 instances of 🔺 with [HIGH] in /Users/fareed/Documents/dev/go/bkpdir/backup-semantic-tokens-20250713-153809/CFG-005-implementation-plan.md
[2025-07-13 15:40:38] [REPLACE] Replaced        3 instances of 🔶 with [MEDIUM] in /Users/fareed/Documents/dev/go/bkpdir/backup-semantic-tokens-20250713-153809/CFG-005-implementation-plan.md
[2025-07-13 15:40:38] [REPLACE] Replaced        2 instances of 🔻 with [LOW] in /Users/fareed/Documents/dev/go/bkpdir/backup-semantic-tokens-20250713-153809/CFG-005-implementation-plan.md
[2025-07-13 15:40:38] [REPLACE] Replaced        4 instances of 🔧 with [ACTION:core-functionality] in /Users/fareed/Documents/dev/go/bkpdir/backup-semantic-tokens-20250713-153809/CFG-005-implementation-plan.md
[2025-07-13 15:40:38] [REPLACE] Replaced        8 instances of 📝 with [ACTION:format-processing] in /Users/fareed/Documents/dev/go/bkpdir/backup-semantic-tokens-20250713-153809/CFG-005-implementation-plan.md
[2025-07-13 15:40:38] [REPLACE] Replaced        1 instances of 🔍 with [ACTION:discovery] in /Users/fareed/Documents/dev/go/bkpdir/backup-semantic-tokens-20250713-153809/CFG-005-implementation-plan.md
[2025-07-13 15:40:38] [SUCCESS] Migrated /Users/fareed/Documents/dev/go/bkpdir/backup-semantic-tokens-20250713-153809/CFG-005-implementation-plan.md with 27 changes
[2025-07-13 15:40:38] [INFO] Processing file: /Users/fareed/Documents/dev/go/bkpdir/backup-semantic-tokens-20250713-153809/DOC-014-subtask-6-completion-summary.md
[2025-07-13 15:40:38] [BACKUP] Created backup: /Users/fareed/Documents/dev/go/bkpdir/backup-semantic-tokens-simple-20250713-154016/DOC-014-subtask-6-completion-summary.md
[2025-07-13 15:40:38] [REPLACE] Replaced        1 instances of 🔶 with [MEDIUM] in /Users/fareed/Documents/dev/go/bkpdir/backup-semantic-tokens-20250713-153809/DOC-014-subtask-6-completion-summary.md
[2025-07-13 15:40:38] [REPLACE] Replaced        2 instances of 🔻 with [LOW] in /Users/fareed/Documents/dev/go/bkpdir/backup-semantic-tokens-20250713-153809/DOC-014-subtask-6-completion-summary.md
[2025-07-13 15:40:38] [REPLACE] Replaced        5 instances of 🔧 with [ACTION:core-functionality] in /Users/fareed/Documents/dev/go/bkpdir/backup-semantic-tokens-20250713-153809/DOC-014-subtask-6-completion-summary.md
[2025-07-13 15:40:38] [SUCCESS] Migrated /Users/fareed/Documents/dev/go/bkpdir/backup-semantic-tokens-20250713-153809/DOC-014-subtask-6-completion-summary.md with 8 changes
[2025-07-13 15:40:38] [INFO] Processing file: /Users/fareed/Documents/dev/go/bkpdir/backup-semantic-tokens-20250713-153809/compliance_rate_test.go
[2025-07-13 15:40:38] [BACKUP] Created backup: /Users/fareed/Documents/dev/go/bkpdir/backup-semantic-tokens-simple-20250713-154016/compliance_rate_test.go
[2025-07-13 15:40:38] [REPLACE] Replaced        1 instances of 🔶 with [MEDIUM] in /Users/fareed/Documents/dev/go/bkpdir/backup-semantic-tokens-20250713-153809/compliance_rate_test.go
[2025-07-13 15:40:38] [SUCCESS] Migrated /Users/fareed/Documents/dev/go/bkpdir/backup-semantic-tokens-20250713-153809/compliance_rate_test.go with 1 changes
[2025-07-13 15:40:38] [INFO] Processing file: /Users/fareed/Documents/dev/go/bkpdir/backup-semantic-tokens-20250713-153809/icon-system-proposal.md
[2025-07-13 15:40:38] [BACKUP] Created backup: /Users/fareed/Documents/dev/go/bkpdir/backup-semantic-tokens-simple-20250713-154016/icon-system-proposal.md
[2025-07-13 15:40:38] [REPLACE] Replaced        9 instances of ⭐ with [CRITICAL] in /Users/fareed/Documents/dev/go/bkpdir/backup-semantic-tokens-20250713-153809/icon-system-proposal.md
[2025-07-13 15:40:38] [REPLACE] Replaced        5 instances of 🔺 with [HIGH] in /Users/fareed/Documents/dev/go/bkpdir/backup-semantic-tokens-20250713-153809/icon-system-proposal.md
[2025-07-13 15:40:38] [REPLACE] Replaced        4 instances of 🔶 with [MEDIUM] in /Users/fareed/Documents/dev/go/bkpdir/backup-semantic-tokens-20250713-153809/icon-system-proposal.md
[2025-07-13 15:40:38] [REPLACE] Replaced        4 instances of 🔻 with [LOW] in /Users/fareed/Documents/dev/go/bkpdir/backup-semantic-tokens-20250713-153809/icon-system-proposal.md
[2025-07-13 15:40:38] [REPLACE] Replaced        5 instances of 🔧 with [ACTION:core-functionality] in /Users/fareed/Documents/dev/go/bkpdir/backup-semantic-tokens-20250713-153809/icon-system-proposal.md
[2025-07-13 15:40:38] [REPLACE] Replaced        5 instances of 📝 with [ACTION:format-processing] in /Users/fareed/Documents/dev/go/bkpdir/backup-semantic-tokens-20250713-153809/icon-system-proposal.md
[2025-07-13 15:40:38] [REPLACE] Replaced        6 instances of 🔍 with [ACTION:discovery] in /Users/fareed/Documents/dev/go/bkpdir/backup-semantic-tokens-20250713-153809/icon-system-proposal.md
[2025-07-13 15:40:38] [REPLACE] Replaced        5 instances of 🛡️ with [ACTION:validation] in /Users/fareed/Documents/dev/go/bkpdir/backup-semantic-tokens-20250713-153809/icon-system-proposal.md
[2025-07-13 15:40:38] [REPLACE] Replaced        5 instances of 🔄 with [ACTION:migration] in /Users/fareed/Documents/dev/go/bkpdir/backup-semantic-tokens-20250713-153809/icon-system-proposal.md
[2025-07-13 15:40:38] [SUCCESS] Migrated /Users/fareed/Documents/dev/go/bkpdir/backup-semantic-tokens-20250713-153809/icon-system-proposal.md with 48 changes
[2025-07-13 15:40:38] [INFO] Processing file: /Users/fareed/Documents/dev/go/bkpdir/backup-semantic-tokens-20250713-153809/extract-008-subtask-3-completion.md
[2025-07-13 15:40:38] [BACKUP] Created backup: /Users/fareed/Documents/dev/go/bkpdir/backup-semantic-tokens-simple-20250713-154016/extract-008-subtask-3-completion.md
[2025-07-13 15:40:38] [REPLACE] Replaced        1 instances of ⭐ with [CRITICAL] in /Users/fareed/Documents/dev/go/bkpdir/backup-semantic-tokens-20250713-153809/extract-008-subtask-3-completion.md
[2025-07-13 15:40:38] [REPLACE] Replaced        6 instances of 🔺 with [HIGH] in /Users/fareed/Documents/dev/go/bkpdir/backup-semantic-tokens-20250713-153809/extract-008-subtask-3-completion.md
[2025-07-13 15:40:38] [REPLACE] Replaced        1 instances of 🔧 with [ACTION:core-functionality] in /Users/fareed/Documents/dev/go/bkpdir/backup-semantic-tokens-20250713-153809/extract-008-subtask-3-completion.md
[2025-07-13 15:40:38] [REPLACE] Replaced        4 instances of 📝 with [ACTION:format-processing] in /Users/fareed/Documents/dev/go/bkpdir/backup-semantic-tokens-20250713-153809/extract-008-subtask-3-completion.md
[2025-07-13 15:40:38] [REPLACE] Replaced        1 instances of 🔍 with [ACTION:discovery] in /Users/fareed/Documents/dev/go/bkpdir/backup-semantic-tokens-20250713-153809/extract-008-subtask-3-completion.md
[2025-07-13 15:40:38] [REPLACE] Replaced        2 instances of 🛡️ with [ACTION:validation] in /Users/fareed/Documents/dev/go/bkpdir/backup-semantic-tokens-20250713-153809/extract-008-subtask-3-completion.md
[2025-07-13 15:40:38] [REPLACE] Replaced        1 instances of 🔄 with [ACTION:migration] in /Users/fareed/Documents/dev/go/bkpdir/backup-semantic-tokens-20250713-153809/extract-008-subtask-3-completion.md
[2025-07-13 15:40:38] [SUCCESS] Migrated /Users/fareed/Documents/dev/go/bkpdir/backup-semantic-tokens-20250713-153809/extract-008-subtask-3-completion.md with 16 changes
[2025-07-13 15:40:38] [INFO] Processing file: /Users/fareed/Documents/dev/go/bkpdir/backup-semantic-tokens-20250713-153809/working-plan-package-interdependency-mapping.md
[2025-07-13 15:40:38] [BACKUP] Created backup: /Users/fareed/Documents/dev/go/bkpdir/backup-semantic-tokens-simple-20250713-154016/working-plan-package-interdependency-mapping.md
[2025-07-13 15:40:38] [REPLACE] Replaced        1 instances of ⭐ with [CRITICAL] in /Users/fareed/Documents/dev/go/bkpdir/backup-semantic-tokens-20250713-153809/working-plan-package-interdependency-mapping.md
[2025-07-13 15:40:38] [REPLACE] Replaced        6 instances of 🔺 with [HIGH] in /Users/fareed/Documents/dev/go/bkpdir/backup-semantic-tokens-20250713-153809/working-plan-package-interdependency-mapping.md
[2025-07-13 15:40:38] [REPLACE] Replaced        1 instances of 🔧 with [ACTION:core-functionality] in /Users/fareed/Documents/dev/go/bkpdir/backup-semantic-tokens-20250713-153809/working-plan-package-interdependency-mapping.md
[2025-07-13 15:40:38] [REPLACE] Replaced        1 instances of 📝 with [ACTION:format-processing] in /Users/fareed/Documents/dev/go/bkpdir/backup-semantic-tokens-20250713-153809/working-plan-package-interdependency-mapping.md
[2025-07-13 15:40:38] [REPLACE] Replaced        3 instances of 🔍 with [ACTION:discovery] in /Users/fareed/Documents/dev/go/bkpdir/backup-semantic-tokens-20250713-153809/working-plan-package-interdependency-mapping.md
[2025-07-13 15:40:38] [REPLACE] Replaced        1 instances of 🛡️ with [ACTION:validation] in /Users/fareed/Documents/dev/go/bkpdir/backup-semantic-tokens-20250713-153809/working-plan-package-interdependency-mapping.md
[2025-07-13 15:40:38] [REPLACE] Replaced        2 instances of 🔄 with [ACTION:migration] in /Users/fareed/Documents/dev/go/bkpdir/backup-semantic-tokens-20250713-153809/working-plan-package-interdependency-mapping.md
[2025-07-13 15:40:38] [SUCCESS] Migrated /Users/fareed/Documents/dev/go/bkpdir/backup-semantic-tokens-20250713-153809/working-plan-package-interdependency-mapping.md with 15 changes
[2025-07-13 15:40:38] [INFO] Processing file: /Users/fareed/Documents/dev/go/bkpdir/backup-semantic-tokens-20250713-153809/extract-008-session-summary.md
[2025-07-13 15:40:38] [BACKUP] Created backup: /Users/fareed/Documents/dev/go/bkpdir/backup-semantic-tokens-simple-20250713-154016/extract-008-session-summary.md
[2025-07-13 15:40:38] [REPLACE] Replaced        1 instances of 🛡️ with [ACTION:validation] in /Users/fareed/Documents/dev/go/bkpdir/backup-semantic-tokens-20250713-153809/extract-008-session-summary.md
[2025-07-13 15:40:38] [REPLACE] Replaced        1 instances of 🔄 with [ACTION:migration] in /Users/fareed/Documents/dev/go/bkpdir/backup-semantic-tokens-20250713-153809/extract-008-session-summary.md
[2025-07-13 15:40:38] [SUCCESS] Migrated /Users/fareed/Documents/dev/go/bkpdir/backup-semantic-tokens-20250713-153809/extract-008-session-summary.md with 2 changes
[2025-07-13 15:40:38] [INFO] Processing file: /Users/fareed/Documents/dev/go/bkpdir/backup-semantic-tokens-20250713-153809/configuration-inspection-guide.md
[2025-07-13 15:40:39] [BACKUP] Created backup: /Users/fareed/Documents/dev/go/bkpdir/backup-semantic-tokens-simple-20250713-154016/configuration-inspection-guide.md
[2025-07-13 15:40:39] [REPLACE] Replaced        1 instances of 🔻 with [LOW] in /Users/fareed/Documents/dev/go/bkpdir/backup-semantic-tokens-20250713-153809/configuration-inspection-guide.md
[2025-07-13 15:40:39] [REPLACE] Replaced        2 instances of 🔧 with [ACTION:core-functionality] in /Users/fareed/Documents/dev/go/bkpdir/backup-semantic-tokens-20250713-153809/configuration-inspection-guide.md
[2025-07-13 15:40:39] [REPLACE] Replaced        2 instances of 📝 with [ACTION:format-processing] in /Users/fareed/Documents/dev/go/bkpdir/backup-semantic-tokens-20250713-153809/configuration-inspection-guide.md
[2025-07-13 15:40:39] [REPLACE] Replaced        3 instances of 🔍 with [ACTION:discovery] in /Users/fareed/Documents/dev/go/bkpdir/backup-semantic-tokens-20250713-153809/configuration-inspection-guide.md
[2025-07-13 15:40:39] [SUCCESS] Migrated /Users/fareed/Documents/dev/go/bkpdir/backup-semantic-tokens-20250713-153809/configuration-inspection-guide.md with 8 changes
[2025-07-13 15:40:39] [INFO] Processing file: /Users/fareed/Documents/dev/go/bkpdir/backup-semantic-tokens-20250713-153809/unicode-migration-week3-command-structure-plan.md
[2025-07-13 15:40:39] [BACKUP] Created backup: /Users/fareed/Documents/dev/go/bkpdir/backup-semantic-tokens-simple-20250713-154016/unicode-migration-week3-command-structure-plan.md
[2025-07-13 15:40:39] [REPLACE] Replaced        5 instances of ⭐ with [CRITICAL] in /Users/fareed/Documents/dev/go/bkpdir/backup-semantic-tokens-20250713-153809/unicode-migration-week3-command-structure-plan.md
[2025-07-13 15:40:39] [REPLACE] Replaced        4 instances of 🔺 with [HIGH] in /Users/fareed/Documents/dev/go/bkpdir/backup-semantic-tokens-20250713-153809/unicode-migration-week3-command-structure-plan.md
[2025-07-13 15:40:39] [REPLACE] Replaced        5 instances of 🔶 with [MEDIUM] in /Users/fareed/Documents/dev/go/bkpdir/backup-semantic-tokens-20250713-153809/unicode-migration-week3-command-structure-plan.md
[2025-07-13 15:40:39] [REPLACE] Replaced        4 instances of 🔻 with [LOW] in /Users/fareed/Documents/dev/go/bkpdir/backup-semantic-tokens-20250713-153809/unicode-migration-week3-command-structure-plan.md
[2025-07-13 15:40:39] [REPLACE] Replaced        2 instances of 🔧 with [ACTION:core-functionality] in /Users/fareed/Documents/dev/go/bkpdir/backup-semantic-tokens-20250713-153809/unicode-migration-week3-command-structure-plan.md
[2025-07-13 15:40:39] [REPLACE] Replaced        1 instances of 📝 with [ACTION:format-processing] in /Users/fareed/Documents/dev/go/bkpdir/backup-semantic-tokens-20250713-153809/unicode-migration-week3-command-structure-plan.md
[2025-07-13 15:40:39] [REPLACE] Replaced        2 instances of 🔍 with [ACTION:discovery] in /Users/fareed/Documents/dev/go/bkpdir/backup-semantic-tokens-20250713-153809/unicode-migration-week3-command-structure-plan.md
[2025-07-13 15:40:39] [REPLACE] Replaced        1 instances of 🛡️ with [ACTION:validation] in /Users/fareed/Documents/dev/go/bkpdir/backup-semantic-tokens-20250713-153809/unicode-migration-week3-command-structure-plan.md
[2025-07-13 15:40:39] [SUCCESS] Migrated /Users/fareed/Documents/dev/go/bkpdir/backup-semantic-tokens-20250713-153809/unicode-migration-week3-command-structure-plan.md with 24 changes
[2025-07-13 15:40:39] [INFO] Processing file: /Users/fareed/Documents/dev/go/bkpdir/backup-semantic-tokens-20250713-153809/next-task.md
[2025-07-13 15:40:39] [BACKUP] Created backup: /Users/fareed/Documents/dev/go/bkpdir/backup-semantic-tokens-simple-20250713-154016/next-task.md
[2025-07-13 15:40:39] [REPLACE] Replaced        1 instances of 🔧 with [ACTION:core-functionality] in /Users/fareed/Documents/dev/go/bkpdir/backup-semantic-tokens-20250713-153809/next-task.md
[2025-07-13 15:40:39] [REPLACE] Replaced        1 instances of 🔄 with [ACTION:migration] in /Users/fareed/Documents/dev/go/bkpdir/backup-semantic-tokens-20250713-153809/next-task.md
[2025-07-13 15:40:39] [SUCCESS] Migrated /Users/fareed/Documents/dev/go/bkpdir/backup-semantic-tokens-20250713-153809/next-task.md with 2 changes
[2025-07-13 15:40:39] [INFO] Processing file: /Users/fareed/Documents/dev/go/bkpdir/backup-semantic-tokens-20250713-153809/config.yaml
[2025-07-13 15:40:39] [BACKUP] Created backup: /Users/fareed/Documents/dev/go/bkpdir/backup-semantic-tokens-simple-20250713-154016/config.yaml
[2025-07-13 15:40:39] [REPLACE] Replaced        1 instances of 🔺 with [HIGH] in /Users/fareed/Documents/dev/go/bkpdir/backup-semantic-tokens-20250713-153809/config.yaml
[2025-07-13 15:40:39] [SUCCESS] Migrated /Users/fareed/Documents/dev/go/bkpdir/backup-semantic-tokens-20250713-153809/config.yaml with 1 changes
[2025-07-13 15:40:39] [INFO] Processing file: /Users/fareed/Documents/dev/go/bkpdir/backup-semantic-tokens-20250713-153809/analyzer.go
[2025-07-13 15:40:39] [BACKUP] Created backup: /Users/fareed/Documents/dev/go/bkpdir/backup-semantic-tokens-simple-20250713-154016/analyzer.go
[2025-07-13 15:40:39] [REPLACE] Replaced        3 instances of 🛡️ with [ACTION:validation] in /Users/fareed/Documents/dev/go/bkpdir/backup-semantic-tokens-20250713-153809/analyzer.go
[2025-07-13 15:40:39] [SUCCESS] Migrated /Users/fareed/Documents/dev/go/bkpdir/backup-semantic-tokens-20250713-153809/analyzer.go with 3 changes
[2025-07-13 15:40:39] [INFO] Processing file: /Users/fareed/Documents/dev/go/bkpdir/backup-semantic-tokens-20250713-153809/ai-code-maintenance-standards.md
[2025-07-13 15:40:39] [BACKUP] Created backup: /Users/fareed/Documents/dev/go/bkpdir/backup-semantic-tokens-simple-20250713-154016/ai-code-maintenance-standards.md
[2025-07-13 15:40:39] [REPLACE] Replaced        5 instances of ⭐ with [CRITICAL] in /Users/fareed/Documents/dev/go/bkpdir/backup-semantic-tokens-20250713-153809/ai-code-maintenance-standards.md
[2025-07-13 15:40:39] [REPLACE] Replaced        5 instances of 🔺 with [HIGH] in /Users/fareed/Documents/dev/go/bkpdir/backup-semantic-tokens-20250713-153809/ai-code-maintenance-standards.md
[2025-07-13 15:40:39] [REPLACE] Replaced        3 instances of 🔶 with [MEDIUM] in /Users/fareed/Documents/dev/go/bkpdir/backup-semantic-tokens-20250713-153809/ai-code-maintenance-standards.md
[2025-07-13 15:40:39] [REPLACE] Replaced       16 instances of 🔻 with [LOW] in /Users/fareed/Documents/dev/go/bkpdir/backup-semantic-tokens-20250713-153809/ai-code-maintenance-standards.md
[2025-07-13 15:40:39] [REPLACE] Replaced       29 instances of 🔧 with [ACTION:core-functionality] in /Users/fareed/Documents/dev/go/bkpdir/backup-semantic-tokens-20250713-153809/ai-code-maintenance-standards.md
[2025-07-13 15:40:39] [REPLACE] Replaced       12 instances of 📝 with [ACTION:format-processing] in /Users/fareed/Documents/dev/go/bkpdir/backup-semantic-tokens-20250713-153809/ai-code-maintenance-standards.md
[2025-07-13 15:40:39] [REPLACE] Replaced       25 instances of 🔍 with [ACTION:discovery] in /Users/fareed/Documents/dev/go/bkpdir/backup-semantic-tokens-20250713-153809/ai-code-maintenance-standards.md
[2025-07-13 15:40:39] [REPLACE] Replaced       14 instances of 🛡️ with [ACTION:validation] in /Users/fareed/Documents/dev/go/bkpdir/backup-semantic-tokens-20250713-153809/ai-code-maintenance-standards.md
[2025-07-13 15:40:39] [REPLACE] Replaced        1 instances of 🔄 with [ACTION:migration] in /Users/fareed/Documents/dev/go/bkpdir/backup-semantic-tokens-20250713-153809/ai-code-maintenance-standards.md
[2025-07-13 15:40:39] [SUCCESS] Migrated /Users/fareed/Documents/dev/go/bkpdir/backup-semantic-tokens-20250713-153809/ai-code-maintenance-standards.md with 110 changes
[2025-07-13 15:40:39] [INFO] Processing file: /Users/fareed/Documents/dev/go/bkpdir/backup-semantic-tokens-20250713-153809/icon-usage-analysis.md
[2025-07-13 15:40:39] [BACKUP] Created backup: /Users/fareed/Documents/dev/go/bkpdir/backup-semantic-tokens-simple-20250713-154016/icon-usage-analysis.md
[2025-07-13 15:40:39] [REPLACE] Replaced        5 instances of 🔧 with [ACTION:core-functionality] in /Users/fareed/Documents/dev/go/bkpdir/backup-semantic-tokens-20250713-153809/icon-usage-analysis.md
[2025-07-13 15:40:39] [REPLACE] Replaced        5 instances of 📝 with [ACTION:format-processing] in /Users/fareed/Documents/dev/go/bkpdir/backup-semantic-tokens-20250713-153809/icon-usage-analysis.md
[2025-07-13 15:40:39] [REPLACE] Replaced       12 instances of 🔍 with [ACTION:discovery] in /Users/fareed/Documents/dev/go/bkpdir/backup-semantic-tokens-20250713-153809/icon-usage-analysis.md
[2025-07-13 15:40:39] [REPLACE] Replaced        2 instances of 🛡️ with [ACTION:validation] in /Users/fareed/Documents/dev/go/bkpdir/backup-semantic-tokens-20250713-153809/icon-usage-analysis.md
[2025-07-13 15:40:39] [REPLACE] Replaced        2 instances of 🔄 with [ACTION:migration] in /Users/fareed/Documents/dev/go/bkpdir/backup-semantic-tokens-20250713-153809/icon-usage-analysis.md
[2025-07-13 15:40:39] [SUCCESS] Migrated /Users/fareed/Documents/dev/go/bkpdir/backup-semantic-tokens-20250713-153809/icon-usage-analysis.md with 26 changes
[2025-07-13 15:40:39] [INFO] Processing file: /Users/fareed/Documents/dev/go/bkpdir/backup-semantic-tokens-20250713-153809/config-schema-abstraction.md
[2025-07-13 15:40:39] [BACKUP] Created backup: /Users/fareed/Documents/dev/go/bkpdir/backup-semantic-tokens-simple-20250713-154016/config-schema-abstraction.md
[2025-07-13 15:40:39] [REPLACE] Replaced        3 instances of 🔻 with [LOW] in /Users/fareed/Documents/dev/go/bkpdir/backup-semantic-tokens-20250713-153809/config-schema-abstraction.md
[2025-07-13 15:40:39] [REPLACE] Replaced        3 instances of 🔧 with [ACTION:core-functionality] in /Users/fareed/Documents/dev/go/bkpdir/backup-semantic-tokens-20250713-153809/config-schema-abstraction.md
[2025-07-13 15:40:39] [REPLACE] Replaced        2 instances of 📝 with [ACTION:format-processing] in /Users/fareed/Documents/dev/go/bkpdir/backup-semantic-tokens-20250713-153809/config-schema-abstraction.md
[2025-07-13 15:40:39] [REPLACE] Replaced        1 instances of 🔄 with [ACTION:migration] in /Users/fareed/Documents/dev/go/bkpdir/backup-semantic-tokens-20250713-153809/config-schema-abstraction.md
[2025-07-13 15:40:39] [SUCCESS] Migrated /Users/fareed/Documents/dev/go/bkpdir/backup-semantic-tokens-20250713-153809/config-schema-abstraction.md with 9 changes
[2025-07-13 15:40:39] [INFO] Processing file: /Users/fareed/Documents/dev/go/bkpdir/backup-semantic-tokens-20250713-153809/extract-009-completion-summary.md
[2025-07-13 15:40:39] [BACKUP] Created backup: /Users/fareed/Documents/dev/go/bkpdir/backup-semantic-tokens-simple-20250713-154016/extract-009-completion-summary.md
[2025-07-13 15:40:39] [REPLACE] Replaced        2 instances of ⭐ with [CRITICAL] in /Users/fareed/Documents/dev/go/bkpdir/backup-semantic-tokens-20250713-153809/extract-009-completion-summary.md
[2025-07-13 15:40:39] [REPLACE] Replaced        4 instances of 🔧 with [ACTION:core-functionality] in /Users/fareed/Documents/dev/go/bkpdir/backup-semantic-tokens-20250713-153809/extract-009-completion-summary.md
[2025-07-13 15:40:39] [REPLACE] Replaced        1 instances of 🔍 with [ACTION:discovery] in /Users/fareed/Documents/dev/go/bkpdir/backup-semantic-tokens-20250713-153809/extract-009-completion-summary.md
[2025-07-13 15:40:39] [REPLACE] Replaced        2 instances of 🔄 with [ACTION:migration] in /Users/fareed/Documents/dev/go/bkpdir/backup-semantic-tokens-20250713-153809/extract-009-completion-summary.md
[2025-07-13 15:40:40] [SUCCESS] Migrated /Users/fareed/Documents/dev/go/bkpdir/backup-semantic-tokens-20250713-153809/extract-009-completion-summary.md with 9 changes
[2025-07-13 15:40:40] [INFO] Processing file: /Users/fareed/Documents/dev/go/bkpdir/backup-semantic-tokens-20250713-153809/unicode-migration-phase2-subtask2-implementation-progress.md
[2025-07-13 15:40:40] [BACKUP] Created backup: /Users/fareed/Documents/dev/go/bkpdir/backup-semantic-tokens-simple-20250713-154016/unicode-migration-phase2-subtask2-implementation-progress.md
[2025-07-13 15:40:40] [REPLACE] Replaced       11 instances of 🔄 with [ACTION:migration] in /Users/fareed/Documents/dev/go/bkpdir/backup-semantic-tokens-20250713-153809/unicode-migration-phase2-subtask2-implementation-progress.md
[2025-07-13 15:40:40] [SUCCESS] Migrated /Users/fareed/Documents/dev/go/bkpdir/backup-semantic-tokens-20250713-153809/unicode-migration-phase2-subtask2-implementation-progress.md with 11 changes
[2025-07-13 15:40:40] [INFO] Processing file: /Users/fareed/Documents/dev/go/bkpdir/backup-semantic-tokens-20250713-153809/milestone-tracking-system.md
[2025-07-13 15:40:40] [BACKUP] Created backup: /Users/fareed/Documents/dev/go/bkpdir/backup-semantic-tokens-simple-20250713-154016/milestone-tracking-system.md
[2025-07-13 15:40:40] [REPLACE] Replaced        1 instances of 🔄 with [ACTION:migration] in /Users/fareed/Documents/dev/go/bkpdir/backup-semantic-tokens-20250713-153809/milestone-tracking-system.md
[2025-07-13 15:40:40] [SUCCESS] Migrated /Users/fareed/Documents/dev/go/bkpdir/backup-semantic-tokens-20250713-153809/milestone-tracking-system.md with 1 changes
[2025-07-13 15:40:40] [INFO] Processing file: /Users/fareed/Documents/dev/go/bkpdir/backup-semantic-tokens-20250713-153809/build-system-fixes-implementation.md
[2025-07-13 15:40:40] [BACKUP] Created backup: /Users/fareed/Documents/dev/go/bkpdir/backup-semantic-tokens-simple-20250713-154016/build-system-fixes-implementation.md
[2025-07-13 15:40:40] [REPLACE] Replaced        3 instances of ⭐ with [CRITICAL] in /Users/fareed/Documents/dev/go/bkpdir/backup-semantic-tokens-20250713-153809/build-system-fixes-implementation.md
[2025-07-13 15:40:40] [REPLACE] Replaced        1 instances of 🔺 with [HIGH] in /Users/fareed/Documents/dev/go/bkpdir/backup-semantic-tokens-20250713-153809/build-system-fixes-implementation.md
[2025-07-13 15:40:40] [REPLACE] Replaced        1 instances of 🔶 with [MEDIUM] in /Users/fareed/Documents/dev/go/bkpdir/backup-semantic-tokens-20250713-153809/build-system-fixes-implementation.md
[2025-07-13 15:40:40] [REPLACE] Replaced        1 instances of 🔻 with [LOW] in /Users/fareed/Documents/dev/go/bkpdir/backup-semantic-tokens-20250713-153809/build-system-fixes-implementation.md
[2025-07-13 15:40:40] [REPLACE] Replaced        1 instances of 🔧 with [ACTION:core-functionality] in /Users/fareed/Documents/dev/go/bkpdir/backup-semantic-tokens-20250713-153809/build-system-fixes-implementation.md
[2025-07-13 15:40:40] [REPLACE] Replaced        1 instances of 📝 with [ACTION:format-processing] in /Users/fareed/Documents/dev/go/bkpdir/backup-semantic-tokens-20250713-153809/build-system-fixes-implementation.md
[2025-07-13 15:40:40] [REPLACE] Replaced        1 instances of 🔍 with [ACTION:discovery] in /Users/fareed/Documents/dev/go/bkpdir/backup-semantic-tokens-20250713-153809/build-system-fixes-implementation.md
[2025-07-13 15:40:40] [REPLACE] Replaced        1 instances of 🛠️ with [ACTION:maintenance] in /Users/fareed/Documents/dev/go/bkpdir/backup-semantic-tokens-20250713-153809/build-system-fixes-implementation.md
[2025-07-13 15:40:40] [REPLACE] Replaced        1 instances of 🔄 with [ACTION:migration] in /Users/fareed/Documents/dev/go/bkpdir/backup-semantic-tokens-20250713-153809/build-system-fixes-implementation.md
[2025-07-13 15:40:40] [SUCCESS] Migrated /Users/fareed/Documents/dev/go/bkpdir/backup-semantic-tokens-20250713-153809/build-system-fixes-implementation.md with 11 changes
[2025-07-13 15:40:40] [INFO] Processing file: /Users/fareed/Documents/dev/go/bkpdir/backup-semantic-tokens-20250713-153809/decision-framework-troubleshooting.md
[2025-07-13 15:40:40] [BACKUP] Created backup: /Users/fareed/Documents/dev/go/bkpdir/backup-semantic-tokens-simple-20250713-154016/decision-framework-troubleshooting.md
[2025-07-13 15:40:40] [REPLACE] Replaced        6 instances of ⭐ with [CRITICAL] in /Users/fareed/Documents/dev/go/bkpdir/backup-semantic-tokens-20250713-153809/decision-framework-troubleshooting.md
[2025-07-13 15:40:40] [REPLACE] Replaced        5 instances of 🔺 with [HIGH] in /Users/fareed/Documents/dev/go/bkpdir/backup-semantic-tokens-20250713-153809/decision-framework-troubleshooting.md
[2025-07-13 15:40:40] [REPLACE] Replaced        4 instances of 🔶 with [MEDIUM] in /Users/fareed/Documents/dev/go/bkpdir/backup-semantic-tokens-20250713-153809/decision-framework-troubleshooting.md
[2025-07-13 15:40:40] [REPLACE] Replaced        3 instances of 🔻 with [LOW] in /Users/fareed/Documents/dev/go/bkpdir/backup-semantic-tokens-20250713-153809/decision-framework-troubleshooting.md
[2025-07-13 15:40:40] [REPLACE] Replaced        5 instances of 🔧 with [ACTION:core-functionality] in /Users/fareed/Documents/dev/go/bkpdir/backup-semantic-tokens-20250713-153809/decision-framework-troubleshooting.md
[2025-07-13 15:40:40] [REPLACE] Replaced        2 instances of 📝 with [ACTION:format-processing] in /Users/fareed/Documents/dev/go/bkpdir/backup-semantic-tokens-20250713-153809/decision-framework-troubleshooting.md
[2025-07-13 15:40:40] [REPLACE] Replaced        2 instances of 🔍 with [ACTION:discovery] in /Users/fareed/Documents/dev/go/bkpdir/backup-semantic-tokens-20250713-153809/decision-framework-troubleshooting.md
[2025-07-13 15:40:40] [REPLACE] Replaced        2 instances of 🛡️ with [ACTION:validation] in /Users/fareed/Documents/dev/go/bkpdir/backup-semantic-tokens-20250713-153809/decision-framework-troubleshooting.md
[2025-07-13 15:40:40] [REPLACE] Replaced        4 instances of 🔄 with [ACTION:migration] in /Users/fareed/Documents/dev/go/bkpdir/backup-semantic-tokens-20250713-153809/decision-framework-troubleshooting.md
[2025-07-13 15:40:40] [SUCCESS] Migrated /Users/fareed/Documents/dev/go/bkpdir/backup-semantic-tokens-20250713-153809/decision-framework-troubleshooting.md with 33 changes
[2025-07-13 15:40:40] [INFO] Processing file: /Users/fareed/Documents/dev/go/bkpdir/backup-semantic-tokens-20250713-153809/CFG-006-implementation-plan.md
[2025-07-13 15:40:40] [BACKUP] Created backup: /Users/fareed/Documents/dev/go/bkpdir/backup-semantic-tokens-simple-20250713-154016/CFG-006-implementation-plan.md
[2025-07-13 15:40:40] [REPLACE] Replaced        4 instances of 🔺 with [HIGH] in /Users/fareed/Documents/dev/go/bkpdir/backup-semantic-tokens-20250713-153809/CFG-006-implementation-plan.md
[2025-07-13 15:40:40] [REPLACE] Replaced        1 instances of 🔧 with [ACTION:core-functionality] in /Users/fareed/Documents/dev/go/bkpdir/backup-semantic-tokens-20250713-153809/CFG-006-implementation-plan.md
[2025-07-13 15:40:40] [REPLACE] Replaced        1 instances of 📝 with [ACTION:format-processing] in /Users/fareed/Documents/dev/go/bkpdir/backup-semantic-tokens-20250713-153809/CFG-006-implementation-plan.md
[2025-07-13 15:40:40] [REPLACE] Replaced        2 instances of 🔄 with [ACTION:migration] in /Users/fareed/Documents/dev/go/bkpdir/backup-semantic-tokens-20250713-153809/CFG-006-implementation-plan.md
[2025-07-13 15:40:40] [SUCCESS] Migrated /Users/fareed/Documents/dev/go/bkpdir/backup-semantic-tokens-20250713-153809/CFG-006-implementation-plan.md with 8 changes
[2025-07-13 15:40:40] [INFO] Processing file: /Users/fareed/Documents/dev/go/bkpdir/backup-semantic-tokens-20250713-153809/context-file-checklist.md
[2025-07-13 15:40:40] [BACKUP] Created backup: /Users/fareed/Documents/dev/go/bkpdir/backup-semantic-tokens-simple-20250713-154016/context-file-checklist.md
[2025-07-13 15:40:40] [REPLACE] Replaced        3 instances of 🔧 with [ACTION:core-functionality] in /Users/fareed/Documents/dev/go/bkpdir/backup-semantic-tokens-20250713-153809/context-file-checklist.md
[2025-07-13 15:40:40] [REPLACE] Replaced        4 instances of 📝 with [ACTION:format-processing] in /Users/fareed/Documents/dev/go/bkpdir/backup-semantic-tokens-20250713-153809/context-file-checklist.md
[2025-07-13 15:40:40] [REPLACE] Replaced        4 instances of 🔍 with [ACTION:discovery] in /Users/fareed/Documents/dev/go/bkpdir/backup-semantic-tokens-20250713-153809/context-file-checklist.md
[2025-07-13 15:40:40] [REPLACE] Replaced        1 instances of 🛡️ with [ACTION:validation] in /Users/fareed/Documents/dev/go/bkpdir/backup-semantic-tokens-20250713-153809/context-file-checklist.md
[2025-07-13 15:40:40] [REPLACE] Replaced        1 instances of 🔄 with [ACTION:migration] in /Users/fareed/Documents/dev/go/bkpdir/backup-semantic-tokens-20250713-153809/context-file-checklist.md
[2025-07-13 15:40:40] [SUCCESS] Migrated /Users/fareed/Documents/dev/go/bkpdir/backup-semantic-tokens-20250713-153809/context-file-checklist.md with 13 changes
[2025-07-13 15:40:40] [INFO] Processing file: /Users/fareed/Documents/dev/go/bkpdir/backup-semantic-tokens-20250713-153809/ai-first-development-strategy.md
[2025-07-13 15:40:40] [BACKUP] Created backup: /Users/fareed/Documents/dev/go/bkpdir/backup-semantic-tokens-simple-20250713-154016/ai-first-development-strategy.md
[2025-07-13 15:40:40] [REPLACE] Replaced        5 instances of ⭐ with [CRITICAL] in /Users/fareed/Documents/dev/go/bkpdir/backup-semantic-tokens-20250713-153809/ai-first-development-strategy.md
[2025-07-13 15:40:40] [REPLACE] Replaced        4 instances of 🔺 with [HIGH] in /Users/fareed/Documents/dev/go/bkpdir/backup-semantic-tokens-20250713-153809/ai-first-development-strategy.md
[2025-07-13 15:40:40] [REPLACE] Replaced        2 instances of 🔶 with [MEDIUM] in /Users/fareed/Documents/dev/go/bkpdir/backup-semantic-tokens-20250713-153809/ai-first-development-strategy.md
[2025-07-13 15:40:40] [REPLACE] Replaced       18 instances of 🔻 with [LOW] in /Users/fareed/Documents/dev/go/bkpdir/backup-semantic-tokens-20250713-153809/ai-first-development-strategy.md
[2025-07-13 15:40:40] [REPLACE] Replaced       21 instances of 🔧 with [ACTION:core-functionality] in /Users/fareed/Documents/dev/go/bkpdir/backup-semantic-tokens-20250713-153809/ai-first-development-strategy.md
[2025-07-13 15:40:40] [REPLACE] Replaced        9 instances of 📝 with [ACTION:format-processing] in /Users/fareed/Documents/dev/go/bkpdir/backup-semantic-tokens-20250713-153809/ai-first-development-strategy.md
[2025-07-13 15:40:40] [REPLACE] Replaced       17 instances of 🔍 with [ACTION:discovery] in /Users/fareed/Documents/dev/go/bkpdir/backup-semantic-tokens-20250713-153809/ai-first-development-strategy.md
[2025-07-13 15:40:40] [REPLACE] Replaced       12 instances of 🛡️ with [ACTION:validation] in /Users/fareed/Documents/dev/go/bkpdir/backup-semantic-tokens-20250713-153809/ai-first-development-strategy.md
[2025-07-13 15:40:40] [REPLACE] Replaced        4 instances of 🔄 with [ACTION:migration] in /Users/fareed/Documents/dev/go/bkpdir/backup-semantic-tokens-20250713-153809/ai-first-development-strategy.md
[2025-07-13 15:40:40] [SUCCESS] Migrated /Users/fareed/Documents/dev/go/bkpdir/backup-semantic-tokens-20250713-153809/ai-first-development-strategy.md with 92 changes
[2025-07-13 15:40:40] [INFO] Processing file: /Users/fareed/Documents/dev/go/bkpdir/backup-semantic-tokens-20250713-153809/integration-guide.md
[2025-07-13 15:40:40] [BACKUP] Created backup: /Users/fareed/Documents/dev/go/bkpdir/backup-semantic-tokens-simple-20250713-154016/integration-guide.md
[2025-07-13 15:40:40] [REPLACE] Replaced       29 instances of 🔺 with [HIGH] in /Users/fareed/Documents/dev/go/bkpdir/backup-semantic-tokens-20250713-153809/integration-guide.md
[2025-07-13 15:40:40] [REPLACE] Replaced        1 instances of 🔧 with [ACTION:core-functionality] in /Users/fareed/Documents/dev/go/bkpdir/backup-semantic-tokens-20250713-153809/integration-guide.md
[2025-07-13 15:40:40] [REPLACE] Replaced       29 instances of 📝 with [ACTION:format-processing] in /Users/fareed/Documents/dev/go/bkpdir/backup-semantic-tokens-20250713-153809/integration-guide.md
[2025-07-13 15:40:40] [REPLACE] Replaced        1 instances of 🛡️ with [ACTION:validation] in /Users/fareed/Documents/dev/go/bkpdir/backup-semantic-tokens-20250713-153809/integration-guide.md
[2025-07-13 15:40:40] [REPLACE] Replaced        2 instances of 🔄 with [ACTION:migration] in /Users/fareed/Documents/dev/go/bkpdir/backup-semantic-tokens-20250713-153809/integration-guide.md
[2025-07-13 15:40:40] [SUCCESS] Migrated /Users/fareed/Documents/dev/go/bkpdir/backup-semantic-tokens-20250713-153809/integration-guide.md with 62 changes
[2025-07-13 15:40:40] [INFO] Processing file: /Users/fareed/Documents/dev/go/bkpdir/backup-semantic-tokens-20250713-153809/ai-assistant-token-protocol.md
[2025-07-13 15:40:40] [BACKUP] Created backup: /Users/fareed/Documents/dev/go/bkpdir/backup-semantic-tokens-simple-20250713-154016/ai-assistant-token-protocol.md
[2025-07-13 15:40:41] [REPLACE] Replaced        8 instances of ⭐ with [CRITICAL] in /Users/fareed/Documents/dev/go/bkpdir/backup-semantic-tokens-20250713-153809/ai-assistant-token-protocol.md
[2025-07-13 15:40:41] [REPLACE] Replaced        6 instances of 🔺 with [HIGH] in /Users/fareed/Documents/dev/go/bkpdir/backup-semantic-tokens-20250713-153809/ai-assistant-token-protocol.md
[2025-07-13 15:40:41] [REPLACE] Replaced        6 instances of 🔶 with [MEDIUM] in /Users/fareed/Documents/dev/go/bkpdir/backup-semantic-tokens-20250713-153809/ai-assistant-token-protocol.md
[2025-07-13 15:40:41] [REPLACE] Replaced        3 instances of 🔻 with [LOW] in /Users/fareed/Documents/dev/go/bkpdir/backup-semantic-tokens-20250713-153809/ai-assistant-token-protocol.md
[2025-07-13 15:40:41] [SUCCESS] Migrated /Users/fareed/Documents/dev/go/bkpdir/backup-semantic-tokens-20250713-153809/ai-assistant-token-protocol.md with 23 changes
[2025-07-13 15:40:41] [INFO] Processing file: /Users/fareed/Documents/dev/go/bkpdir/backup-semantic-tokens-20250713-153809/testing.md
[2025-07-13 15:40:41] [BACKUP] Created backup: /Users/fareed/Documents/dev/go/bkpdir/backup-semantic-tokens-simple-20250713-154016/testing.md
[2025-07-13 15:40:41] [REPLACE] Replaced        4 instances of ⭐ with [CRITICAL] in /Users/fareed/Documents/dev/go/bkpdir/backup-semantic-tokens-20250713-153809/testing.md
[2025-07-13 15:40:41] [REPLACE] Replaced        5 instances of 🔺 with [HIGH] in /Users/fareed/Documents/dev/go/bkpdir/backup-semantic-tokens-20250713-153809/testing.md
[2025-07-13 15:40:41] [REPLACE] Replaced        7 instances of 🔻 with [LOW] in /Users/fareed/Documents/dev/go/bkpdir/backup-semantic-tokens-20250713-153809/testing.md
[2025-07-13 15:40:41] [REPLACE] Replaced        5 instances of 🔧 with [ACTION:core-functionality] in /Users/fareed/Documents/dev/go/bkpdir/backup-semantic-tokens-20250713-153809/testing.md
[2025-07-13 15:40:41] [REPLACE] Replaced        8 instances of 🔍 with [ACTION:discovery] in /Users/fareed/Documents/dev/go/bkpdir/backup-semantic-tokens-20250713-153809/testing.md
[2025-07-13 15:40:41] [REPLACE] Replaced        5 instances of 🛡️ with [ACTION:validation] in /Users/fareed/Documents/dev/go/bkpdir/backup-semantic-tokens-20250713-153809/testing.md
[2025-07-13 15:40:41] [SUCCESS] Migrated /Users/fareed/Documents/dev/go/bkpdir/backup-semantic-tokens-20250713-153809/testing.md with 34 changes
[2025-07-13 15:40:41] [INFO] Processing file: /Users/fareed/Documents/dev/go/bkpdir/backup-semantic-tokens-20250713-153809/DOC-014-cross-reference-completion-plan.md
[2025-07-13 15:40:41] [BACKUP] Created backup: /Users/fareed/Documents/dev/go/bkpdir/backup-semantic-tokens-simple-20250713-154016/DOC-014-cross-reference-completion-plan.md
[2025-07-13 15:40:41] [REPLACE] Replaced       18 instances of ⭐ with [CRITICAL] in /Users/fareed/Documents/dev/go/bkpdir/backup-semantic-tokens-20250713-153809/DOC-014-cross-reference-completion-plan.md
[2025-07-13 15:40:41] [SUCCESS] Migrated /Users/fareed/Documents/dev/go/bkpdir/backup-semantic-tokens-20250713-153809/DOC-014-cross-reference-completion-plan.md with 18 changes
[2025-07-13 15:40:41] [INFO] Processing file: /Users/fareed/Documents/dev/go/bkpdir/backup-semantic-tokens-20250713-153809/icon-usage-guidelines.md
[2025-07-13 15:40:41] [BACKUP] Created backup: /Users/fareed/Documents/dev/go/bkpdir/backup-semantic-tokens-simple-20250713-154016/icon-usage-guidelines.md
[2025-07-13 15:40:41] [REPLACE] Replaced       13 instances of ⭐ with [CRITICAL] in /Users/fareed/Documents/dev/go/bkpdir/backup-semantic-tokens-20250713-153809/icon-usage-guidelines.md
[2025-07-13 15:40:41] [REPLACE] Replaced       12 instances of 🔺 with [HIGH] in /Users/fareed/Documents/dev/go/bkpdir/backup-semantic-tokens-20250713-153809/icon-usage-guidelines.md
[2025-07-13 15:40:41] [REPLACE] Replaced       10 instances of 🔶 with [MEDIUM] in /Users/fareed/Documents/dev/go/bkpdir/backup-semantic-tokens-20250713-153809/icon-usage-guidelines.md
[2025-07-13 15:40:41] [REPLACE] Replaced        9 instances of 🔻 with [LOW] in /Users/fareed/Documents/dev/go/bkpdir/backup-semantic-tokens-20250713-153809/icon-usage-guidelines.md
[2025-07-13 15:40:41] [REPLACE] Replaced        8 instances of 🔧 with [ACTION:core-functionality] in /Users/fareed/Documents/dev/go/bkpdir/backup-semantic-tokens-20250713-153809/icon-usage-guidelines.md
[2025-07-13 15:40:41] [REPLACE] Replaced        5 instances of 📝 with [ACTION:format-processing] in /Users/fareed/Documents/dev/go/bkpdir/backup-semantic-tokens-20250713-153809/icon-usage-guidelines.md
[2025-07-13 15:40:41] [REPLACE] Replaced        5 instances of 🔍 with [ACTION:discovery] in /Users/fareed/Documents/dev/go/bkpdir/backup-semantic-tokens-20250713-153809/icon-usage-guidelines.md
[2025-07-13 15:40:41] [REPLACE] Replaced        8 instances of 🛡️ with [ACTION:validation] in /Users/fareed/Documents/dev/go/bkpdir/backup-semantic-tokens-20250713-153809/icon-usage-guidelines.md
[2025-07-13 15:40:41] [REPLACE] Replaced        7 instances of 🔄 with [ACTION:migration] in /Users/fareed/Documents/dev/go/bkpdir/backup-semantic-tokens-20250713-153809/icon-usage-guidelines.md
[2025-07-13 15:40:41] [SUCCESS] Migrated /Users/fareed/Documents/dev/go/bkpdir/backup-semantic-tokens-20250713-153809/icon-usage-guidelines.md with 77 changes
[2025-07-13 15:40:41] [INFO] Processing file: /Users/fareed/Documents/dev/go/bkpdir/backup-semantic-tokens-20250713-153809/formatter-decomposition.md
[2025-07-13 15:40:41] [BACKUP] Created backup: /Users/fareed/Documents/dev/go/bkpdir/backup-semantic-tokens-simple-20250713-154016/formatter-decomposition.md
[2025-07-13 15:40:41] [INFO] No changes needed for /Users/fareed/Documents/dev/go/bkpdir/backup-semantic-tokens-20250713-153809/formatter-decomposition.md
[2025-07-13 15:40:41] [INFO] Processing file: /Users/fareed/Documents/dev/go/bkpdir/backup-semantic-tokens-20250713-153809/extract-008-remaining-subtasks-plan.md
[2025-07-13 15:40:41] [BACKUP] Created backup: /Users/fareed/Documents/dev/go/bkpdir/backup-semantic-tokens-simple-20250713-154016/extract-008-remaining-subtasks-plan.md
[2025-07-13 15:40:41] [REPLACE] Replaced        1 instances of ⭐ with [CRITICAL] in /Users/fareed/Documents/dev/go/bkpdir/backup-semantic-tokens-20250713-153809/extract-008-remaining-subtasks-plan.md
[2025-07-13 15:40:41] [REPLACE] Replaced       17 instances of 🔺 with [HIGH] in /Users/fareed/Documents/dev/go/bkpdir/backup-semantic-tokens-20250713-153809/extract-008-remaining-subtasks-plan.md
[2025-07-13 15:40:41] [REPLACE] Replaced        6 instances of 🔧 with [ACTION:core-functionality] in /Users/fareed/Documents/dev/go/bkpdir/backup-semantic-tokens-20250713-153809/extract-008-remaining-subtasks-plan.md
[2025-07-13 15:40:41] [REPLACE] Replaced        4 instances of 📝 with [ACTION:format-processing] in /Users/fareed/Documents/dev/go/bkpdir/backup-semantic-tokens-20250713-153809/extract-008-remaining-subtasks-plan.md
[2025-07-13 15:40:41] [REPLACE] Replaced        3 instances of 🔍 with [ACTION:discovery] in /Users/fareed/Documents/dev/go/bkpdir/backup-semantic-tokens-20250713-153809/extract-008-remaining-subtasks-plan.md
[2025-07-13 15:40:41] [REPLACE] Replaced        1 instances of 🛠️ with [ACTION:maintenance] in /Users/fareed/Documents/dev/go/bkpdir/backup-semantic-tokens-20250713-153809/extract-008-remaining-subtasks-plan.md
[2025-07-13 15:40:41] [REPLACE] Replaced        3 instances of 🛡️ with [ACTION:validation] in /Users/fareed/Documents/dev/go/bkpdir/backup-semantic-tokens-20250713-153809/extract-008-remaining-subtasks-plan.md
[2025-07-13 15:40:41] [REPLACE] Replaced        2 instances of 🔄 with [ACTION:migration] in /Users/fareed/Documents/dev/go/bkpdir/backup-semantic-tokens-20250713-153809/extract-008-remaining-subtasks-plan.md
[2025-07-13 15:40:41] [SUCCESS] Migrated /Users/fareed/Documents/dev/go/bkpdir/backup-semantic-tokens-20250713-153809/extract-008-remaining-subtasks-plan.md with 37 changes
[2025-07-13 15:40:41] [INFO] Processing file: /Users/fareed/Documents/dev/go/bkpdir/backup-semantic-tokens-20250713-153809/doc014_integration_test.go
[2025-07-13 15:40:41] [BACKUP] Created backup: /Users/fareed/Documents/dev/go/bkpdir/backup-semantic-tokens-simple-20250713-154016/doc014_integration_test.go
[2025-07-13 15:40:41] [REPLACE] Replaced        1 instances of ⭐ with [CRITICAL] in /Users/fareed/Documents/dev/go/bkpdir/backup-semantic-tokens-20250713-153809/doc014_integration_test.go
[2025-07-13 15:40:41] [REPLACE] Replaced        1 instances of 🔺 with [HIGH] in /Users/fareed/Documents/dev/go/bkpdir/backup-semantic-tokens-20250713-153809/doc014_integration_test.go
[2025-07-13 15:40:41] [REPLACE] Replaced        1 instances of 🔶 with [MEDIUM] in /Users/fareed/Documents/dev/go/bkpdir/backup-semantic-tokens-20250713-153809/doc014_integration_test.go
[2025-07-13 15:40:41] [REPLACE] Replaced        1 instances of 🔻 with [LOW] in /Users/fareed/Documents/dev/go/bkpdir/backup-semantic-tokens-20250713-153809/doc014_integration_test.go
[2025-07-13 15:40:41] [REPLACE] Replaced        1 instances of 🛡️ with [ACTION:validation] in /Users/fareed/Documents/dev/go/bkpdir/backup-semantic-tokens-20250713-153809/doc014_integration_test.go
[2025-07-13 15:40:41] [SUCCESS] Migrated /Users/fareed/Documents/dev/go/bkpdir/backup-semantic-tokens-20250713-153809/doc014_integration_test.go with 5 changes
[2025-07-13 15:40:41] [INFO] Processing file: /Users/fareed/Documents/dev/go/bkpdir/backup-semantic-tokens-20250713-153809/extract-008-subtask-5-completion.md
[2025-07-13 15:40:41] [BACKUP] Created backup: /Users/fareed/Documents/dev/go/bkpdir/backup-semantic-tokens-simple-20250713-154016/extract-008-subtask-5-completion.md
[2025-07-13 15:40:41] [REPLACE] Replaced        2 instances of 🔺 with [HIGH] in /Users/fareed/Documents/dev/go/bkpdir/backup-semantic-tokens-20250713-153809/extract-008-subtask-5-completion.md
[2025-07-13 15:40:41] [REPLACE] Replaced        1 instances of 🔄 with [ACTION:migration] in /Users/fareed/Documents/dev/go/bkpdir/backup-semantic-tokens-20250713-153809/extract-008-subtask-5-completion.md
[2025-07-13 15:40:41] [SUCCESS] Migrated /Users/fareed/Documents/dev/go/bkpdir/backup-semantic-tokens-20250713-153809/extract-008-subtask-5-completion.md with 3 changes
[2025-07-13 15:40:41] [INFO] Processing file: /Users/fareed/Documents/dev/go/bkpdir/backup-semantic-tokens-20250713-153809/getting-started.md
[2025-07-13 15:40:41] [BACKUP] Created backup: /Users/fareed/Documents/dev/go/bkpdir/backup-semantic-tokens-simple-20250713-154016/getting-started.md
[2025-07-13 15:40:41] [REPLACE] Replaced        8 instances of 🔺 with [HIGH] in /Users/fareed/Documents/dev/go/bkpdir/backup-semantic-tokens-20250713-153809/getting-started.md
[2025-07-13 15:40:42] [REPLACE] Replaced        1 instances of 🔧 with [ACTION:core-functionality] in /Users/fareed/Documents/dev/go/bkpdir/backup-semantic-tokens-20250713-153809/getting-started.md
[2025-07-13 15:40:42] [REPLACE] Replaced        1 instances of 🔄 with [ACTION:migration] in /Users/fareed/Documents/dev/go/bkpdir/backup-semantic-tokens-20250713-153809/getting-started.md
[2025-07-13 15:40:42] [SUCCESS] Migrated /Users/fareed/Documents/dev/go/bkpdir/backup-semantic-tokens-20250713-153809/getting-started.md with 10 changes
[2025-07-13 15:40:42] [INFO] Processing file: /Users/fareed/Documents/dev/go/bkpdir/backup-semantic-tokens-20250713-153809/feature-change-protocol.md
[2025-07-13 15:40:42] [BACKUP] Created backup: /Users/fareed/Documents/dev/go/bkpdir/backup-semantic-tokens-simple-20250713-154016/feature-change-protocol.md
[2025-07-13 15:40:42] [REPLACE] Replaced        1 instances of 🔧 with [ACTION:core-functionality] in /Users/fareed/Documents/dev/go/bkpdir/backup-semantic-tokens-20250713-153809/feature-change-protocol.md
[2025-07-13 15:40:42] [REPLACE] Replaced        1 instances of 📝 with [ACTION:format-processing] in /Users/fareed/Documents/dev/go/bkpdir/backup-semantic-tokens-20250713-153809/feature-change-protocol.md
[2025-07-13 15:40:42] [REPLACE] Replaced        1 instances of 🛠️ with [ACTION:maintenance] in /Users/fareed/Documents/dev/go/bkpdir/backup-semantic-tokens-20250713-153809/feature-change-protocol.md
[2025-07-13 15:40:42] [REPLACE] Replaced        2 instances of 🔄 with [ACTION:migration] in /Users/fareed/Documents/dev/go/bkpdir/backup-semantic-tokens-20250713-153809/feature-change-protocol.md
[2025-07-13 15:40:42] [SUCCESS] Migrated /Users/fareed/Documents/dev/go/bkpdir/backup-semantic-tokens-20250713-153809/feature-change-protocol.md with 5 changes
[2025-07-13 15:40:42] [INFO] Processing file: /Users/fareed/Documents/dev/go/bkpdir/backup-semantic-tokens-20250713-153809/README.md
[2025-07-13 15:40:42] [BACKUP] Created backup: /Users/fareed/Documents/dev/go/bkpdir/backup-semantic-tokens-simple-20250713-154016/README.md
[2025-07-13 15:40:42] [REPLACE] Replaced        1 instances of 🔺 with [HIGH] in /Users/fareed/Documents/dev/go/bkpdir/backup-semantic-tokens-20250713-153809/README.md
[2025-07-13 15:40:42] [SUCCESS] Migrated /Users/fareed/Documents/dev/go/bkpdir/backup-semantic-tokens-20250713-153809/README.md with 1 changes
[2025-07-13 15:40:42] [INFO] Processing file: /Users/fareed/Documents/dev/go/bkpdir/backup-semantic-tokens-20250713-153809/semantic-token-migration-progress-summary.md
[2025-07-13 15:40:42] [BACKUP] Created backup: /Users/fareed/Documents/dev/go/bkpdir/backup-semantic-tokens-simple-20250713-154016/semantic-token-migration-progress-summary.md
[2025-07-13 15:40:42] [REPLACE] Replaced        4 instances of ⭐ with [CRITICAL] in /Users/fareed/Documents/dev/go/bkpdir/backup-semantic-tokens-20250713-153809/semantic-token-migration-progress-summary.md
[2025-07-13 15:40:42] [REPLACE] Replaced        2 instances of 🔺 with [HIGH] in /Users/fareed/Documents/dev/go/bkpdir/backup-semantic-tokens-20250713-153809/semantic-token-migration-progress-summary.md
[2025-07-13 15:40:42] [REPLACE] Replaced        1 instances of 🔶 with [MEDIUM] in /Users/fareed/Documents/dev/go/bkpdir/backup-semantic-tokens-20250713-153809/semantic-token-migration-progress-summary.md
[2025-07-13 15:40:42] [SUCCESS] Migrated /Users/fareed/Documents/dev/go/bkpdir/backup-semantic-tokens-20250713-153809/semantic-token-migration-progress-summary.md with 7 changes
[2025-07-13 15:40:42] [INFO] Processing file: /Users/fareed/Documents/dev/go/bkpdir/backup-semantic-tokens-20250713-153809/ai-first-configuration-refactoring-plan.md
[2025-07-13 15:40:42] [BACKUP] Created backup: /Users/fareed/Documents/dev/go/bkpdir/backup-semantic-tokens-simple-20250713-154016/ai-first-configuration-refactoring-plan.md
[2025-07-13 15:40:42] [REPLACE] Replaced        1 instances of 📝 with [ACTION:format-processing] in /Users/fareed/Documents/dev/go/bkpdir/backup-semantic-tokens-20250713-153809/ai-first-configuration-refactoring-plan.md
[2025-07-13 15:40:42] [SUCCESS] Migrated /Users/fareed/Documents/dev/go/bkpdir/backup-semantic-tokens-20250713-153809/ai-first-configuration-refactoring-plan.md with 1 changes
[2025-07-13 15:40:42] [INFO] Processing file: /Users/fareed/Documents/dev/go/bkpdir/backup-semantic-tokens-20250713-153809/extract-008-subtask-1-completion.md
[2025-07-13 15:40:42] [BACKUP] Created backup: /Users/fareed/Documents/dev/go/bkpdir/backup-semantic-tokens-simple-20250713-154016/extract-008-subtask-1-completion.md
[2025-07-13 15:40:42] [REPLACE] Replaced        1 instances of ⭐ with [CRITICAL] in /Users/fareed/Documents/dev/go/bkpdir/backup-semantic-tokens-20250713-153809/extract-008-subtask-1-completion.md
[2025-07-13 15:40:42] [REPLACE] Replaced        1 instances of 🔄 with [ACTION:migration] in /Users/fareed/Documents/dev/go/bkpdir/backup-semantic-tokens-20250713-153809/extract-008-subtask-1-completion.md
[2025-07-13 15:40:42] [SUCCESS] Migrated /Users/fareed/Documents/dev/go/bkpdir/backup-semantic-tokens-20250713-153809/extract-008-subtask-1-completion.md with 2 changes
[2025-07-13 15:40:42] [INFO] Processing file: /Users/fareed/Documents/dev/go/bkpdir/backup-semantic-tokens-20250713-153809/unicode-migration-week2-completion-summary.md
[2025-07-13 15:40:42] [BACKUP] Created backup: /Users/fareed/Documents/dev/go/bkpdir/backup-semantic-tokens-simple-20250713-154016/unicode-migration-week2-completion-summary.md
[2025-07-13 15:40:42] [REPLACE] Replaced        4 instances of 🔺 with [HIGH] in /Users/fareed/Documents/dev/go/bkpdir/backup-semantic-tokens-20250713-153809/unicode-migration-week2-completion-summary.md
[2025-07-13 15:40:42] [REPLACE] Replaced        1 instances of 🔶 with [MEDIUM] in /Users/fareed/Documents/dev/go/bkpdir/backup-semantic-tokens-20250713-153809/unicode-migration-week2-completion-summary.md
[2025-07-13 15:40:42] [REPLACE] Replaced        1 instances of 🔧 with [ACTION:core-functionality] in /Users/fareed/Documents/dev/go/bkpdir/backup-semantic-tokens-20250713-153809/unicode-migration-week2-completion-summary.md
[2025-07-13 15:40:42] [REPLACE] Replaced        1 instances of 📝 with [ACTION:format-processing] in /Users/fareed/Documents/dev/go/bkpdir/backup-semantic-tokens-20250713-153809/unicode-migration-week2-completion-summary.md
[2025-07-13 15:40:42] [REPLACE] Replaced        2 instances of 🔍 with [ACTION:discovery] in /Users/fareed/Documents/dev/go/bkpdir/backup-semantic-tokens-20250713-153809/unicode-migration-week2-completion-summary.md
[2025-07-13 15:40:42] [REPLACE] Replaced        1 instances of 🛡️ with [ACTION:validation] in /Users/fareed/Documents/dev/go/bkpdir/backup-semantic-tokens-20250713-153809/unicode-migration-week2-completion-summary.md
[2025-07-13 15:40:42] [SUCCESS] Migrated /Users/fareed/Documents/dev/go/bkpdir/backup-semantic-tokens-20250713-153809/unicode-migration-week2-completion-summary.md with 10 changes
[2025-07-13 15:40:42] [INFO] Processing file: /Users/fareed/Documents/dev/go/bkpdir/backup-semantic-tokens-20250713-153809/CFG-006-subtask-7-completion-summary.md
[2025-07-13 15:40:42] [BACKUP] Created backup: /Users/fareed/Documents/dev/go/bkpdir/backup-semantic-tokens-simple-20250713-154016/CFG-006-subtask-7-completion-summary.md
[2025-07-13 15:40:42] [REPLACE] Replaced        2 instances of 🔺 with [HIGH] in /Users/fareed/Documents/dev/go/bkpdir/backup-semantic-tokens-20250713-153809/CFG-006-subtask-7-completion-summary.md
[2025-07-13 15:40:42] [REPLACE] Replaced        2 instances of 🔧 with [ACTION:core-functionality] in /Users/fareed/Documents/dev/go/bkpdir/backup-semantic-tokens-20250713-153809/CFG-006-subtask-7-completion-summary.md
[2025-07-13 15:40:42] [REPLACE] Replaced        1 instances of 🔍 with [ACTION:discovery] in /Users/fareed/Documents/dev/go/bkpdir/backup-semantic-tokens-20250713-153809/CFG-006-subtask-7-completion-summary.md
[2025-07-13 15:40:42] [SUCCESS] Migrated /Users/fareed/Documents/dev/go/bkpdir/backup-semantic-tokens-20250713-153809/CFG-006-subtask-7-completion-summary.md with 5 changes
[2025-07-13 15:40:42] [INFO] Processing file: /Users/fareed/Documents/dev/go/bkpdir/backup-semantic-tokens-20250713-153809/extraction-dependencies.md
[2025-07-13 15:40:42] [BACKUP] Created backup: /Users/fareed/Documents/dev/go/bkpdir/backup-semantic-tokens-simple-20250713-154016/extraction-dependencies.md
[2025-07-13 15:40:42] [INFO] No changes needed for /Users/fareed/Documents/dev/go/bkpdir/backup-semantic-tokens-20250713-153809/extraction-dependencies.md
[2025-07-13 15:40:42] [INFO] Processing file: /Users/fareed/Documents/dev/go/bkpdir/backup-semantic-tokens-20250713-153809/realtime_validator_test.go
[2025-07-13 15:40:42] [BACKUP] Created backup: /Users/fareed/Documents/dev/go/bkpdir/backup-semantic-tokens-simple-20250713-154016/realtime_validator_test.go
[2025-07-13 15:40:42] [INFO] No changes needed for /Users/fareed/Documents/dev/go/bkpdir/backup-semantic-tokens-20250713-153809/realtime_validator_test.go
[2025-07-13 15:40:42] [INFO] Processing file: /Users/fareed/Documents/dev/go/bkpdir/backup-semantic-tokens-20250713-153809/semantic-token-system-implementation-complete.md
[2025-07-13 15:40:42] [BACKUP] Created backup: /Users/fareed/Documents/dev/go/bkpdir/backup-semantic-tokens-simple-20250713-154016/semantic-token-system-implementation-complete.md
[2025-07-13 15:40:42] [REPLACE] Replaced        2 instances of 🔧 with [ACTION:core-functionality] in /Users/fareed/Documents/dev/go/bkpdir/backup-semantic-tokens-20250713-153809/semantic-token-system-implementation-complete.md
[2025-07-13 15:40:42] [REPLACE] Replaced        2 instances of 🔄 with [ACTION:migration] in /Users/fareed/Documents/dev/go/bkpdir/backup-semantic-tokens-20250713-153809/semantic-token-system-implementation-complete.md
[2025-07-13 15:40:42] [SUCCESS] Migrated /Users/fareed/Documents/dev/go/bkpdir/backup-semantic-tokens-20250713-153809/semantic-token-system-implementation-complete.md with 4 changes
[2025-07-13 15:40:42] [INFO] Processing file: /Users/fareed/Documents/dev/go/bkpdir/backup-semantic-tokens-20250713-153809/validation-automation.md
[2025-07-13 15:40:42] [BACKUP] Created backup: /Users/fareed/Documents/dev/go/bkpdir/backup-semantic-tokens-simple-20250713-154016/validation-automation.md
[2025-07-13 15:40:43] [REPLACE] Replaced        1 instances of 🔧 with [ACTION:core-functionality] in /Users/fareed/Documents/dev/go/bkpdir/backup-semantic-tokens-20250713-153809/validation-automation.md
[2025-07-13 15:40:43] [REPLACE] Replaced        1 instances of 📝 with [ACTION:format-processing] in /Users/fareed/Documents/dev/go/bkpdir/backup-semantic-tokens-20250713-153809/validation-automation.md
[2025-07-13 15:40:43] [REPLACE] Replaced        7 instances of 🔍 with [ACTION:discovery] in /Users/fareed/Documents/dev/go/bkpdir/backup-semantic-tokens-20250713-153809/validation-automation.md
[2025-07-13 15:40:43] [REPLACE] Replaced        5 instances of 🔄 with [ACTION:migration] in /Users/fareed/Documents/dev/go/bkpdir/backup-semantic-tokens-20250713-153809/validation-automation.md
[2025-07-13 15:40:43] [SUCCESS] Migrated /Users/fareed/Documents/dev/go/bkpdir/backup-semantic-tokens-20250713-153809/validation-automation.md with 14 changes
[2025-07-13 15:40:43] [INFO] Processing file: /Users/fareed/Documents/dev/go/bkpdir/backup-semantic-tokens-20250713-153809/icon-validation-report.md
[2025-07-13 15:40:43] [BACKUP] Created backup: /Users/fareed/Documents/dev/go/bkpdir/backup-semantic-tokens-simple-20250713-154016/icon-validation-report.md
[2025-07-13 15:40:43] [REPLACE] Replaced        1 instances of 🔧 with [ACTION:core-functionality] in /Users/fareed/Documents/dev/go/bkpdir/backup-semantic-tokens-20250713-153809/icon-validation-report.md
[2025-07-13 15:40:43] [REPLACE] Replaced        1 instances of 📝 with [ACTION:format-processing] in /Users/fareed/Documents/dev/go/bkpdir/backup-semantic-tokens-20250713-153809/icon-validation-report.md
[2025-07-13 15:40:43] [REPLACE] Replaced        1 instances of 🔍 with [ACTION:discovery] in /Users/fareed/Documents/dev/go/bkpdir/backup-semantic-tokens-20250713-153809/icon-validation-report.md
[2025-07-13 15:40:43] [REPLACE] Replaced        1 instances of 🛡️ with [ACTION:validation] in /Users/fareed/Documents/dev/go/bkpdir/backup-semantic-tokens-20250713-153809/icon-validation-report.md
[2025-07-13 15:40:43] [SUCCESS] Migrated /Users/fareed/Documents/dev/go/bkpdir/backup-semantic-tokens-20250713-153809/icon-validation-report.md with 4 changes
[2025-07-13 15:40:43] [INFO] Processing file: /Users/fareed/Documents/dev/go/bkpdir/backup-semantic-tokens-20250713-153809/working-plan-extract-009.md
[2025-07-13 15:40:43] [BACKUP] Created backup: /Users/fareed/Documents/dev/go/bkpdir/backup-semantic-tokens-simple-20250713-154016/working-plan-extract-009.md
[2025-07-13 15:40:43] [REPLACE] Replaced        2 instances of ⭐ with [CRITICAL] in /Users/fareed/Documents/dev/go/bkpdir/backup-semantic-tokens-20250713-153809/working-plan-extract-009.md
[2025-07-13 15:40:43] [REPLACE] Replaced        2 instances of 🔧 with [ACTION:core-functionality] in /Users/fareed/Documents/dev/go/bkpdir/backup-semantic-tokens-20250713-153809/working-plan-extract-009.md
[2025-07-13 15:40:43] [REPLACE] Replaced        4 instances of 📝 with [ACTION:format-processing] in /Users/fareed/Documents/dev/go/bkpdir/backup-semantic-tokens-20250713-153809/working-plan-extract-009.md
[2025-07-13 15:40:43] [REPLACE] Replaced        4 instances of 🔍 with [ACTION:discovery] in /Users/fareed/Documents/dev/go/bkpdir/backup-semantic-tokens-20250713-153809/working-plan-extract-009.md
[2025-07-13 15:40:43] [REPLACE] Replaced        1 instances of 🛡️ with [ACTION:validation] in /Users/fareed/Documents/dev/go/bkpdir/backup-semantic-tokens-20250713-153809/working-plan-extract-009.md
[2025-07-13 15:40:43] [REPLACE] Replaced        1 instances of 🔄 with [ACTION:migration] in /Users/fareed/Documents/dev/go/bkpdir/backup-semantic-tokens-20250713-153809/working-plan-extract-009.md
[2025-07-13 15:40:43] [SUCCESS] Migrated /Users/fareed/Documents/dev/go/bkpdir/backup-semantic-tokens-20250713-153809/working-plan-extract-009.md with 14 changes
[2025-07-13 15:40:43] [INFO] Processing file: /Users/fareed/Documents/dev/go/bkpdir/backup-semantic-tokens-20250713-153809/decision_checklist.go
[2025-07-13 15:40:43] [BACKUP] Created backup: /Users/fareed/Documents/dev/go/bkpdir/backup-semantic-tokens-simple-20250713-154016/decision_checklist.go
[2025-07-13 15:40:43] [REPLACE] Replaced        1 instances of 🛡️ with [ACTION:validation] in /Users/fareed/Documents/dev/go/bkpdir/backup-semantic-tokens-20250713-153809/decision_checklist.go
[2025-07-13 15:40:43] [SUCCESS] Migrated /Users/fareed/Documents/dev/go/bkpdir/backup-semantic-tokens-20250713-153809/decision_checklist.go with 1 changes
[2025-07-13 15:40:43] [INFO] Processing file: /Users/fareed/Documents/dev/go/bkpdir/backup-semantic-tokens-20250713-153809/extract-007-final-analysis.md
[2025-07-13 15:40:43] [BACKUP] Created backup: /Users/fareed/Documents/dev/go/bkpdir/backup-semantic-tokens-simple-20250713-154016/extract-007-final-analysis.md
[2025-07-13 15:40:43] [REPLACE] Replaced        4 instances of ⭐ with [CRITICAL] in /Users/fareed/Documents/dev/go/bkpdir/backup-semantic-tokens-20250713-153809/extract-007-final-analysis.md
[2025-07-13 15:40:43] [REPLACE] Replaced        1 instances of 🔧 with [ACTION:core-functionality] in /Users/fareed/Documents/dev/go/bkpdir/backup-semantic-tokens-20250713-153809/extract-007-final-analysis.md
[2025-07-13 15:40:43] [REPLACE] Replaced        2 instances of 📝 with [ACTION:format-processing] in /Users/fareed/Documents/dev/go/bkpdir/backup-semantic-tokens-20250713-153809/extract-007-final-analysis.md
[2025-07-13 15:40:43] [REPLACE] Replaced        2 instances of 🔍 with [ACTION:discovery] in /Users/fareed/Documents/dev/go/bkpdir/backup-semantic-tokens-20250713-153809/extract-007-final-analysis.md
[2025-07-13 15:40:43] [REPLACE] Replaced        1 instances of 🛡️ with [ACTION:validation] in /Users/fareed/Documents/dev/go/bkpdir/backup-semantic-tokens-20250713-153809/extract-007-final-analysis.md
[2025-07-13 15:40:43] [SUCCESS] Migrated /Users/fareed/Documents/dev/go/bkpdir/backup-semantic-tokens-20250713-153809/extract-007-final-analysis.md with 10 changes
[2025-07-13 15:40:43] [INFO] Processing file: /Users/fareed/Documents/dev/go/bkpdir/backup-semantic-tokens-20250713-153809/unicode-migration-phase2-subtask2-token-implementation-plan.md
[2025-07-13 15:40:43] [BACKUP] Created backup: /Users/fareed/Documents/dev/go/bkpdir/backup-semantic-tokens-simple-20250713-154016/unicode-migration-phase2-subtask2-token-implementation-plan.md
[2025-07-13 15:40:43] [REPLACE] Replaced        1 instances of 🔄 with [ACTION:migration] in /Users/fareed/Documents/dev/go/bkpdir/backup-semantic-tokens-20250713-153809/unicode-migration-phase2-subtask2-token-implementation-plan.md
[2025-07-13 15:40:43] [SUCCESS] Migrated /Users/fareed/Documents/dev/go/bkpdir/backup-semantic-tokens-20250713-153809/unicode-migration-phase2-subtask2-token-implementation-plan.md with 1 changes
[2025-07-13 15:40:43] [INFO] Processing file: /Users/fareed/Documents/dev/go/bkpdir/backup-semantic-tokens-20250713-153809/unicode-migration-phase2-subtask3-token-implementation.md
[2025-07-13 15:40:43] [BACKUP] Created backup: /Users/fareed/Documents/dev/go/bkpdir/backup-semantic-tokens-simple-20250713-154016/unicode-migration-phase2-subtask3-token-implementation.md
[2025-07-13 15:40:43] [REPLACE] Replaced        2 instances of 🔄 with [ACTION:migration] in /Users/fareed/Documents/dev/go/bkpdir/backup-semantic-tokens-20250713-153809/unicode-migration-phase2-subtask3-token-implementation.md
[2025-07-13 15:40:43] [SUCCESS] Migrated /Users/fareed/Documents/dev/go/bkpdir/backup-semantic-tokens-20250713-153809/unicode-migration-phase2-subtask3-token-implementation.md with 2 changes
[2025-07-13 15:40:43] [INFO] Processing file: /Users/fareed/Documents/dev/go/bkpdir/backup-semantic-tokens-20250713-153809/implementation-decisions.md
[2025-07-13 15:40:43] [BACKUP] Created backup: /Users/fareed/Documents/dev/go/bkpdir/backup-semantic-tokens-simple-20250713-154016/implementation-decisions.md
[2025-07-13 15:40:43] [INFO] No changes needed for /Users/fareed/Documents/dev/go/bkpdir/backup-semantic-tokens-20250713-153809/implementation-decisions.md
[2025-07-13 15:40:43] [INFO] Processing file: /Users/fareed/Documents/dev/go/bkpdir/backup-semantic-tokens-20250713-153809/task-analysis-and-plan.md
[2025-07-13 15:40:43] [BACKUP] Created backup: /Users/fareed/Documents/dev/go/bkpdir/backup-semantic-tokens-simple-20250713-154016/task-analysis-and-plan.md
[2025-07-13 15:40:43] [REPLACE] Replaced        1 instances of 🔧 with [ACTION:core-functionality] in /Users/fareed/Documents/dev/go/bkpdir/backup-semantic-tokens-20250713-153809/task-analysis-and-plan.md
[2025-07-13 15:40:43] [REPLACE] Replaced        1 instances of 📝 with [ACTION:format-processing] in /Users/fareed/Documents/dev/go/bkpdir/backup-semantic-tokens-20250713-153809/task-analysis-and-plan.md
[2025-07-13 15:40:43] [REPLACE] Replaced        1 instances of 🔍 with [ACTION:discovery] in /Users/fareed/Documents/dev/go/bkpdir/backup-semantic-tokens-20250713-153809/task-analysis-and-plan.md
[2025-07-13 15:40:43] [REPLACE] Replaced        1 instances of 🔄 with [ACTION:migration] in /Users/fareed/Documents/dev/go/bkpdir/backup-semantic-tokens-20250713-153809/task-analysis-and-plan.md
[2025-07-13 15:40:43] [SUCCESS] Migrated /Users/fareed/Documents/dev/go/bkpdir/backup-semantic-tokens-20250713-153809/task-analysis-and-plan.md with 4 changes
[2025-07-13 15:40:43] [INFO] Processing file: /Users/fareed/Documents/dev/go/bkpdir/backup-semantic-tokens-20250713-153809/structure-optimization-analysis.md
[2025-07-13 15:40:43] [BACKUP] Created backup: /Users/fareed/Documents/dev/go/bkpdir/backup-semantic-tokens-simple-20250713-154016/structure-optimization-analysis.md
[2025-07-13 15:40:43] [REPLACE] Replaced        1 instances of 🔄 with [ACTION:migration] in /Users/fareed/Documents/dev/go/bkpdir/backup-semantic-tokens-20250713-153809/structure-optimization-analysis.md
[2025-07-13 15:40:43] [SUCCESS] Migrated /Users/fareed/Documents/dev/go/bkpdir/backup-semantic-tokens-20250713-153809/structure-optimization-analysis.md with 1 changes
[2025-07-13 15:40:43] [INFO] Processing file: /Users/fareed/Documents/dev/go/bkpdir/backup-semantic-tokens-20250713-153809/DOC-014-subtask-5-working-plan.md
[2025-07-13 15:40:43] [BACKUP] Created backup: /Users/fareed/Documents/dev/go/bkpdir/backup-semantic-tokens-simple-20250713-154016/DOC-014-subtask-5-working-plan.md
[2025-07-13 15:40:43] [REPLACE] Replaced        1 instances of ⭐ with [CRITICAL] in /Users/fareed/Documents/dev/go/bkpdir/backup-semantic-tokens-20250713-153809/DOC-014-subtask-5-working-plan.md
[2025-07-13 15:40:43] [REPLACE] Replaced        3 instances of 🔺 with [HIGH] in /Users/fareed/Documents/dev/go/bkpdir/backup-semantic-tokens-20250713-153809/DOC-014-subtask-5-working-plan.md
[2025-07-13 15:40:44] [REPLACE] Replaced        2 instances of 🔶 with [MEDIUM] in /Users/fareed/Documents/dev/go/bkpdir/backup-semantic-tokens-20250713-153809/DOC-014-subtask-5-working-plan.md
[2025-07-13 15:40:44] [REPLACE] Replaced        2 instances of 🔧 with [ACTION:core-functionality] in /Users/fareed/Documents/dev/go/bkpdir/backup-semantic-tokens-20250713-153809/DOC-014-subtask-5-working-plan.md
[2025-07-13 15:40:44] [SUCCESS] Migrated /Users/fareed/Documents/dev/go/bkpdir/backup-semantic-tokens-20250713-153809/DOC-014-subtask-5-working-plan.md with 8 changes
[2025-07-13 15:40:44] [INFO] Processing file: /Users/fareed/Documents/dev/go/bkpdir/backup-semantic-tokens-20250713-153809/unicode-migration-phase2-subtask1-missing-token-inventory.md
[2025-07-13 15:40:44] [BACKUP] Created backup: /Users/fareed/Documents/dev/go/bkpdir/backup-semantic-tokens-simple-20250713-154016/unicode-migration-phase2-subtask1-missing-token-inventory.md
[2025-07-13 15:40:44] [REPLACE] Replaced        1 instances of 🔄 with [ACTION:migration] in /Users/fareed/Documents/dev/go/bkpdir/backup-semantic-tokens-20250713-153809/unicode-migration-phase2-subtask1-missing-token-inventory.md
[2025-07-13 15:40:44] [SUCCESS] Migrated /Users/fareed/Documents/dev/go/bkpdir/backup-semantic-tokens-20250713-153809/unicode-migration-phase2-subtask1-missing-token-inventory.md with 1 changes
[2025-07-13 15:40:44] [INFO] Processing file: /Users/fareed/Documents/dev/go/bkpdir/backup-semantic-tokens-20250713-153809/goal_alignment_test.go
[2025-07-13 15:40:44] [BACKUP] Created backup: /Users/fareed/Documents/dev/go/bkpdir/backup-semantic-tokens-simple-20250713-154016/goal_alignment_test.go
[2025-07-13 15:40:44] [REPLACE] Replaced        1 instances of 🔶 with [MEDIUM] in /Users/fareed/Documents/dev/go/bkpdir/backup-semantic-tokens-20250713-153809/goal_alignment_test.go
[2025-07-13 15:40:44] [REPLACE] Replaced        1 instances of 🔻 with [LOW] in /Users/fareed/Documents/dev/go/bkpdir/backup-semantic-tokens-20250713-153809/goal_alignment_test.go
[2025-07-13 15:40:44] [SUCCESS] Migrated /Users/fareed/Documents/dev/go/bkpdir/backup-semantic-tokens-20250713-153809/goal_alignment_test.go with 2 changes
[2025-07-13 15:40:44] [INFO] Processing file: /Users/fareed/Documents/dev/go/bkpdir/backup-semantic-tokens-20250713-153809/integration-documentation-working-plan.md
[2025-07-13 15:40:44] [BACKUP] Created backup: /Users/fareed/Documents/dev/go/bkpdir/backup-semantic-tokens-simple-20250713-154016/integration-documentation-working-plan.md
[2025-07-13 15:40:44] [REPLACE] Replaced        1 instances of ⭐ with [CRITICAL] in /Users/fareed/Documents/dev/go/bkpdir/backup-semantic-tokens-20250713-153809/integration-documentation-working-plan.md
[2025-07-13 15:40:44] [REPLACE] Replaced        5 instances of 🔺 with [HIGH] in /Users/fareed/Documents/dev/go/bkpdir/backup-semantic-tokens-20250713-153809/integration-documentation-working-plan.md
[2025-07-13 15:40:44] [REPLACE] Replaced        1 instances of 🔧 with [ACTION:core-functionality] in /Users/fareed/Documents/dev/go/bkpdir/backup-semantic-tokens-20250713-153809/integration-documentation-working-plan.md
[2025-07-13 15:40:44] [REPLACE] Replaced        2 instances of 📝 with [ACTION:format-processing] in /Users/fareed/Documents/dev/go/bkpdir/backup-semantic-tokens-20250713-153809/integration-documentation-working-plan.md
[2025-07-13 15:40:44] [REPLACE] Replaced        1 instances of 🔍 with [ACTION:discovery] in /Users/fareed/Documents/dev/go/bkpdir/backup-semantic-tokens-20250713-153809/integration-documentation-working-plan.md
[2025-07-13 15:40:44] [REPLACE] Replaced        2 instances of 🛡️ with [ACTION:validation] in /Users/fareed/Documents/dev/go/bkpdir/backup-semantic-tokens-20250713-153809/integration-documentation-working-plan.md
[2025-07-13 15:40:44] [SUCCESS] Migrated /Users/fareed/Documents/dev/go/bkpdir/backup-semantic-tokens-20250713-153809/integration-documentation-working-plan.md with 12 changes
[2025-07-13 15:40:44] [INFO] Processing file: /Users/fareed/Documents/dev/go/bkpdir/backup-semantic-tokens-20250713-153809/configuration-examples.md
[2025-07-13 15:40:44] [BACKUP] Created backup: /Users/fareed/Documents/dev/go/bkpdir/backup-semantic-tokens-simple-20250713-154016/configuration-examples.md
[2025-07-13 15:40:44] [REPLACE] Replaced        1 instances of 🔻 with [LOW] in /Users/fareed/Documents/dev/go/bkpdir/backup-semantic-tokens-20250713-153809/configuration-examples.md
[2025-07-13 15:40:44] [REPLACE] Replaced        2 instances of 🔧 with [ACTION:core-functionality] in /Users/fareed/Documents/dev/go/bkpdir/backup-semantic-tokens-20250713-153809/configuration-examples.md
[2025-07-13 15:40:44] [REPLACE] Replaced        2 instances of 📝 with [ACTION:format-processing] in /Users/fareed/Documents/dev/go/bkpdir/backup-semantic-tokens-20250713-153809/configuration-examples.md
[2025-07-13 15:40:44] [REPLACE] Replaced        3 instances of 🔍 with [ACTION:discovery] in /Users/fareed/Documents/dev/go/bkpdir/backup-semantic-tokens-20250713-153809/configuration-examples.md
[2025-07-13 15:40:44] [REPLACE] Replaced        2 instances of 🛠️ with [ACTION:maintenance] in /Users/fareed/Documents/dev/go/bkpdir/backup-semantic-tokens-20250713-153809/configuration-examples.md
[2025-07-13 15:40:44] [SUCCESS] Migrated /Users/fareed/Documents/dev/go/bkpdir/backup-semantic-tokens-20250713-153809/configuration-examples.md with 10 changes
[2025-07-13 15:40:44] [INFO] Processing file: /Users/fareed/Documents/dev/go/bkpdir/backup-semantic-tokens-20250713-153809/ai-first-token-system-proposal.md
[2025-07-13 15:40:44] [BACKUP] Created backup: /Users/fareed/Documents/dev/go/bkpdir/backup-semantic-tokens-simple-20250713-154016/ai-first-token-system-proposal.md
[2025-07-13 15:40:44] [REPLACE] Replaced        2 instances of ⭐ with [CRITICAL] in /Users/fareed/Documents/dev/go/bkpdir/backup-semantic-tokens-20250713-153809/ai-first-token-system-proposal.md
[2025-07-13 15:40:44] [REPLACE] Replaced        2 instances of 🔧 with [ACTION:core-functionality] in /Users/fareed/Documents/dev/go/bkpdir/backup-semantic-tokens-20250713-153809/ai-first-token-system-proposal.md
[2025-07-13 15:40:44] [REPLACE] Replaced        1 instances of 🔍 with [ACTION:discovery] in /Users/fareed/Documents/dev/go/bkpdir/backup-semantic-tokens-20250713-153809/ai-first-token-system-proposal.md
[2025-07-13 15:40:44] [SUCCESS] Migrated /Users/fareed/Documents/dev/go/bkpdir/backup-semantic-tokens-20250713-153809/ai-first-token-system-proposal.md with 5 changes
[2025-07-13 15:40:44] [INFO] Processing file: /Users/fareed/Documents/dev/go/bkpdir/backup-semantic-tokens-20250713-153809/decision-context-validation-report.md
[2025-07-13 15:40:44] [BACKUP] Created backup: /Users/fareed/Documents/dev/go/bkpdir/backup-semantic-tokens-simple-20250713-154016/decision-context-validation-report.md
[2025-07-13 15:40:44] [REPLACE] Replaced        1 instances of ⭐ with [CRITICAL] in /Users/fareed/Documents/dev/go/bkpdir/backup-semantic-tokens-20250713-153809/decision-context-validation-report.md
[2025-07-13 15:40:44] [REPLACE] Replaced        1 instances of 🔺 with [HIGH] in /Users/fareed/Documents/dev/go/bkpdir/backup-semantic-tokens-20250713-153809/decision-context-validation-report.md
[2025-07-13 15:40:44] [REPLACE] Replaced        1 instances of 🔶 with [MEDIUM] in /Users/fareed/Documents/dev/go/bkpdir/backup-semantic-tokens-20250713-153809/decision-context-validation-report.md
[2025-07-13 15:40:44] [REPLACE] Replaced        1 instances of 🔧 with [ACTION:core-functionality] in /Users/fareed/Documents/dev/go/bkpdir/backup-semantic-tokens-20250713-153809/decision-context-validation-report.md
[2025-07-13 15:40:44] [REPLACE] Replaced        1 instances of 🔍 with [ACTION:discovery] in /Users/fareed/Documents/dev/go/bkpdir/backup-semantic-tokens-20250713-153809/decision-context-validation-report.md
[2025-07-13 15:40:44] [SUCCESS] Migrated /Users/fareed/Documents/dev/go/bkpdir/backup-semantic-tokens-20250713-153809/decision-context-validation-report.md with 5 changes
[2025-07-13 15:40:44] [INFO] Processing file: /Users/fareed/Documents/dev/go/bkpdir/backup-semantic-tokens-20250713-153809/task-config-template-working-plan.md
[2025-07-13 15:40:44] [BACKUP] Created backup: /Users/fareed/Documents/dev/go/bkpdir/backup-semantic-tokens-simple-20250713-154016/task-config-template-working-plan.md
[2025-07-13 15:40:44] [REPLACE] Replaced        2 instances of 🔧 with [ACTION:core-functionality] in /Users/fareed/Documents/dev/go/bkpdir/backup-semantic-tokens-20250713-153809/task-config-template-working-plan.md
[2025-07-13 15:40:44] [REPLACE] Replaced        1 instances of 📝 with [ACTION:format-processing] in /Users/fareed/Documents/dev/go/bkpdir/backup-semantic-tokens-20250713-153809/task-config-template-working-plan.md
[2025-07-13 15:40:44] [REPLACE] Replaced        2 instances of 🔍 with [ACTION:discovery] in /Users/fareed/Documents/dev/go/bkpdir/backup-semantic-tokens-20250713-153809/task-config-template-working-plan.md
[2025-07-13 15:40:44] [REPLACE] Replaced        1 instances of 🛡️ with [ACTION:validation] in /Users/fareed/Documents/dev/go/bkpdir/backup-semantic-tokens-20250713-153809/task-config-template-working-plan.md
[2025-07-13 15:40:44] [SUCCESS] Migrated /Users/fareed/Documents/dev/go/bkpdir/backup-semantic-tokens-20250713-153809/task-config-template-working-plan.md with 6 changes
[2025-07-13 15:40:44] [INFO] Processing file: /Users/fareed/Documents/dev/go/bkpdir/backup-semantic-tokens-20250713-153809/extract-008-cli-template-plan.md
[2025-07-13 15:40:44] [BACKUP] Created backup: /Users/fareed/Documents/dev/go/bkpdir/backup-semantic-tokens-simple-20250713-154016/extract-008-cli-template-plan.md
[2025-07-13 15:40:44] [REPLACE] Replaced        1 instances of ⭐ with [CRITICAL] in /Users/fareed/Documents/dev/go/bkpdir/backup-semantic-tokens-20250713-153809/extract-008-cli-template-plan.md
[2025-07-13 15:40:44] [REPLACE] Replaced        4 instances of 🔺 with [HIGH] in /Users/fareed/Documents/dev/go/bkpdir/backup-semantic-tokens-20250713-153809/extract-008-cli-template-plan.md
[2025-07-13 15:40:44] [REPLACE] Replaced        1 instances of 🔧 with [ACTION:core-functionality] in /Users/fareed/Documents/dev/go/bkpdir/backup-semantic-tokens-20250713-153809/extract-008-cli-template-plan.md
[2025-07-13 15:40:44] [REPLACE] Replaced        2 instances of 📝 with [ACTION:format-processing] in /Users/fareed/Documents/dev/go/bkpdir/backup-semantic-tokens-20250713-153809/extract-008-cli-template-plan.md
[2025-07-13 15:40:44] [REPLACE] Replaced        1 instances of 🔍 with [ACTION:discovery] in /Users/fareed/Documents/dev/go/bkpdir/backup-semantic-tokens-20250713-153809/extract-008-cli-template-plan.md
[2025-07-13 15:40:44] [REPLACE] Replaced        1 instances of 🛠️ with [ACTION:maintenance] in /Users/fareed/Documents/dev/go/bkpdir/backup-semantic-tokens-20250713-153809/extract-008-cli-template-plan.md
[2025-07-13 15:40:44] [REPLACE] Replaced        1 instances of 🔄 with [ACTION:migration] in /Users/fareed/Documents/dev/go/bkpdir/backup-semantic-tokens-20250713-153809/extract-008-cli-template-plan.md
[2025-07-13 15:40:44] [SUCCESS] Migrated /Users/fareed/Documents/dev/go/bkpdir/backup-semantic-tokens-20250713-153809/extract-008-cli-template-plan.md with 11 changes
[2025-07-13 15:40:44] [INFO] Processing file: /Users/fareed/Documents/dev/go/bkpdir/backup-semantic-tokens-20250713-153809/ai-assistant-protocol.md
[2025-07-13 15:40:44] [BACKUP] Created backup: /Users/fareed/Documents/dev/go/bkpdir/backup-semantic-tokens-simple-20250713-154016/ai-assistant-protocol.md
[2025-07-13 15:40:44] [REPLACE] Replaced       13 instances of ⭐ with [CRITICAL] in /Users/fareed/Documents/dev/go/bkpdir/backup-semantic-tokens-20250713-153809/ai-assistant-protocol.md
[2025-07-13 15:40:45] [REPLACE] Replaced       12 instances of 🔧 with [ACTION:core-functionality] in /Users/fareed/Documents/dev/go/bkpdir/backup-semantic-tokens-20250713-153809/ai-assistant-protocol.md
[2025-07-13 15:40:45] [REPLACE] Replaced       13 instances of 📝 with [ACTION:format-processing] in /Users/fareed/Documents/dev/go/bkpdir/backup-semantic-tokens-20250713-153809/ai-assistant-protocol.md
[2025-07-13 15:40:45] [REPLACE] Replaced       15 instances of 🔍 with [ACTION:discovery] in /Users/fareed/Documents/dev/go/bkpdir/backup-semantic-tokens-20250713-153809/ai-assistant-protocol.md
[2025-07-13 15:40:45] [REPLACE] Replaced        9 instances of 🛡️ with [ACTION:validation] in /Users/fareed/Documents/dev/go/bkpdir/backup-semantic-tokens-20250713-153809/ai-assistant-protocol.md
[2025-07-13 15:40:45] [REPLACE] Replaced        3 instances of 🔄 with [ACTION:migration] in /Users/fareed/Documents/dev/go/bkpdir/backup-semantic-tokens-20250713-153809/ai-assistant-protocol.md
[2025-07-13 15:40:45] [SUCCESS] Migrated /Users/fareed/Documents/dev/go/bkpdir/backup-semantic-tokens-20250713-153809/ai-assistant-protocol.md with 65 changes
[2025-07-13 15:40:45] [INFO] Processing file: /Users/fareed/Documents/dev/go/bkpdir/backup-semantic-tokens-20250713-153809/ai-first-refactoring-priority-summary.md
[2025-07-13 15:40:45] [BACKUP] Created backup: /Users/fareed/Documents/dev/go/bkpdir/backup-semantic-tokens-simple-20250713-154016/ai-first-refactoring-priority-summary.md
[2025-07-13 15:40:45] [REPLACE] Replaced        2 instances of ⭐ with [CRITICAL] in /Users/fareed/Documents/dev/go/bkpdir/backup-semantic-tokens-20250713-153809/ai-first-refactoring-priority-summary.md
[2025-07-13 15:40:45] [REPLACE] Replaced        1 instances of 🔧 with [ACTION:core-functionality] in /Users/fareed/Documents/dev/go/bkpdir/backup-semantic-tokens-20250713-153809/ai-first-refactoring-priority-summary.md
[2025-07-13 15:40:45] [REPLACE] Replaced        1 instances of 📝 with [ACTION:format-processing] in /Users/fareed/Documents/dev/go/bkpdir/backup-semantic-tokens-20250713-153809/ai-first-refactoring-priority-summary.md
[2025-07-13 15:40:45] [SUCCESS] Migrated /Users/fareed/Documents/dev/go/bkpdir/backup-semantic-tokens-20250713-153809/ai-first-refactoring-priority-summary.md with 4 changes
[2025-07-13 15:40:45] [INFO] Processing file: /Users/fareed/Documents/dev/go/bkpdir/backup-semantic-tokens-20250713-153809/extract-008-subtask-2-completion.md
[2025-07-13 15:40:45] [BACKUP] Created backup: /Users/fareed/Documents/dev/go/bkpdir/backup-semantic-tokens-simple-20250713-154016/extract-008-subtask-2-completion.md
[2025-07-13 15:40:45] [REPLACE] Replaced        9 instances of 🔺 with [HIGH] in /Users/fareed/Documents/dev/go/bkpdir/backup-semantic-tokens-20250713-153809/extract-008-subtask-2-completion.md
[2025-07-13 15:40:45] [REPLACE] Replaced        4 instances of 🔧 with [ACTION:core-functionality] in /Users/fareed/Documents/dev/go/bkpdir/backup-semantic-tokens-20250713-153809/extract-008-subtask-2-completion.md
[2025-07-13 15:40:45] [REPLACE] Replaced        4 instances of 📝 with [ACTION:format-processing] in /Users/fareed/Documents/dev/go/bkpdir/backup-semantic-tokens-20250713-153809/extract-008-subtask-2-completion.md
[2025-07-13 15:40:45] [REPLACE] Replaced        3 instances of 🔍 with [ACTION:discovery] in /Users/fareed/Documents/dev/go/bkpdir/backup-semantic-tokens-20250713-153809/extract-008-subtask-2-completion.md
[2025-07-13 15:40:45] [REPLACE] Replaced        4 instances of 🔄 with [ACTION:migration] in /Users/fareed/Documents/dev/go/bkpdir/backup-semantic-tokens-20250713-153809/extract-008-subtask-2-completion.md
[2025-07-13 15:40:45] [SUCCESS] Migrated /Users/fareed/Documents/dev/go/bkpdir/backup-semantic-tokens-20250713-153809/extract-008-subtask-2-completion.md with 24 changes
[2025-07-13 15:40:45] [INFO] Processing file: /Users/fareed/Documents/dev/go/bkpdir/backup-semantic-tokens-20250713-153809/semantic-token-migration-completion-report.md
[2025-07-13 15:40:45] [BACKUP] Created backup: /Users/fareed/Documents/dev/go/bkpdir/backup-semantic-tokens-simple-20250713-154016/semantic-token-migration-completion-report.md
[2025-07-13 15:40:45] [REPLACE] Replaced        3 instances of ⭐ with [CRITICAL] in /Users/fareed/Documents/dev/go/bkpdir/backup-semantic-tokens-20250713-153809/semantic-token-migration-completion-report.md
[2025-07-13 15:40:45] [REPLACE] Replaced        1 instances of 🔺 with [HIGH] in /Users/fareed/Documents/dev/go/bkpdir/backup-semantic-tokens-20250713-153809/semantic-token-migration-completion-report.md
[2025-07-13 15:40:45] [REPLACE] Replaced        1 instances of 🔶 with [MEDIUM] in /Users/fareed/Documents/dev/go/bkpdir/backup-semantic-tokens-20250713-153809/semantic-token-migration-completion-report.md
[2025-07-13 15:40:45] [REPLACE] Replaced        1 instances of 🔻 with [LOW] in /Users/fareed/Documents/dev/go/bkpdir/backup-semantic-tokens-20250713-153809/semantic-token-migration-completion-report.md
[2025-07-13 15:40:45] [REPLACE] Replaced        2 instances of 🔧 with [ACTION:core-functionality] in /Users/fareed/Documents/dev/go/bkpdir/backup-semantic-tokens-20250713-153809/semantic-token-migration-completion-report.md
[2025-07-13 15:40:45] [REPLACE] Replaced        1 instances of 🛠️ with [ACTION:maintenance] in /Users/fareed/Documents/dev/go/bkpdir/backup-semantic-tokens-20250713-153809/semantic-token-migration-completion-report.md
[2025-07-13 15:40:45] [REPLACE] Replaced        3 instances of 🔄 with [ACTION:migration] in /Users/fareed/Documents/dev/go/bkpdir/backup-semantic-tokens-20250713-153809/semantic-token-migration-completion-report.md
[2025-07-13 15:40:45] [SUCCESS] Migrated /Users/fareed/Documents/dev/go/bkpdir/backup-semantic-tokens-20250713-153809/semantic-token-migration-completion-report.md with 12 changes
[2025-07-13 15:40:45] [INFO] Processing file: /Users/fareed/Documents/dev/go/bkpdir/backup-semantic-tokens-20250713-153809/DOC-014-subtask-4-working-plan.md
[2025-07-13 15:40:45] [BACKUP] Created backup: /Users/fareed/Documents/dev/go/bkpdir/backup-semantic-tokens-simple-20250713-154016/DOC-014-subtask-4-working-plan.md
[2025-07-13 15:40:45] [REPLACE] Replaced        6 instances of ⭐ with [CRITICAL] in /Users/fareed/Documents/dev/go/bkpdir/backup-semantic-tokens-20250713-153809/DOC-014-subtask-4-working-plan.md
[2025-07-13 15:40:45] [REPLACE] Replaced        7 instances of 🔺 with [HIGH] in /Users/fareed/Documents/dev/go/bkpdir/backup-semantic-tokens-20250713-153809/DOC-014-subtask-4-working-plan.md
[2025-07-13 15:40:45] [REPLACE] Replaced        3 instances of 🔶 with [MEDIUM] in /Users/fareed/Documents/dev/go/bkpdir/backup-semantic-tokens-20250713-153809/DOC-014-subtask-4-working-plan.md
[2025-07-13 15:40:45] [REPLACE] Replaced        4 instances of 🔻 with [LOW] in /Users/fareed/Documents/dev/go/bkpdir/backup-semantic-tokens-20250713-153809/DOC-014-subtask-4-working-plan.md
[2025-07-13 15:40:45] [REPLACE] Replaced        1 instances of 🔍 with [ACTION:discovery] in /Users/fareed/Documents/dev/go/bkpdir/backup-semantic-tokens-20250713-153809/DOC-014-subtask-4-working-plan.md
[2025-07-13 15:40:45] [REPLACE] Replaced        1 instances of 🛡️ with [ACTION:validation] in /Users/fareed/Documents/dev/go/bkpdir/backup-semantic-tokens-20250713-153809/DOC-014-subtask-4-working-plan.md
[2025-07-13 15:40:45] [SUCCESS] Migrated /Users/fareed/Documents/dev/go/bkpdir/backup-semantic-tokens-20250713-153809/DOC-014-subtask-4-working-plan.md with 22 changes
[2025-07-13 15:40:45] [INFO] Processing file: /Users/fareed/Documents/dev/go/bkpdir/backup-semantic-tokens-20250713-153809/refactoring-validation-report.md
[2025-07-13 15:40:45] [BACKUP] Created backup: /Users/fareed/Documents/dev/go/bkpdir/backup-semantic-tokens-simple-20250713-154016/refactoring-validation-report.md
[2025-07-13 15:40:45] [REPLACE] Replaced       10 instances of 🔺 with [HIGH] in /Users/fareed/Documents/dev/go/bkpdir/backup-semantic-tokens-20250713-153809/refactoring-validation-report.md
[2025-07-13 15:40:45] [REPLACE] Replaced        1 instances of 🔶 with [MEDIUM] in /Users/fareed/Documents/dev/go/bkpdir/backup-semantic-tokens-20250713-153809/refactoring-validation-report.md
[2025-07-13 15:40:45] [REPLACE] Replaced        2 instances of 📝 with [ACTION:format-processing] in /Users/fareed/Documents/dev/go/bkpdir/backup-semantic-tokens-20250713-153809/refactoring-validation-report.md
[2025-07-13 15:40:45] [REPLACE] Replaced        1 instances of 🔍 with [ACTION:discovery] in /Users/fareed/Documents/dev/go/bkpdir/backup-semantic-tokens-20250713-153809/refactoring-validation-report.md
[2025-07-13 15:40:45] [REPLACE] Replaced        2 instances of 🛡️ with [ACTION:validation] in /Users/fareed/Documents/dev/go/bkpdir/backup-semantic-tokens-20250713-153809/refactoring-validation-report.md
[2025-07-13 15:40:45] [SUCCESS] Migrated /Users/fareed/Documents/dev/go/bkpdir/backup-semantic-tokens-20250713-153809/refactoring-validation-report.md with 16 changes
[2025-07-13 15:40:45] [INFO] Processing file: /Users/fareed/Documents/dev/go/bkpdir/backup-semantic-tokens-20250713-153809/features.md
[2025-07-13 15:40:45] [BACKUP] Created backup: /Users/fareed/Documents/dev/go/bkpdir/backup-semantic-tokens-simple-20250713-154016/features.md
[2025-07-13 15:40:45] [REPLACE] Replaced        3 instances of 🔺 with [HIGH] in /Users/fareed/Documents/dev/go/bkpdir/backup-semantic-tokens-20250713-153809/features.md
[2025-07-13 15:40:45] [REPLACE] Replaced        3 instances of 🔶 with [MEDIUM] in /Users/fareed/Documents/dev/go/bkpdir/backup-semantic-tokens-20250713-153809/features.md
[2025-07-13 15:40:45] [SUCCESS] Migrated /Users/fareed/Documents/dev/go/bkpdir/backup-semantic-tokens-20250713-153809/features.md with 6 changes
[2025-07-13 15:40:45] [INFO] Processing file: /Users/fareed/Documents/dev/go/bkpdir/backup-semantic-tokens-20250713-153809/unicode-to-semantic-token-mapping.md
[2025-07-13 15:40:45] [BACKUP] Created backup: /Users/fareed/Documents/dev/go/bkpdir/backup-semantic-tokens-simple-20250713-154016/unicode-to-semantic-token-mapping.md
[2025-07-13 15:40:45] [REPLACE] Replaced        2 instances of ⭐ with [CRITICAL] in /Users/fareed/Documents/dev/go/bkpdir/backup-semantic-tokens-20250713-153809/unicode-to-semantic-token-mapping.md
[2025-07-13 15:40:45] [REPLACE] Replaced        7 instances of 🔺 with [HIGH] in /Users/fareed/Documents/dev/go/bkpdir/backup-semantic-tokens-20250713-153809/unicode-to-semantic-token-mapping.md
[2025-07-13 15:40:45] [REPLACE] Replaced        2 instances of 🔶 with [MEDIUM] in /Users/fareed/Documents/dev/go/bkpdir/backup-semantic-tokens-20250713-153809/unicode-to-semantic-token-mapping.md
[2025-07-13 15:40:45] [REPLACE] Replaced        2 instances of 🔻 with [LOW] in /Users/fareed/Documents/dev/go/bkpdir/backup-semantic-tokens-20250713-153809/unicode-to-semantic-token-mapping.md
[2025-07-13 15:40:45] [REPLACE] Replaced        3 instances of 🔧 with [ACTION:core-functionality] in /Users/fareed/Documents/dev/go/bkpdir/backup-semantic-tokens-20250713-153809/unicode-to-semantic-token-mapping.md
[2025-07-13 15:40:45] [REPLACE] Replaced        3 instances of 📝 with [ACTION:format-processing] in /Users/fareed/Documents/dev/go/bkpdir/backup-semantic-tokens-20250713-153809/unicode-to-semantic-token-mapping.md
[2025-07-13 15:40:45] [REPLACE] Replaced        3 instances of 🔍 with [ACTION:discovery] in /Users/fareed/Documents/dev/go/bkpdir/backup-semantic-tokens-20250713-153809/unicode-to-semantic-token-mapping.md
[2025-07-13 15:40:45] [REPLACE] Replaced        3 instances of 🛡️ with [ACTION:validation] in /Users/fareed/Documents/dev/go/bkpdir/backup-semantic-tokens-20250713-153809/unicode-to-semantic-token-mapping.md
[2025-07-13 15:40:45] [REPLACE] Replaced        3 instances of 🔄 with [ACTION:migration] in /Users/fareed/Documents/dev/go/bkpdir/backup-semantic-tokens-20250713-153809/unicode-to-semantic-token-mapping.md
[2025-07-13 15:40:45] [SUCCESS] Migrated /Users/fareed/Documents/dev/go/bkpdir/backup-semantic-tokens-20250713-153809/unicode-to-semantic-token-mapping.md with 28 changes
[2025-07-13 15:40:45] [INFO] Processing file: /Users/fareed/Documents/dev/go/bkpdir/backup-semantic-tokens-20250713-153809/extract-007-working-plan.md
[2025-07-13 15:40:46] [BACKUP] Created backup: /Users/fareed/Documents/dev/go/bkpdir/backup-semantic-tokens-simple-20250713-154016/extract-007-working-plan.md
[2025-07-13 15:40:46] [REPLACE] Replaced        1 instances of 📝 with [ACTION:format-processing] in /Users/fareed/Documents/dev/go/bkpdir/backup-semantic-tokens-20250713-153809/extract-007-working-plan.md
[2025-07-13 15:40:46] [REPLACE] Replaced        1 instances of 🔄 with [ACTION:migration] in /Users/fareed/Documents/dev/go/bkpdir/backup-semantic-tokens-20250713-153809/extract-007-working-plan.md
[2025-07-13 15:40:46] [SUCCESS] Migrated /Users/fareed/Documents/dev/go/bkpdir/backup-semantic-tokens-20250713-153809/extract-007-working-plan.md with 2 changes
[2025-07-13 15:40:46] [INFO] Processing file: /Users/fareed/Documents/dev/go/bkpdir/backup-semantic-tokens-20250713-153809/feature-tracking.md
[2025-07-13 15:40:46] [BACKUP] Created backup: /Users/fareed/Documents/dev/go/bkpdir/backup-semantic-tokens-simple-20250713-154016/feature-tracking.md
[2025-07-13 15:40:46] [REPLACE] Replaced      101 instances of ⭐ with [CRITICAL] in /Users/fareed/Documents/dev/go/bkpdir/backup-semantic-tokens-20250713-153809/feature-tracking.md
[2025-07-13 15:40:46] [REPLACE] Replaced      106 instances of 🔺 with [HIGH] in /Users/fareed/Documents/dev/go/bkpdir/backup-semantic-tokens-20250713-153809/feature-tracking.md
[2025-07-13 15:40:46] [REPLACE] Replaced       68 instances of 🔶 with [MEDIUM] in /Users/fareed/Documents/dev/go/bkpdir/backup-semantic-tokens-20250713-153809/feature-tracking.md
[2025-07-13 15:40:46] [REPLACE] Replaced       36 instances of 🔻 with [LOW] in /Users/fareed/Documents/dev/go/bkpdir/backup-semantic-tokens-20250713-153809/feature-tracking.md
[2025-07-13 15:40:46] [REPLACE] Replaced       64 instances of 🔧 with [ACTION:core-functionality] in /Users/fareed/Documents/dev/go/bkpdir/backup-semantic-tokens-20250713-153809/feature-tracking.md
[2025-07-13 15:40:46] [REPLACE] Replaced       49 instances of 📝 with [ACTION:format-processing] in /Users/fareed/Documents/dev/go/bkpdir/backup-semantic-tokens-20250713-153809/feature-tracking.md
[2025-07-13 15:40:46] [REPLACE] Replaced       15 instances of 🔍 with [ACTION:discovery] in /Users/fareed/Documents/dev/go/bkpdir/backup-semantic-tokens-20250713-153809/feature-tracking.md
[2025-07-13 15:40:46] [REPLACE] Replaced        8 instances of 🛡️ with [ACTION:validation] in /Users/fareed/Documents/dev/go/bkpdir/backup-semantic-tokens-20250713-153809/feature-tracking.md
[2025-07-13 15:40:46] [REPLACE] Replaced       37 instances of 🔄 with [ACTION:migration] in /Users/fareed/Documents/dev/go/bkpdir/backup-semantic-tokens-20250713-153809/feature-tracking.md
[2025-07-13 15:40:46] [SUCCESS] Migrated /Users/fareed/Documents/dev/go/bkpdir/backup-semantic-tokens-20250713-153809/feature-tracking.md with 484 changes
[2025-07-13 15:40:46] [INFO] Processing file: /Users/fareed/Documents/dev/go/bkpdir/backup-semantic-tokens-20250713-153809/working-plan-remove-backup-command.md
[2025-07-13 15:40:46] [BACKUP] Created backup: /Users/fareed/Documents/dev/go/bkpdir/backup-semantic-tokens-simple-20250713-154016/working-plan-remove-backup-command.md
[2025-07-13 15:40:46] [REPLACE] Replaced        4 instances of ⭐ with [CRITICAL] in /Users/fareed/Documents/dev/go/bkpdir/backup-semantic-tokens-20250713-153809/working-plan-remove-backup-command.md
[2025-07-13 15:40:46] [REPLACE] Replaced        4 instances of 🔺 with [HIGH] in /Users/fareed/Documents/dev/go/bkpdir/backup-semantic-tokens-20250713-153809/working-plan-remove-backup-command.md
[2025-07-13 15:40:46] [REPLACE] Replaced        1 instances of 🔶 with [MEDIUM] in /Users/fareed/Documents/dev/go/bkpdir/backup-semantic-tokens-20250713-153809/working-plan-remove-backup-command.md
[2025-07-13 15:40:46] [REPLACE] Replaced        1 instances of 🔧 with [ACTION:core-functionality] in /Users/fareed/Documents/dev/go/bkpdir/backup-semantic-tokens-20250713-153809/working-plan-remove-backup-command.md
[2025-07-13 15:40:46] [REPLACE] Replaced        1 instances of 📝 with [ACTION:format-processing] in /Users/fareed/Documents/dev/go/bkpdir/backup-semantic-tokens-20250713-153809/working-plan-remove-backup-command.md
[2025-07-13 15:40:46] [REPLACE] Replaced        1 instances of 🔍 with [ACTION:discovery] in /Users/fareed/Documents/dev/go/bkpdir/backup-semantic-tokens-20250713-153809/working-plan-remove-backup-command.md
[2025-07-13 15:40:46] [REPLACE] Replaced        1 instances of 🔄 with [ACTION:migration] in /Users/fareed/Documents/dev/go/bkpdir/backup-semantic-tokens-20250713-153809/working-plan-remove-backup-command.md
[2025-07-13 15:40:46] [SUCCESS] Migrated /Users/fareed/Documents/dev/go/bkpdir/backup-semantic-tokens-20250713-153809/working-plan-remove-backup-command.md with 13 changes
[2025-07-13 15:40:46] [INFO] Processing file: /Users/fareed/Documents/dev/go/bkpdir/backup-semantic-tokens-20250713-153809/manager.go
[2025-07-13 15:40:46] [BACKUP] Created backup: /Users/fareed/Documents/dev/go/bkpdir/backup-semantic-tokens-simple-20250713-154016/manager.go
[2025-07-13 15:40:46] [INFO] No changes needed for /Users/fareed/Documents/dev/go/bkpdir/backup-semantic-tokens-20250713-153809/manager.go
[2025-07-13 15:40:46] [INFO] Processing file: /Users/fareed/Documents/dev/go/bkpdir/backup-semantic-tokens-20250713-153809/performance_test_integration.go
[2025-07-13 15:40:46] [BACKUP] Created backup: /Users/fareed/Documents/dev/go/bkpdir/backup-semantic-tokens-simple-20250713-154016/performance_test_integration.go
[2025-07-13 15:40:46] [INFO] No changes needed for /Users/fareed/Documents/dev/go/bkpdir/backup-semantic-tokens-20250713-153809/performance_test_integration.go
[2025-07-13 15:40:46] [INFO] Processing file: /Users/fareed/Documents/dev/go/bkpdir/backup-semantic-tokens-20250713-153809/DOC-011-implementation-summary.md
[2025-07-13 15:40:46] [BACKUP] Created backup: /Users/fareed/Documents/dev/go/bkpdir/backup-semantic-tokens-simple-20250713-154016/DOC-011-implementation-summary.md
[2025-07-13 15:40:46] [REPLACE] Replaced        4 instances of 🔺 with [HIGH] in /Users/fareed/Documents/dev/go/bkpdir/backup-semantic-tokens-20250713-153809/DOC-011-implementation-summary.md
[2025-07-13 15:40:46] [REPLACE] Replaced        3 instances of 🔧 with [ACTION:core-functionality] in /Users/fareed/Documents/dev/go/bkpdir/backup-semantic-tokens-20250713-153809/DOC-011-implementation-summary.md
[2025-07-13 15:40:46] [REPLACE] Replaced        1 instances of 📝 with [ACTION:format-processing] in /Users/fareed/Documents/dev/go/bkpdir/backup-semantic-tokens-20250713-153809/DOC-011-implementation-summary.md
[2025-07-13 15:40:46] [REPLACE] Replaced        1 instances of 🔍 with [ACTION:discovery] in /Users/fareed/Documents/dev/go/bkpdir/backup-semantic-tokens-20250713-153809/DOC-011-implementation-summary.md
[2025-07-13 15:40:46] [REPLACE] Replaced        2 instances of 🛡️ with [ACTION:validation] in /Users/fareed/Documents/dev/go/bkpdir/backup-semantic-tokens-20250713-153809/DOC-011-implementation-summary.md
[2025-07-13 15:40:46] [SUCCESS] Migrated /Users/fareed/Documents/dev/go/bkpdir/backup-semantic-tokens-20250713-153809/DOC-011-implementation-summary.md with 11 changes
[2025-07-13 15:40:46] [INFO] Processing file: /Users/fareed/Documents/dev/go/bkpdir/backup-semantic-tokens-20250713-153809/decision-framework-validation-report.md
[2025-07-13 15:40:46] [BACKUP] Created backup: /Users/fareed/Documents/dev/go/bkpdir/backup-semantic-tokens-simple-20250713-154016/decision-framework-validation-report.md
[2025-07-13 15:40:46] [REPLACE] Replaced        1 instances of 🔧 with [ACTION:core-functionality] in /Users/fareed/Documents/dev/go/bkpdir/backup-semantic-tokens-20250713-153809/decision-framework-validation-report.md
[2025-07-13 15:40:46] [REPLACE] Replaced        1 instances of 🔍 with [ACTION:discovery] in /Users/fareed/Documents/dev/go/bkpdir/backup-semantic-tokens-20250713-153809/decision-framework-validation-report.md
[2025-07-13 15:40:46] [REPLACE] Replaced        1 instances of 🔄 with [ACTION:migration] in /Users/fareed/Documents/dev/go/bkpdir/backup-semantic-tokens-20250713-153809/decision-framework-validation-report.md
[2025-07-13 15:40:46] [SUCCESS] Migrated /Users/fareed/Documents/dev/go/bkpdir/backup-semantic-tokens-20250713-153809/decision-framework-validation-report.md with 3 changes
[2025-07-13 15:40:46] [INFO] Processing file: /Users/fareed/Documents/dev/go/bkpdir/backup-semantic-tokens-20250713-153809/semantic-token-migration-phase2f-summary.md
[2025-07-13 15:40:46] [BACKUP] Created backup: /Users/fareed/Documents/dev/go/bkpdir/backup-semantic-tokens-simple-20250713-154016/semantic-token-migration-phase2f-summary.md
[2025-07-13 15:40:46] [REPLACE] Replaced        4 instances of 🔺 with [HIGH] in /Users/fareed/Documents/dev/go/bkpdir/backup-semantic-tokens-20250713-153809/semantic-token-migration-phase2f-summary.md
[2025-07-13 15:40:46] [REPLACE] Replaced        3 instances of 🔶 with [MEDIUM] in /Users/fareed/Documents/dev/go/bkpdir/backup-semantic-tokens-20250713-153809/semantic-token-migration-phase2f-summary.md
[2025-07-13 15:40:46] [REPLACE] Replaced        1 instances of 🔧 with [ACTION:core-functionality] in /Users/fareed/Documents/dev/go/bkpdir/backup-semantic-tokens-20250713-153809/semantic-token-migration-phase2f-summary.md
[2025-07-13 15:40:46] [REPLACE] Replaced        1 instances of 🔍 with [ACTION:discovery] in /Users/fareed/Documents/dev/go/bkpdir/backup-semantic-tokens-20250713-153809/semantic-token-migration-phase2f-summary.md
[2025-07-13 15:40:46] [SUCCESS] Migrated /Users/fareed/Documents/dev/go/bkpdir/backup-semantic-tokens-20250713-153809/semantic-token-migration-phase2f-summary.md with 9 changes
[2025-07-13 15:40:46] [INFO] Processing file: /Users/fareed/Documents/dev/go/bkpdir/backup-semantic-tokens-20250713-153809/system-comparison-analysis.md
[2025-07-13 15:40:46] [BACKUP] Created backup: /Users/fareed/Documents/dev/go/bkpdir/backup-semantic-tokens-simple-20250713-154016/system-comparison-analysis.md
[2025-07-13 15:40:46] [REPLACE] Replaced        5 instances of ⭐ with [CRITICAL] in /Users/fareed/Documents/dev/go/bkpdir/backup-semantic-tokens-20250713-153809/system-comparison-analysis.md
[2025-07-13 15:40:46] [REPLACE] Replaced        1 instances of 🔺 with [HIGH] in /Users/fareed/Documents/dev/go/bkpdir/backup-semantic-tokens-20250713-153809/system-comparison-analysis.md
[2025-07-13 15:40:46] [REPLACE] Replaced        1 instances of 🔶 with [MEDIUM] in /Users/fareed/Documents/dev/go/bkpdir/backup-semantic-tokens-20250713-153809/system-comparison-analysis.md
[2025-07-13 15:40:46] [REPLACE] Replaced        1 instances of 🔻 with [LOW] in /Users/fareed/Documents/dev/go/bkpdir/backup-semantic-tokens-20250713-153809/system-comparison-analysis.md
[2025-07-13 15:40:46] [REPLACE] Replaced        2 instances of 🔧 with [ACTION:core-functionality] in /Users/fareed/Documents/dev/go/bkpdir/backup-semantic-tokens-20250713-153809/system-comparison-analysis.md
[2025-07-13 15:40:46] [REPLACE] Replaced        2 instances of 🔍 with [ACTION:discovery] in /Users/fareed/Documents/dev/go/bkpdir/backup-semantic-tokens-20250713-153809/system-comparison-analysis.md
[2025-07-13 15:40:46] [REPLACE] Replaced        1 instances of 🛡️ with [ACTION:validation] in /Users/fareed/Documents/dev/go/bkpdir/backup-semantic-tokens-20250713-153809/system-comparison-analysis.md
[2025-07-13 15:40:46] [SUCCESS] Migrated /Users/fareed/Documents/dev/go/bkpdir/backup-semantic-tokens-20250713-153809/system-comparison-analysis.md with 13 changes
[2025-07-13 15:40:46] [INFO] Processing file: /Users/fareed/Documents/dev/go/bkpdir/backup-semantic-tokens-20250713-153809/decision-framework-usage-guide.md
[2025-07-13 15:40:47] [BACKUP] Created backup: /Users/fareed/Documents/dev/go/bkpdir/backup-semantic-tokens-simple-20250713-154016/decision-framework-usage-guide.md
[2025-07-13 15:40:47] [REPLACE] Replaced        5 instances of ⭐ with [CRITICAL] in /Users/fareed/Documents/dev/go/bkpdir/backup-semantic-tokens-20250713-153809/decision-framework-usage-guide.md
[2025-07-13 15:40:47] [REPLACE] Replaced        4 instances of 🔺 with [HIGH] in /Users/fareed/Documents/dev/go/bkpdir/backup-semantic-tokens-20250713-153809/decision-framework-usage-guide.md
[2025-07-13 15:40:47] [REPLACE] Replaced        2 instances of 🔶 with [MEDIUM] in /Users/fareed/Documents/dev/go/bkpdir/backup-semantic-tokens-20250713-153809/decision-framework-usage-guide.md
[2025-07-13 15:40:47] [REPLACE] Replaced        5 instances of 🔧 with [ACTION:core-functionality] in /Users/fareed/Documents/dev/go/bkpdir/backup-semantic-tokens-20250713-153809/decision-framework-usage-guide.md
[2025-07-13 15:40:47] [REPLACE] Replaced        5 instances of 📝 with [ACTION:format-processing] in /Users/fareed/Documents/dev/go/bkpdir/backup-semantic-tokens-20250713-153809/decision-framework-usage-guide.md
[2025-07-13 15:40:47] [REPLACE] Replaced        8 instances of 🛡️ with [ACTION:validation] in /Users/fareed/Documents/dev/go/bkpdir/backup-semantic-tokens-20250713-153809/decision-framework-usage-guide.md
[2025-07-13 15:40:47] [REPLACE] Replaced        2 instances of 🔄 with [ACTION:migration] in /Users/fareed/Documents/dev/go/bkpdir/backup-semantic-tokens-20250713-153809/decision-framework-usage-guide.md
[2025-07-13 15:40:47] [SUCCESS] Migrated /Users/fareed/Documents/dev/go/bkpdir/backup-semantic-tokens-20250713-153809/decision-framework-usage-guide.md with 31 changes
[2025-07-13 15:40:47] [INFO] Processing file: /Users/fareed/Documents/dev/go/bkpdir/backup-semantic-tokens-20250713-153809/CFG-006-subtask-8-documentation-plan.md
[2025-07-13 15:40:47] [BACKUP] Created backup: /Users/fareed/Documents/dev/go/bkpdir/backup-semantic-tokens-simple-20250713-154016/CFG-006-subtask-8-documentation-plan.md
[2025-07-13 15:40:47] [REPLACE] Replaced       14 instances of 🔻 with [LOW] in /Users/fareed/Documents/dev/go/bkpdir/backup-semantic-tokens-20250713-153809/CFG-006-subtask-8-documentation-plan.md
[2025-07-13 15:40:47] [REPLACE] Replaced        5 instances of 📝 with [ACTION:format-processing] in /Users/fareed/Documents/dev/go/bkpdir/backup-semantic-tokens-20250713-153809/CFG-006-subtask-8-documentation-plan.md
[2025-07-13 15:40:47] [REPLACE] Replaced        1 instances of 🔄 with [ACTION:migration] in /Users/fareed/Documents/dev/go/bkpdir/backup-semantic-tokens-20250713-153809/CFG-006-subtask-8-documentation-plan.md
[2025-07-13 15:40:47] [SUCCESS] Migrated /Users/fareed/Documents/dev/go/bkpdir/backup-semantic-tokens-20250713-153809/CFG-006-subtask-8-documentation-plan.md with 20 changes
[2025-07-13 15:40:47] [INFO] Processing file: /Users/fareed/Documents/dev/go/bkpdir/backup-semantic-tokens-20250713-153809/SPECIFICATION_AUDIT_REPORT.md
[2025-07-13 15:40:47] [BACKUP] Created backup: /Users/fareed/Documents/dev/go/bkpdir/backup-semantic-tokens-simple-20250713-154016/SPECIFICATION_AUDIT_REPORT.md
[2025-07-13 15:40:47] [REPLACE] Replaced       24 instances of ⭐ with [CRITICAL] in /Users/fareed/Documents/dev/go/bkpdir/backup-semantic-tokens-20250713-153809/SPECIFICATION_AUDIT_REPORT.md
[2025-07-13 15:40:47] [REPLACE] Replaced       13 instances of 🔺 with [HIGH] in /Users/fareed/Documents/dev/go/bkpdir/backup-semantic-tokens-20250713-153809/SPECIFICATION_AUDIT_REPORT.md
[2025-07-13 15:40:47] [REPLACE] Replaced        4 instances of 🔶 with [MEDIUM] in /Users/fareed/Documents/dev/go/bkpdir/backup-semantic-tokens-20250713-153809/SPECIFICATION_AUDIT_REPORT.md
[2025-07-13 15:40:47] [REPLACE] Replaced        1 instances of 🔻 with [LOW] in /Users/fareed/Documents/dev/go/bkpdir/backup-semantic-tokens-20250713-153809/SPECIFICATION_AUDIT_REPORT.md
[2025-07-13 15:40:47] [REPLACE] Replaced        1 instances of 🔍 with [ACTION:discovery] in /Users/fareed/Documents/dev/go/bkpdir/backup-semantic-tokens-20250713-153809/SPECIFICATION_AUDIT_REPORT.md
[2025-07-13 15:40:47] [SUCCESS] Migrated /Users/fareed/Documents/dev/go/bkpdir/backup-semantic-tokens-20250713-153809/SPECIFICATION_AUDIT_REPORT.md with 43 changes
[2025-07-13 15:40:47] [INFO] Processing file: /Users/fareed/Documents/dev/go/bkpdir/backup-semantic-tokens-20250713-153809/ai-first-error-handling-refactoring-plan.md
[2025-07-13 15:40:47] [BACKUP] Created backup: /Users/fareed/Documents/dev/go/bkpdir/backup-semantic-tokens-simple-20250713-154016/ai-first-error-handling-refactoring-plan.md
[2025-07-13 15:40:47] [REPLACE] Replaced        1 instances of 📝 with [ACTION:format-processing] in /Users/fareed/Documents/dev/go/bkpdir/backup-semantic-tokens-20250713-153809/ai-first-error-handling-refactoring-plan.md
[2025-07-13 15:40:47] [SUCCESS] Migrated /Users/fareed/Documents/dev/go/bkpdir/backup-semantic-tokens-20250713-153809/ai-first-error-handling-refactoring-plan.md with 1 changes
[2025-07-13 15:40:47] [INFO] Processing file: /Users/fareed/Documents/dev/go/bkpdir/backup-semantic-tokens-20250713-153809/package-interdependency-mapping.md
[2025-07-13 15:40:47] [BACKUP] Created backup: /Users/fareed/Documents/dev/go/bkpdir/backup-semantic-tokens-simple-20250713-154016/package-interdependency-mapping.md
[2025-07-13 15:40:47] [REPLACE] Replaced       27 instances of 🔺 with [HIGH] in /Users/fareed/Documents/dev/go/bkpdir/backup-semantic-tokens-20250713-153809/package-interdependency-mapping.md
[2025-07-13 15:40:47] [REPLACE] Replaced        4 instances of 🔧 with [ACTION:core-functionality] in /Users/fareed/Documents/dev/go/bkpdir/backup-semantic-tokens-20250713-153809/package-interdependency-mapping.md
[2025-07-13 15:40:47] [REPLACE] Replaced        9 instances of 🔍 with [ACTION:discovery] in /Users/fareed/Documents/dev/go/bkpdir/backup-semantic-tokens-20250713-153809/package-interdependency-mapping.md
[2025-07-13 15:40:47] [REPLACE] Replaced        1 instances of 🛡️ with [ACTION:validation] in /Users/fareed/Documents/dev/go/bkpdir/backup-semantic-tokens-20250713-153809/package-interdependency-mapping.md
[2025-07-13 15:40:47] [REPLACE] Replaced        2 instances of 🔄 with [ACTION:migration] in /Users/fareed/Documents/dev/go/bkpdir/backup-semantic-tokens-20250713-153809/package-interdependency-mapping.md
[2025-07-13 15:40:47] [SUCCESS] Migrated /Users/fareed/Documents/dev/go/bkpdir/backup-semantic-tokens-20250713-153809/package-interdependency-mapping.md with 43 changes
[2025-07-13 15:40:47] [INFO] Processing file: /Users/fareed/Documents/dev/go/bkpdir/backup-semantic-tokens-20250713-153809/unicode-migration-week4-core-files-plan.md
[2025-07-13 15:40:47] [BACKUP] Created backup: /Users/fareed/Documents/dev/go/bkpdir/backup-semantic-tokens-simple-20250713-154016/unicode-migration-week4-core-files-plan.md
[2025-07-13 15:40:47] [REPLACE] Replaced        3 instances of ⭐ with [CRITICAL] in /Users/fareed/Documents/dev/go/bkpdir/backup-semantic-tokens-20250713-153809/unicode-migration-week4-core-files-plan.md
[2025-07-13 15:40:47] [REPLACE] Replaced        3 instances of 🔺 with [HIGH] in /Users/fareed/Documents/dev/go/bkpdir/backup-semantic-tokens-20250713-153809/unicode-migration-week4-core-files-plan.md
[2025-07-13 15:40:47] [REPLACE] Replaced        3 instances of 🔶 with [MEDIUM] in /Users/fareed/Documents/dev/go/bkpdir/backup-semantic-tokens-20250713-153809/unicode-migration-week4-core-files-plan.md
[2025-07-13 15:40:47] [REPLACE] Replaced        3 instances of 🔻 with [LOW] in /Users/fareed/Documents/dev/go/bkpdir/backup-semantic-tokens-20250713-153809/unicode-migration-week4-core-files-plan.md
[2025-07-13 15:40:47] [REPLACE] Replaced        1 instances of 🔧 with [ACTION:core-functionality] in /Users/fareed/Documents/dev/go/bkpdir/backup-semantic-tokens-20250713-153809/unicode-migration-week4-core-files-plan.md
[2025-07-13 15:40:47] [REPLACE] Replaced        1 instances of 📝 with [ACTION:format-processing] in /Users/fareed/Documents/dev/go/bkpdir/backup-semantic-tokens-20250713-153809/unicode-migration-week4-core-files-plan.md
[2025-07-13 15:40:47] [REPLACE] Replaced        1 instances of 🔍 with [ACTION:discovery] in /Users/fareed/Documents/dev/go/bkpdir/backup-semantic-tokens-20250713-153809/unicode-migration-week4-core-files-plan.md
[2025-07-13 15:40:47] [REPLACE] Replaced        1 instances of 🛡️ with [ACTION:validation] in /Users/fareed/Documents/dev/go/bkpdir/backup-semantic-tokens-20250713-153809/unicode-migration-week4-core-files-plan.md
[2025-07-13 15:40:47] [SUCCESS] Migrated /Users/fareed/Documents/dev/go/bkpdir/backup-semantic-tokens-20250713-153809/unicode-migration-week4-core-files-plan.md with 16 changes
[2025-07-13 15:40:47] [INFO] Processing file: /Users/fareed/Documents/dev/go/bkpdir/backup-semantic-tokens-20250713-153809/main.go
[2025-07-13 15:40:47] [BACKUP] Created backup: /Users/fareed/Documents/dev/go/bkpdir/backup-semantic-tokens-simple-20250713-154016/main.go
[2025-07-13 15:40:47] [INFO] No changes needed for /Users/fareed/Documents/dev/go/bkpdir/backup-semantic-tokens-20250713-153809/main.go
[2025-07-13 15:40:47] [INFO] Processing file: /Users/fareed/Documents/dev/go/bkpdir/backup-semantic-tokens-20250713-153809/unicode-migration-phase2-subtask2-token-creation-strategy.md
[2025-07-13 15:40:47] [BACKUP] Created backup: /Users/fareed/Documents/dev/go/bkpdir/backup-semantic-tokens-simple-20250713-154016/unicode-migration-phase2-subtask2-token-creation-strategy.md
[2025-07-13 15:40:47] [REPLACE] Replaced        1 instances of 🔄 with [ACTION:migration] in /Users/fareed/Documents/dev/go/bkpdir/backup-semantic-tokens-20250713-153809/unicode-migration-phase2-subtask2-token-creation-strategy.md
[2025-07-13 15:40:47] [SUCCESS] Migrated /Users/fareed/Documents/dev/go/bkpdir/backup-semantic-tokens-20250713-153809/unicode-migration-phase2-subtask2-token-creation-strategy.md with 1 changes
[2025-07-13 15:40:47] [INFO] Processing file: /Users/fareed/Documents/dev/go/bkpdir/backup-semantic-tokens-20250713-153809/unicode-migration-phase2-critical-tokens-completion-summary.md
[2025-07-13 15:40:47] [BACKUP] Created backup: /Users/fareed/Documents/dev/go/bkpdir/backup-semantic-tokens-simple-20250713-154016/unicode-migration-phase2-critical-tokens-completion-summary.md
[2025-07-13 15:40:47] [REPLACE] Replaced        1 instances of 🔄 with [ACTION:migration] in /Users/fareed/Documents/dev/go/bkpdir/backup-semantic-tokens-20250713-153809/unicode-migration-phase2-critical-tokens-completion-summary.md
[2025-07-13 15:40:47] [SUCCESS] Migrated /Users/fareed/Documents/dev/go/bkpdir/backup-semantic-tokens-20250713-153809/unicode-migration-phase2-critical-tokens-completion-summary.md with 1 changes
[2025-07-13 15:40:47] [SKIP] No Unicode icons found in /Users/fareed/Documents/dev/go/bkpdir/formatter_test.go
[2025-07-13 15:40:47] [SKIP] No Unicode icons found in /Users/fareed/Documents/dev/go/bkpdir/DEVELOPMENT.md
[2025-07-13 15:40:47] [INFO] Processing file: /Users/fareed/Documents/dev/go/bkpdir/CFG-006-subtask-8-documentation-plan.md
[2025-07-13 15:40:47] [BACKUP] Created backup: /Users/fareed/Documents/dev/go/bkpdir/backup-semantic-tokens-simple-20250713-154016/CFG-006-subtask-8-documentation-plan.md
[2025-07-13 15:40:48] [REPLACE] Replaced       14 instances of 🔻 with [LOW] in /Users/fareed/Documents/dev/go/bkpdir/CFG-006-subtask-8-documentation-plan.md
[2025-07-13 15:40:48] [REPLACE] Replaced        5 instances of 📝 with [ACTION:format-processing] in /Users/fareed/Documents/dev/go/bkpdir/CFG-006-subtask-8-documentation-plan.md
[2025-07-13 15:40:48] [REPLACE] Replaced        1 instances of 🔄 with [ACTION:migration] in /Users/fareed/Documents/dev/go/bkpdir/CFG-006-subtask-8-documentation-plan.md
[2025-07-13 15:40:48] [SUCCESS] Migrated /Users/fareed/Documents/dev/go/bkpdir/CFG-006-subtask-8-documentation-plan.md with 20 changes
[2025-07-13 15:40:48] [INFO] Processing file: /Users/fareed/Documents/dev/go/bkpdir/SPECIFICATION_AUDIT_REPORT.md
[2025-07-13 15:40:48] [BACKUP] Created backup: /Users/fareed/Documents/dev/go/bkpdir/backup-semantic-tokens-simple-20250713-154016/SPECIFICATION_AUDIT_REPORT.md
[2025-07-13 15:40:48] [REPLACE] Replaced       24 instances of ⭐ with [CRITICAL] in /Users/fareed/Documents/dev/go/bkpdir/SPECIFICATION_AUDIT_REPORT.md
[2025-07-13 15:40:48] [REPLACE] Replaced       13 instances of 🔺 with [HIGH] in /Users/fareed/Documents/dev/go/bkpdir/SPECIFICATION_AUDIT_REPORT.md
[2025-07-13 15:40:48] [REPLACE] Replaced        4 instances of 🔶 with [MEDIUM] in /Users/fareed/Documents/dev/go/bkpdir/SPECIFICATION_AUDIT_REPORT.md
[2025-07-13 15:40:48] [REPLACE] Replaced        1 instances of 🔻 with [LOW] in /Users/fareed/Documents/dev/go/bkpdir/SPECIFICATION_AUDIT_REPORT.md
[2025-07-13 15:40:48] [REPLACE] Replaced        1 instances of 🔍 with [ACTION:discovery] in /Users/fareed/Documents/dev/go/bkpdir/SPECIFICATION_AUDIT_REPORT.md
[2025-07-13 15:40:48] [SUCCESS] Migrated /Users/fareed/Documents/dev/go/bkpdir/SPECIFICATION_AUDIT_REPORT.md with 43 changes
[2025-07-13 15:40:48] [SKIP] No Unicode icons found in /Users/fareed/Documents/dev/go/bkpdir/main.go
[2025-07-13 15:40:48] [SKIP] No Unicode icons found in /Users/fareed/Documents/dev/go/bkpdir/example-symlink-config.yml
[2025-07-13 15:40:48] [SKIP] No Unicode icons found in /Users/fareed/Documents/dev/go/bkpdir/.bkpdir.yml
[2025-07-13 15:40:48] [SKIP] No Unicode icons found in /Users/fareed/Documents/dev/go/bkpdir/backup_test.go
[2025-07-13 15:40:48] [SKIP] No Unicode icons found in /Users/fareed/Documents/dev/go/bkpdir/verify.go
[2025-07-13 15:40:48] [SKIP] No Unicode icons found in /Users/fareed/Documents/dev/go/bkpdir/comparison_test.go
[2025-07-13 15:40:48] [SKIP] No Unicode icons found in /Users/fareed/Documents/dev/go/bkpdir/pkg/config/discovery.go
[2025-07-13 15:40:48] [SKIP] No Unicode icons found in /Users/fareed/Documents/dev/go/bkpdir/pkg/config/interfaces.go
[2025-07-13 15:40:48] [INFO] Processing file: /Users/fareed/Documents/dev/go/bkpdir/pkg/config/README.md
[2025-07-13 15:40:48] [BACKUP] Created backup: /Users/fareed/Documents/dev/go/bkpdir/backup-semantic-tokens-simple-20250713-154016/README.md
[2025-07-13 15:40:48] [REPLACE] Replaced        1 instances of 🔺 with [HIGH] in /Users/fareed/Documents/dev/go/bkpdir/pkg/config/README.md
[2025-07-13 15:40:48] [SUCCESS] Migrated /Users/fareed/Documents/dev/go/bkpdir/pkg/config/README.md with 1 changes
[2025-07-13 15:40:48] [SKIP] No Unicode icons found in /Users/fareed/Documents/dev/go/bkpdir/pkg/config/merge_strategies.go
[2025-07-13 15:40:48] [SKIP] No Unicode icons found in /Users/fareed/Documents/dev/go/bkpdir/pkg/config/loader.go
[2025-07-13 15:40:48] [SKIP] No Unicode icons found in /Users/fareed/Documents/dev/go/bkpdir/pkg/config/utils.go
[2025-07-13 15:40:48] [SKIP] No Unicode icons found in /Users/fareed/Documents/dev/go/bkpdir/pkg/config/inheritance.go
[2025-07-13 15:40:48] [SKIP] No Unicode icons found in /Users/fareed/Documents/dev/go/bkpdir/pkg/config/config_test.go
[2025-07-13 15:40:48] [SKIP] No Unicode icons found in /Users/fareed/Documents/dev/go/bkpdir/pkg/processing/verification.go
[2025-07-13 15:40:48] [SKIP] No Unicode icons found in /Users/fareed/Documents/dev/go/bkpdir/pkg/processing/concurrent.go
[2025-07-13 15:40:48] [SKIP] No Unicode icons found in /Users/fareed/Documents/dev/go/bkpdir/pkg/processing/processor_test.go
[2025-07-13 15:40:48] [SKIP] No Unicode icons found in /Users/fareed/Documents/dev/go/bkpdir/pkg/processing/processor.go
[2025-07-13 15:40:48] [SKIP] No Unicode icons found in /Users/fareed/Documents/dev/go/bkpdir/pkg/processing/naming.go
[2025-07-13 15:40:48] [INFO] Processing file: /Users/fareed/Documents/dev/go/bkpdir/pkg/processing/README.md
[2025-07-13 15:40:48] [BACKUP] Created backup: /Users/fareed/Documents/dev/go/bkpdir/backup-semantic-tokens-simple-20250713-154016/README.md
[2025-07-13 15:40:48] [REPLACE] Replaced        1 instances of 🔺 with [HIGH] in /Users/fareed/Documents/dev/go/bkpdir/pkg/processing/README.md
[2025-07-13 15:40:48] [SUCCESS] Migrated /Users/fareed/Documents/dev/go/bkpdir/pkg/processing/README.md with 1 changes
[2025-07-13 15:40:48] [SKIP] No Unicode icons found in /Users/fareed/Documents/dev/go/bkpdir/pkg/processing/pipeline.go
[2025-07-13 15:40:48] [SKIP] No Unicode icons found in /Users/fareed/Documents/dev/go/bkpdir/pkg/processing/doc.go
[2025-07-13 15:40:48] [SKIP] No Unicode icons found in /Users/fareed/Documents/dev/go/bkpdir/pkg/fileops/fileops.go
[2025-07-13 15:40:48] [SKIP] No Unicode icons found in /Users/fareed/Documents/dev/go/bkpdir/pkg/fileops/traversal.go
[2025-07-13 15:40:48] [SKIP] No Unicode icons found in /Users/fareed/Documents/dev/go/bkpdir/pkg/fileops/README.md
[2025-07-13 15:40:48] [SKIP] No Unicode icons found in /Users/fareed/Documents/dev/go/bkpdir/pkg/fileops/exclusion.go
[2025-07-13 15:40:48] [SKIP] No Unicode icons found in /Users/fareed/Documents/dev/go/bkpdir/pkg/fileops/comparison.go
[2025-07-13 15:40:48] [SKIP] No Unicode icons found in /Users/fareed/Documents/dev/go/bkpdir/pkg/fileops/validation.go
[2025-07-13 15:40:48] [SKIP] No Unicode icons found in /Users/fareed/Documents/dev/go/bkpdir/pkg/fileops/atomic.go
[2025-07-13 15:40:48] [SKIP] No Unicode icons found in /Users/fareed/Documents/dev/go/bkpdir/pkg/resources/interfaces.go
[2025-07-13 15:40:48] [SKIP] No Unicode icons found in /Users/fareed/Documents/dev/go/bkpdir/pkg/resources/resources_test.go
[2025-07-13 15:40:48] [SKIP] No Unicode icons found in /Users/fareed/Documents/dev/go/bkpdir/pkg/resources/README.md
[2025-07-13 15:40:48] [SKIP] No Unicode icons found in /Users/fareed/Documents/dev/go/bkpdir/pkg/resources/context.go
[2025-07-13 15:40:48] [SKIP] No Unicode icons found in /Users/fareed/Documents/dev/go/bkpdir/pkg/cli/version.go
[2025-07-13 15:40:48] [SKIP] No Unicode icons found in /Users/fareed/Documents/dev/go/bkpdir/pkg/cli/example_test.go
[2025-07-13 15:40:48] [SKIP] No Unicode icons found in /Users/fareed/Documents/dev/go/bkpdir/pkg/cli/types.go
[2025-07-13 15:40:48] [SKIP] No Unicode icons found in /Users/fareed/Documents/dev/go/bkpdir/pkg/cli/flags.go
[2025-07-13 15:40:48] [INFO] Processing file: /Users/fareed/Documents/dev/go/bkpdir/pkg/cli/README.md
[2025-07-13 15:40:49] [BACKUP] Created backup: /Users/fareed/Documents/dev/go/bkpdir/backup-semantic-tokens-simple-20250713-154016/README.md
[2025-07-13 15:40:49] [REPLACE] Replaced        1 instances of 🔺 with [HIGH] in /Users/fareed/Documents/dev/go/bkpdir/pkg/cli/README.md
[2025-07-13 15:40:49] [SUCCESS] Migrated /Users/fareed/Documents/dev/go/bkpdir/pkg/cli/README.md with 1 changes
[2025-07-13 15:40:49] [SKIP] No Unicode icons found in /Users/fareed/Documents/dev/go/bkpdir/pkg/cli/context.go
[2025-07-13 15:40:49] [SKIP] No Unicode icons found in /Users/fareed/Documents/dev/go/bkpdir/pkg/cli/builder.go
[2025-07-13 15:40:49] [SKIP] No Unicode icons found in /Users/fareed/Documents/dev/go/bkpdir/pkg/cli/dryrun.go
[2025-07-13 15:40:49] [SKIP] No Unicode icons found in /Users/fareed/Documents/dev/go/bkpdir/pkg/cli/cli_test.go
[2025-07-13 15:40:49] [SKIP] No Unicode icons found in /Users/fareed/Documents/dev/go/bkpdir/pkg/formatter/patterns.go
[2025-07-13 15:40:49] [SKIP] No Unicode icons found in /Users/fareed/Documents/dev/go/bkpdir/pkg/formatter/formatter.go
[2025-07-13 15:40:49] [SKIP] No Unicode icons found in /Users/fareed/Documents/dev/go/bkpdir/pkg/formatter/interfaces.go
[2025-07-13 15:40:49] [SKIP] No Unicode icons found in /Users/fareed/Documents/dev/go/bkpdir/pkg/formatter/collector.go
[2025-07-13 15:40:49] [SKIP] No Unicode icons found in /Users/fareed/Documents/dev/go/bkpdir/pkg/formatter/filestats.go
[2025-07-13 15:40:49] [INFO] Processing file: /Users/fareed/Documents/dev/go/bkpdir/pkg/formatter/README.md
[2025-07-13 15:40:49] [BACKUP] Created backup: /Users/fareed/Documents/dev/go/bkpdir/backup-semantic-tokens-simple-20250713-154016/README.md
[2025-07-13 15:40:49] [REPLACE] Replaced        1 instances of 🔺 with [HIGH] in /Users/fareed/Documents/dev/go/bkpdir/pkg/formatter/README.md
[2025-07-13 15:40:49] [REPLACE] Replaced        2 instances of 📝 with [ACTION:format-processing] in /Users/fareed/Documents/dev/go/bkpdir/pkg/formatter/README.md
[2025-07-13 15:40:49] [REPLACE] Replaced        1 instances of 🛡️ with [ACTION:validation] in /Users/fareed/Documents/dev/go/bkpdir/pkg/formatter/README.md
[2025-07-13 15:40:49] [REPLACE] Replaced        1 instances of 🔄 with [ACTION:migration] in /Users/fareed/Documents/dev/go/bkpdir/pkg/formatter/README.md
[2025-07-13 15:40:49] [SUCCESS] Migrated /Users/fareed/Documents/dev/go/bkpdir/pkg/formatter/README.md with 5 changes
[2025-07-13 15:40:49] [SKIP] No Unicode icons found in /Users/fareed/Documents/dev/go/bkpdir/pkg/formatter/template.go
[2025-07-13 15:40:49] [SKIP] No Unicode icons found in /Users/fareed/Documents/dev/go/bkpdir/pkg/formatter/formatter_test.go
[2025-07-13 15:40:49] [SKIP] No Unicode icons found in /Users/fareed/Documents/dev/go/bkpdir/pkg/errors/classification.go
[2025-07-13 15:40:49] [SKIP] No Unicode icons found in /Users/fareed/Documents/dev/go/bkpdir/pkg/errors/errors_test.go
[2025-07-13 15:40:49] [SKIP] No Unicode icons found in /Users/fareed/Documents/dev/go/bkpdir/pkg/errors/interfaces.go
[2025-07-13 15:40:49] [SKIP] No Unicode icons found in /Users/fareed/Documents/dev/go/bkpdir/pkg/errors/handlers.go
[2025-07-13 15:40:49] [INFO] Processing file: /Users/fareed/Documents/dev/go/bkpdir/pkg/errors/README.md
[2025-07-13 15:40:49] [BACKUP] Created backup: /Users/fareed/Documents/dev/go/bkpdir/backup-semantic-tokens-simple-20250713-154016/README.md
[2025-07-13 15:40:49] [REPLACE] Replaced        1 instances of 🔺 with [HIGH] in /Users/fareed/Documents/dev/go/bkpdir/pkg/errors/README.md
[2025-07-13 15:40:49] [SUCCESS] Migrated /Users/fareed/Documents/dev/go/bkpdir/pkg/errors/README.md with 1 changes
[2025-07-13 15:40:49] [SKIP] No Unicode icons found in /Users/fareed/Documents/dev/go/bkpdir/pkg/testutil/provider.go
[2025-07-13 15:40:49] [SKIP] No Unicode icons found in /Users/fareed/Documents/dev/go/bkpdir/pkg/testutil/config.go
[2025-07-13 15:40:49] [SKIP] No Unicode icons found in /Users/fareed/Documents/dev/go/bkpdir/pkg/testutil/interfaces.go
[2025-07-13 15:40:49] [SKIP] No Unicode icons found in /Users/fareed/Documents/dev/go/bkpdir/pkg/testutil/testutil_test.go
[2025-07-13 15:40:49] [SKIP] No Unicode icons found in /Users/fareed/Documents/dev/go/bkpdir/pkg/testutil/scenarios.go
[2025-07-13 15:40:49] [SKIP] No Unicode icons found in /Users/fareed/Documents/dev/go/bkpdir/pkg/testutil/assertions.go
[2025-07-13 15:40:49] [SKIP] No Unicode icons found in /Users/fareed/Documents/dev/go/bkpdir/pkg/testutil/filesystem.go
[2025-07-13 15:40:49] [SKIP] No Unicode icons found in /Users/fareed/Documents/dev/go/bkpdir/pkg/testutil/README.md
[2025-07-13 15:40:49] [SKIP] No Unicode icons found in /Users/fareed/Documents/dev/go/bkpdir/pkg/testutil/doc.go
[2025-07-13 15:40:49] [SKIP] No Unicode icons found in /Users/fareed/Documents/dev/go/bkpdir/pkg/testutil/cli.go
[2025-07-13 15:40:49] [SKIP] No Unicode icons found in /Users/fareed/Documents/dev/go/bkpdir/pkg/testutil/fixtures.go
[2025-07-13 15:40:49] [SKIP] No Unicode icons found in /Users/fareed/Documents/dev/go/bkpdir/pkg/testutil/integration_demo_test.go
[2025-07-13 15:40:49] [SKIP] No Unicode icons found in /Users/fareed/Documents/dev/go/bkpdir/main_test.go
[2025-07-13 15:40:49] [SKIP] No Unicode icons found in /Users/fareed/Documents/dev/go/bkpdir/errors.go
[2025-07-13 15:40:49] [VALIDATE] Validating migration for /Users/fareed/Documents/dev/go/bkpdir/project-tokens.yaml
[2025-07-13 15:40:49] [SUCCESS] Found       27 semantic tokens in /Users/fareed/Documents/dev/go/bkpdir/project-tokens.yaml
[2025-07-13 15:40:49] [VALIDATE] Validating migration for /Users/fareed/Documents/dev/go/bkpdir/cmd/scaffolding/internal/ui/config.go
[2025-07-13 15:40:49] [VALIDATE] Validating migration for /Users/fareed/Documents/dev/go/bkpdir/cmd/scaffolding/internal/generator/generator.go
[2025-07-13 15:40:49] [VALIDATE] Validating migration for /Users/fareed/Documents/dev/go/bkpdir/cmd/scaffolding/internal/templates/manager.go
[2025-07-13 15:40:49] [ERROR] Found        1 remaining Unicode icons in /Users/fareed/Documents/dev/go/bkpdir/cmd/scaffolding/internal/templates/manager.go
[2025-07-13 15:40:49] [VALIDATE] Validating migration for /Users/fareed/Documents/dev/go/bkpdir/cmd/scaffolding/README.md
[2025-07-13 15:40:49] [ERROR] Found        2 remaining Unicode icons in /Users/fareed/Documents/dev/go/bkpdir/cmd/scaffolding/README.md
[2025-07-13 15:40:49] [SUCCESS] Found       13 semantic tokens in /Users/fareed/Documents/dev/go/bkpdir/cmd/scaffolding/README.md
[2025-07-13 15:40:49] [VALIDATE] Validating migration for /Users/fareed/Documents/dev/go/bkpdir/cmd/scaffolding/main.go
[2025-07-13 15:40:49] [VALIDATE] Validating migration for /Users/fareed/Documents/dev/go/bkpdir/cmd/cli-template/cmd/create.go
[2025-07-13 15:40:49] [ERROR] Found        1 remaining Unicode icons in /Users/fareed/Documents/dev/go/bkpdir/cmd/cli-template/cmd/create.go
[2025-07-13 15:40:49] [VALIDATE] Validating migration for /Users/fareed/Documents/dev/go/bkpdir/cmd/cli-template/cmd/config.go
[2025-07-13 15:40:49] [VALIDATE] Validating migration for /Users/fareed/Documents/dev/go/bkpdir/cmd/cli-template/cmd/version.go
[2025-07-13 15:40:49] [VALIDATE] Validating migration for /Users/fareed/Documents/dev/go/bkpdir/cmd/cli-template/cmd/process.go
[2025-07-13 15:40:49] [VALIDATE] Validating migration for /Users/fareed/Documents/dev/go/bkpdir/cmd/cli-template/cmd/root.go
[2025-07-13 15:40:49] [VALIDATE] Validating migration for /Users/fareed/Documents/dev/go/bkpdir/cmd/cli-template/config/default.yml
[2025-07-13 15:40:49] [SUCCESS] Found        1 semantic tokens in /Users/fareed/Documents/dev/go/bkpdir/cmd/cli-template/config/default.yml
[2025-07-13 15:40:49] [VALIDATE] Validating migration for /Users/fareed/Documents/dev/go/bkpdir/cmd/cli-template/config/example.yml
[2025-07-13 15:40:49] [SUCCESS] Found        1 semantic tokens in /Users/fareed/Documents/dev/go/bkpdir/cmd/cli-template/config/example.yml
[2025-07-13 15:40:49] [VALIDATE] Validating migration for /Users/fareed/Documents/dev/go/bkpdir/cmd/cli-template/README.md
[2025-07-13 15:40:49] [ERROR] Found        1 remaining Unicode icons in /Users/fareed/Documents/dev/go/bkpdir/cmd/cli-template/README.md
[2025-07-13 15:40:49] [SUCCESS] Found        1 semantic tokens in /Users/fareed/Documents/dev/go/bkpdir/cmd/cli-template/README.md
[2025-07-13 15:40:49] [VALIDATE] Validating migration for /Users/fareed/Documents/dev/go/bkpdir/cmd/cli-template/examples/basic/README.md
[2025-07-13 15:40:49] [SUCCESS] Found        1 semantic tokens in /Users/fareed/Documents/dev/go/bkpdir/cmd/cli-template/examples/basic/README.md
[2025-07-13 15:40:49] [VALIDATE] Validating migration for /Users/fareed/Documents/dev/go/bkpdir/cmd/cli-template/main.go
[2025-07-13 15:40:49] [VALIDATE] Validating migration for /Users/fareed/Documents/dev/go/bkpdir/cmd/realtime-validator/main.go
[2025-07-13 15:40:49] [ERROR] Found        5 remaining Unicode icons in /Users/fareed/Documents/dev/go/bkpdir/cmd/realtime-validator/main.go
[2025-07-13 15:40:49] [VALIDATE] Validating migration for /Users/fareed/Documents/dev/go/bkpdir/cmd/token-suggester/types.go
[2025-07-13 15:40:49] [SUCCESS] Found        8 semantic tokens in /Users/fareed/Documents/dev/go/bkpdir/cmd/token-suggester/types.go
[2025-07-13 15:40:49] [VALIDATE] Validating migration for /Users/fareed/Documents/dev/go/bkpdir/cmd/token-suggester/analyzer.go
[2025-07-13 15:40:49] [SUCCESS] Found       13 semantic tokens in /Users/fareed/Documents/dev/go/bkpdir/cmd/token-suggester/analyzer.go
[2025-07-13 15:40:49] [VALIDATE] Validating migration for /Users/fareed/Documents/dev/go/bkpdir/cmd/token-suggester/analyzer_test.go
[2025-07-13 15:40:49] [SUCCESS] Found        5 semantic tokens in /Users/fareed/Documents/dev/go/bkpdir/cmd/token-suggester/analyzer_test.go
[2025-07-13 15:40:49] [VALIDATE] Validating migration for /Users/fareed/Documents/dev/go/bkpdir/cmd/token-suggester/main.go
[2025-07-13 15:40:49] [ERROR] Found        3 remaining Unicode icons in /Users/fareed/Documents/dev/go/bkpdir/cmd/token-suggester/main.go
[2025-07-13 15:40:49] [SUCCESS] Found       11 semantic tokens in /Users/fareed/Documents/dev/go/bkpdir/cmd/token-suggester/main.go
[2025-07-13 15:40:49] [VALIDATE] Validating migration for /Users/fareed/Documents/dev/go/bkpdir/cmd/ai-validation/main.go
[2025-07-13 15:40:49] [ERROR] Found        1 remaining Unicode icons in /Users/fareed/Documents/dev/go/bkpdir/cmd/ai-validation/main.go
[2025-07-13 15:40:49] [VALIDATE] Validating migration for /Users/fareed/Documents/dev/go/bkpdir/config.go
[2025-07-13 15:40:49] [SUCCESS] Found        3 semantic tokens in /Users/fareed/Documents/dev/go/bkpdir/config.go
[2025-07-13 15:40:49] [VALIDATE] Validating migration for /Users/fareed/Documents/dev/go/bkpdir/formatter_adapter.go
[2025-07-13 15:40:49] [SUCCESS] Found        2 semantic tokens in /Users/fareed/Documents/dev/go/bkpdir/formatter_adapter.go
[2025-07-13 15:40:49] [VALIDATE] Validating migration for /Users/fareed/Documents/dev/go/bkpdir/tools/coverage-differential.go
[2025-07-13 15:40:49] [VALIDATE] Validating migration for /Users/fareed/Documents/dev/go/bkpdir/tools/coverage_differential_test.go
[2025-07-13 15:40:49] [VALIDATE] Validating migration for /Users/fareed/Documents/dev/go/bkpdir/errors_test.go
[2025-07-13 15:40:49] [SUCCESS] Found        2 semantic tokens in /Users/fareed/Documents/dev/go/bkpdir/errors_test.go
[2025-07-13 15:40:49] [VALIDATE] Validating migration for /Users/fareed/Documents/dev/go/bkpdir/backup.go
[2025-07-13 15:40:50] [SUCCESS] Found        2 semantic tokens in /Users/fareed/Documents/dev/go/bkpdir/backup.go
[2025-07-13 15:40:50] [VALIDATE] Validating migration for /Users/fareed/Documents/dev/go/bkpdir/binary-installation-instructions-working-plan.md
[2025-07-13 15:40:50] [SUCCESS] Found        3 semantic tokens in /Users/fareed/Documents/dev/go/bkpdir/binary-installation-instructions-working-plan.md
[2025-07-13 15:40:50] [VALIDATE] Validating migration for /Users/fareed/Documents/dev/go/bkpdir/formatter.go
[2025-07-13 15:40:50] [SUCCESS] Found        4 semantic tokens in /Users/fareed/Documents/dev/go/bkpdir/formatter.go
[2025-07-13 15:40:50] [VALIDATE] Validating migration for /Users/fareed/Documents/dev/go/bkpdir/semantic-token-migration-report.md
[2025-07-13 15:40:50] [SUCCESS] Found       20 semantic tokens in /Users/fareed/Documents/dev/go/bkpdir/semantic-token-migration-report.md
[2025-07-13 15:40:50] [VALIDATE] Validating migration for /Users/fareed/Documents/dev/go/bkpdir/refactoring_validation_test.go
[2025-07-13 15:40:50] [ERROR] Found       12 remaining Unicode icons in /Users/fareed/Documents/dev/go/bkpdir/refactoring_validation_test.go
[2025-07-13 15:40:50] [SUCCESS] Found        1 semantic tokens in /Users/fareed/Documents/dev/go/bkpdir/refactoring_validation_test.go
[2025-07-13 15:40:50] [VALIDATE] Validating migration for /Users/fareed/Documents/dev/go/bkpdir/archive_test.go
[2025-07-13 15:40:50] [SUCCESS] Found        2 semantic tokens in /Users/fareed/Documents/dev/go/bkpdir/archive_test.go
[2025-07-13 15:40:50] [VALIDATE] Validating migration for /Users/fareed/Documents/dev/go/bkpdir/working-plan-extract-010.md
[2025-07-13 15:40:50] [ERROR] Found        8 remaining Unicode icons in /Users/fareed/Documents/dev/go/bkpdir/working-plan-extract-010.md
[2025-07-13 15:40:50] [SUCCESS] Found       16 semantic tokens in /Users/fareed/Documents/dev/go/bkpdir/working-plan-extract-010.md
[2025-07-13 15:40:50] [VALIDATE] Validating migration for /Users/fareed/Documents/dev/go/bkpdir/test/metrics/decision_metrics_test.go
[2025-07-13 15:40:50] [ERROR] Found        1 remaining Unicode icons in /Users/fareed/Documents/dev/go/bkpdir/test/metrics/decision_metrics_test.go
[2025-07-13 15:40:50] [VALIDATE] Validating migration for /Users/fareed/Documents/dev/go/bkpdir/test/metrics/metrics.go
[2025-07-13 15:40:50] [VALIDATE] Validating migration for /Users/fareed/Documents/dev/go/bkpdir/test/metrics/compliance_rate_test.go
[2025-07-13 15:40:50] [ERROR] Found        1 remaining Unicode icons in /Users/fareed/Documents/dev/go/bkpdir/test/metrics/compliance_rate_test.go
[2025-07-13 15:40:50] [SUCCESS] Found        1 semantic tokens in /Users/fareed/Documents/dev/go/bkpdir/test/metrics/compliance_rate_test.go
[2025-07-13 15:40:50] [VALIDATE] Validating migration for /Users/fareed/Documents/dev/go/bkpdir/test/metrics/goal_alignment_test.go
[2025-07-13 15:40:50] [SUCCESS] Found        2 semantic tokens in /Users/fareed/Documents/dev/go/bkpdir/test/metrics/goal_alignment_test.go
[2025-07-13 15:40:50] [VALIDATE] Validating migration for /Users/fareed/Documents/dev/go/bkpdir/test/integration/doc014_integration_test.go
[2025-07-13 15:40:50] [ERROR] Found        1 remaining Unicode icons in /Users/fareed/Documents/dev/go/bkpdir/test/integration/doc014_integration_test.go
[2025-07-13 15:40:50] [SUCCESS] Found        7 semantic tokens in /Users/fareed/Documents/dev/go/bkpdir/test/integration/doc014_integration_test.go
[2025-07-13 15:40:50] [VALIDATE] Validating migration for /Users/fareed/Documents/dev/go/bkpdir/test/scenarios/decision_scenarios_test.go
[2025-07-13 15:40:50] [SUCCESS] Found        4 semantic tokens in /Users/fareed/Documents/dev/go/bkpdir/test/scenarios/decision_scenarios_test.go
[2025-07-13 15:40:50] [VALIDATE] Validating migration for /Users/fareed/Documents/dev/go/bkpdir/test/performance/validation_performance_test.go
[2025-07-13 15:40:50] [ERROR] Found        4 remaining Unicode icons in /Users/fareed/Documents/dev/go/bkpdir/test/performance/validation_performance_test.go
[2025-07-13 15:40:50] [VALIDATE] Validating migration for /Users/fareed/Documents/dev/go/bkpdir/test/performance/performance_test_integration.go
[2025-07-13 15:40:50] [ERROR] Found        2 remaining Unicode icons in /Users/fareed/Documents/dev/go/bkpdir/test/performance/performance_test_integration.go
[2025-07-13 15:40:50] [VALIDATE] Validating migration for /Users/fareed/Documents/dev/go/bkpdir/example-inheritance-base.yml
[2025-07-13 15:40:50] [VALIDATE] Validating migration for /Users/fareed/Documents/dev/go/bkpdir/config_bench_test.go
[2025-07-13 15:40:50] [VALIDATE] Validating migration for /Users/fareed/Documents/dev/go/bkpdir/exclude_test.go
[2025-07-13 15:40:50] [SUCCESS] Found        1 semantic tokens in /Users/fareed/Documents/dev/go/bkpdir/exclude_test.go
[2025-07-13 15:40:50] [VALIDATE] Validating migration for /Users/fareed/Documents/dev/go/bkpdir/CFG-006-subtask-7-comprehensive-testing-plan.md
[2025-07-13 15:40:50] [ERROR] Found        1 remaining Unicode icons in /Users/fareed/Documents/dev/go/bkpdir/CFG-006-subtask-7-comprehensive-testing-plan.md
[2025-07-13 15:40:50] [SUCCESS] Found       16 semantic tokens in /Users/fareed/Documents/dev/go/bkpdir/CFG-006-subtask-7-comprehensive-testing-plan.md
[2025-07-13 15:40:50] [VALIDATE] Validating migration for /Users/fareed/Documents/dev/go/bkpdir/CFG-006-performance-optimization-plan.md
[2025-07-13 15:40:50] [ERROR] Found        5 remaining Unicode icons in /Users/fareed/Documents/dev/go/bkpdir/CFG-006-performance-optimization-plan.md
[2025-07-13 15:40:50] [SUCCESS] Found       29 semantic tokens in /Users/fareed/Documents/dev/go/bkpdir/CFG-006-performance-optimization-plan.md
[2025-07-13 15:40:50] [VALIDATE] Validating migration for /Users/fareed/Documents/dev/go/bkpdir/working-plan-package-interdependency-mapping.md
[2025-07-13 15:40:50] [ERROR] Found        1 remaining Unicode icons in /Users/fareed/Documents/dev/go/bkpdir/working-plan-package-interdependency-mapping.md
[2025-07-13 15:40:50] [SUCCESS] Found       15 semantic tokens in /Users/fareed/Documents/dev/go/bkpdir/working-plan-package-interdependency-mapping.md
[2025-07-13 15:40:50] [VALIDATE] Validating migration for /Users/fareed/Documents/dev/go/bkpdir/example-inheritance-child.yml
[2025-07-13 15:40:50] [VALIDATE] Validating migration for /Users/fareed/Documents/dev/go/bkpdir/internal/testutil/scenarios.go
[2025-07-13 15:40:50] [VALIDATE] Validating migration for /Users/fareed/Documents/dev/go/bkpdir/internal/testutil/errorinjection_test.go
[2025-07-13 15:40:50] [VALIDATE] Validating migration for /Users/fareed/Documents/dev/go/bkpdir/internal/testutil/corruption_test.go
[2025-07-13 15:40:50] [VALIDATE] Validating migration for /Users/fareed/Documents/dev/go/bkpdir/internal/testutil/context_test.go
[2025-07-13 15:40:50] [VALIDATE] Validating migration for /Users/fareed/Documents/dev/go/bkpdir/internal/testutil/scenarios_test.go
[2025-07-13 15:40:50] [VALIDATE] Validating migration for /Users/fareed/Documents/dev/go/bkpdir/internal/testutil/permissions.go
[2025-07-13 15:40:50] [VALIDATE] Validating migration for /Users/fareed/Documents/dev/go/bkpdir/internal/testutil/context.go
[2025-07-13 15:40:50] [VALIDATE] Validating migration for /Users/fareed/Documents/dev/go/bkpdir/internal/testutil/errorinjection.go
[2025-07-13 15:40:50] [VALIDATE] Validating migration for /Users/fareed/Documents/dev/go/bkpdir/internal/testutil/corruption.go
[2025-07-13 15:40:50] [VALIDATE] Validating migration for /Users/fareed/Documents/dev/go/bkpdir/internal/testutil/scenario_helpers.go
[2025-07-13 15:40:50] [VALIDATE] Validating migration for /Users/fareed/Documents/dev/go/bkpdir/internal/testutil/diskspace.go
[2025-07-13 15:40:50] [VALIDATE] Validating migration for /Users/fareed/Documents/dev/go/bkpdir/internal/testutil/permissions_test.go
[2025-07-13 15:40:50] [VALIDATE] Validating migration for /Users/fareed/Documents/dev/go/bkpdir/internal/testutil/diskspace_test.go
[2025-07-13 15:40:50] [VALIDATE] Validating migration for /Users/fareed/Documents/dev/go/bkpdir/internal/validation/ai_validation.go
[2025-07-13 15:40:50] [SUCCESS] Found        4 semantic tokens in /Users/fareed/Documents/dev/go/bkpdir/internal/validation/ai_validation.go
[2025-07-13 15:40:50] [VALIDATE] Validating migration for /Users/fareed/Documents/dev/go/bkpdir/internal/validation/realtime_validator.go
[2025-07-13 15:40:50] [ERROR] Found        1 remaining Unicode icons in /Users/fareed/Documents/dev/go/bkpdir/internal/validation/realtime_validator.go
[2025-07-13 15:40:50] [SUCCESS] Found       13 semantic tokens in /Users/fareed/Documents/dev/go/bkpdir/internal/validation/realtime_validator.go
[2025-07-13 15:40:50] [VALIDATE] Validating migration for /Users/fareed/Documents/dev/go/bkpdir/internal/validation/ai_error_formatter.go
[2025-07-13 15:40:50] [SUCCESS] Found       17 semantic tokens in /Users/fareed/Documents/dev/go/bkpdir/internal/validation/ai_error_formatter.go
[2025-07-13 15:40:50] [VALIDATE] Validating migration for /Users/fareed/Documents/dev/go/bkpdir/internal/validation/doc008_validator.go
[2025-07-13 15:40:50] [VALIDATE] Validating migration for /Users/fareed/Documents/dev/go/bkpdir/internal/validation/realtime_validator_test.go
[2025-07-13 15:40:50] [ERROR] Found        1 remaining Unicode icons in /Users/fareed/Documents/dev/go/bkpdir/internal/validation/realtime_validator_test.go
[2025-07-13 15:40:50] [VALIDATE] Validating migration for /Users/fareed/Documents/dev/go/bkpdir/internal/validation/decision_checklist.go
[2025-07-13 15:40:50] [SUCCESS] Found        1 semantic tokens in /Users/fareed/Documents/dev/go/bkpdir/internal/validation/decision_checklist.go
[2025-07-13 15:40:50] [VALIDATE] Validating migration for /Users/fareed/Documents/dev/go/bkpdir/internal/validation/compliance_monitor.go
[2025-07-13 15:40:50] [VALIDATE] Validating migration for /Users/fareed/Documents/dev/go/bkpdir/internal/validation/decision_checklist_test.go
[2025-07-13 15:40:50] [VALIDATE] Validating migration for /Users/fareed/Documents/dev/go/bkpdir/config_impl.go
[2025-07-13 15:40:50] [VALIDATE] Validating migration for /Users/fareed/Documents/dev/go/bkpdir/CFG-006-implementation-plan.md
[2025-07-13 15:40:50] [SUCCESS] Found        8 semantic tokens in /Users/fareed/Documents/dev/go/bkpdir/CFG-006-implementation-plan.md
[2025-07-13 15:40:50] [VALIDATE] Validating migration for /Users/fareed/Documents/dev/go/bkpdir/docs/extract-007-completion-summary.md
[2025-07-13 15:40:50] [VALIDATE] Validating migration for /Users/fareed/Documents/dev/go/bkpdir/docs/extract-007-task-completion-final.md
[2025-07-13 15:40:50] [SUCCESS] Found        4 semantic tokens in /Users/fareed/Documents/dev/go/bkpdir/docs/extract-007-task-completion-final.md
[2025-07-13 15:40:50] [VALIDATE] Validating migration for /Users/fareed/Documents/dev/go/bkpdir/docs/DOC-014-subtask-6-working-plan.md
[2025-07-13 15:40:50] [SUCCESS] Found        8 semantic tokens in /Users/fareed/Documents/dev/go/bkpdir/docs/DOC-014-subtask-6-working-plan.md
[2025-07-13 15:40:50] [VALIDATE] Validating migration for /Users/fareed/Documents/dev/go/bkpdir/docs/unicode-migration-phase2-subtask2-test-layer-progress.md
[2025-07-13 15:40:50] [ERROR] Found        3 remaining Unicode icons in /Users/fareed/Documents/dev/go/bkpdir/docs/unicode-migration-phase2-subtask2-test-layer-progress.md
[2025-07-13 15:40:50] [SUCCESS] Found        1 semantic tokens in /Users/fareed/Documents/dev/go/bkpdir/docs/unicode-migration-phase2-subtask2-test-layer-progress.md
[2025-07-13 15:40:50] [VALIDATE] Validating migration for /Users/fareed/Documents/dev/go/bkpdir/docs/unicode-migration-audit-report-phase1-subtask2.md
[2025-07-13 15:40:50] [SUCCESS] Found        4 semantic tokens in /Users/fareed/Documents/dev/go/bkpdir/docs/unicode-migration-audit-report-phase1-subtask2.md
[2025-07-13 15:40:50] [VALIDATE] Validating migration for /Users/fareed/Documents/dev/go/bkpdir/docs/unicode-migration-phase2-subtask2-code-layer-progress.md
[2025-07-13 15:40:50] [ERROR] Found        3 remaining Unicode icons in /Users/fareed/Documents/dev/go/bkpdir/docs/unicode-migration-phase2-subtask2-code-layer-progress.md
[2025-07-13 15:40:50] [SUCCESS] Found        1 semantic tokens in /Users/fareed/Documents/dev/go/bkpdir/docs/unicode-migration-phase2-subtask2-code-layer-progress.md
[2025-07-13 15:40:50] [VALIDATE] Validating migration for /Users/fareed/Documents/dev/go/bkpdir/docs/DOC-010-implementation-summary.md
[2025-07-13 15:40:50] [SUCCESS] Found       46 semantic tokens in /Users/fareed/Documents/dev/go/bkpdir/docs/DOC-010-implementation-summary.md
[2025-07-13 15:40:50] [VALIDATE] Validating migration for /Users/fareed/Documents/dev/go/bkpdir/docs/DOC-012-completion-report.md
[2025-07-13 15:40:50] [ERROR] Found        1 remaining Unicode icons in /Users/fareed/Documents/dev/go/bkpdir/docs/DOC-012-completion-report.md
[2025-07-13 15:40:50] [SUCCESS] Found        2 semantic tokens in /Users/fareed/Documents/dev/go/bkpdir/docs/DOC-012-completion-report.md
[2025-07-13 15:40:50] [VALIDATE] Validating migration for /Users/fareed/Documents/dev/go/bkpdir/docs/interface-definitions.md
[2025-07-13 15:40:51] [VALIDATE] Validating migration for /Users/fareed/Documents/dev/go/bkpdir/docs/context/doc-validation.md
[2025-07-13 15:40:51] [VALIDATE] Validating migration for /Users/fareed/Documents/dev/go/bkpdir/docs/context/decision-framework-training-examples.md
[2025-07-13 15:40:51] [ERROR] Found        2 remaining Unicode icons in /Users/fareed/Documents/dev/go/bkpdir/docs/context/decision-framework-training-examples.md
[2025-07-13 15:40:51] [SUCCESS] Found       27 semantic tokens in /Users/fareed/Documents/dev/go/bkpdir/docs/context/decision-framework-training-examples.md
[2025-07-13 15:40:51] [VALIDATE] Validating migration for /Users/fareed/Documents/dev/go/bkpdir/docs/context/specification.md
[2025-07-13 15:40:51] [ERROR] Found        2 remaining Unicode icons in /Users/fareed/Documents/dev/go/bkpdir/docs/context/specification.md
[2025-07-13 15:40:51] [SUCCESS] Found       24 semantic tokens in /Users/fareed/Documents/dev/go/bkpdir/docs/context/specification.md
[2025-07-13 15:40:51] [VALIDATE] Validating migration for /Users/fareed/Documents/dev/go/bkpdir/docs/context/ai-assistant-optimization-tasks.md
[2025-07-13 15:40:51] [SUCCESS] Found       31 semantic tokens in /Users/fareed/Documents/dev/go/bkpdir/docs/context/ai-assistant-optimization-tasks.md
[2025-07-13 15:40:51] [VALIDATE] Validating migration for /Users/fareed/Documents/dev/go/bkpdir/docs/context/enhanced-token-migration-strategy.md
[2025-07-13 15:40:51] [SUCCESS] Found       41 semantic tokens in /Users/fareed/Documents/dev/go/bkpdir/docs/context/enhanced-token-migration-strategy.md
[2025-07-13 15:40:51] [VALIDATE] Validating migration for /Users/fareed/Documents/dev/go/bkpdir/docs/context/ai-documentation-templates.md
[2025-07-13 15:40:51] [ERROR] Found        6 remaining Unicode icons in /Users/fareed/Documents/dev/go/bkpdir/docs/context/ai-documentation-templates.md
[2025-07-13 15:40:51] [SUCCESS] Found       78 semantic tokens in /Users/fareed/Documents/dev/go/bkpdir/docs/context/ai-documentation-templates.md
[2025-07-13 15:40:51] [VALIDATE] Validating migration for /Users/fareed/Documents/dev/go/bkpdir/docs/context/source-code-icon-guidelines.md
[2025-07-13 15:40:51] [ERROR] Found       20 remaining Unicode icons in /Users/fareed/Documents/dev/go/bkpdir/docs/context/source-code-icon-guidelines.md
[2025-07-13 15:40:51] [SUCCESS] Found      135 semantic tokens in /Users/fareed/Documents/dev/go/bkpdir/docs/context/source-code-icon-guidelines.md
[2025-07-13 15:40:51] [VALIDATE] Validating migration for /Users/fareed/Documents/dev/go/bkpdir/docs/context/requirements.md
[2025-07-13 15:40:51] [SUCCESS] Found       10 semantic tokens in /Users/fareed/Documents/dev/go/bkpdir/docs/context/requirements.md
[2025-07-13 15:40:51] [VALIDATE] Validating migration for /Users/fareed/Documents/dev/go/bkpdir/docs/context/task-completion-enforcement.md
[2025-07-13 15:40:51] [VALIDATE] Validating migration for /Users/fareed/Documents/dev/go/bkpdir/docs/context/ai-first-token-system-comprehensive.md
[2025-07-13 15:40:51] [SUCCESS] Found       68 semantic tokens in /Users/fareed/Documents/dev/go/bkpdir/docs/context/ai-first-token-system-comprehensive.md
[2025-07-13 15:40:51] [VALIDATE] Validating migration for /Users/fareed/Documents/dev/go/bkpdir/docs/context/enhanced-token-syntax-specification.md
[2025-07-13 15:40:51] [ERROR] Found        1 remaining Unicode icons in /Users/fareed/Documents/dev/go/bkpdir/docs/context/enhanced-token-syntax-specification.md
[2025-07-13 15:40:51] [SUCCESS] Found       67 semantic tokens in /Users/fareed/Documents/dev/go/bkpdir/docs/context/enhanced-token-syntax-specification.md
[2025-07-13 15:40:51] [VALIDATE] Validating migration for /Users/fareed/Documents/dev/go/bkpdir/docs/context/architecture.md
[2025-07-13 15:40:51] [ERROR] Found        3 remaining Unicode icons in /Users/fareed/Documents/dev/go/bkpdir/docs/context/architecture.md
[2025-07-13 15:40:51] [SUCCESS] Found       73 semantic tokens in /Users/fareed/Documents/dev/go/bkpdir/docs/context/architecture.md
[2025-07-13 15:40:51] [VALIDATE] Validating migration for /Users/fareed/Documents/dev/go/bkpdir/docs/context/ai-first-formatter-refactoring-plan.md
[2025-07-13 15:40:51] [SUCCESS] Found       28 semantic tokens in /Users/fareed/Documents/dev/go/bkpdir/docs/context/ai-first-formatter-refactoring-plan.md
[2025-07-13 15:40:51] [VALIDATE] Validating migration for /Users/fareed/Documents/dev/go/bkpdir/docs/context/AI-First-Development-Procedure-Complete-Guide.md
[2025-07-13 15:40:51] [ERROR] Found        5 remaining Unicode icons in /Users/fareed/Documents/dev/go/bkpdir/docs/context/AI-First-Development-Procedure-Complete-Guide.md
[2025-07-13 15:40:51] [SUCCESS] Found       58 semantic tokens in /Users/fareed/Documents/dev/go/bkpdir/docs/context/AI-First-Development-Procedure-Complete-Guide.md
[2025-07-13 15:40:51] [VALIDATE] Validating migration for /Users/fareed/Documents/dev/go/bkpdir/docs/context/ai-decision-framework.md
[2025-07-13 15:40:51] [ERROR] Found        9 remaining Unicode icons in /Users/fareed/Documents/dev/go/bkpdir/docs/context/ai-decision-framework.md
[2025-07-13 15:40:51] [SUCCESS] Found       44 semantic tokens in /Users/fareed/Documents/dev/go/bkpdir/docs/context/ai-decision-framework.md
[2025-07-13 15:40:51] [VALIDATE] Validating migration for /Users/fareed/Documents/dev/go/bkpdir/docs/context/ai-assistant-compliance.md
[2025-07-13 15:40:51] [ERROR] Found        6 remaining Unicode icons in /Users/fareed/Documents/dev/go/bkpdir/docs/context/ai-assistant-compliance.md
[2025-07-13 15:40:51] [SUCCESS] Found       77 semantic tokens in /Users/fareed/Documents/dev/go/bkpdir/docs/context/ai-assistant-compliance.md
[2025-07-13 15:40:51] [VALIDATE] Validating migration for /Users/fareed/Documents/dev/go/bkpdir/docs/context/implementation-status.md
[2025-07-13 15:40:51] [ERROR] Found        2 remaining Unicode icons in /Users/fareed/Documents/dev/go/bkpdir/docs/context/implementation-status.md
[2025-07-13 15:40:51] [VALIDATE] Validating migration for /Users/fareed/Documents/dev/go/bkpdir/docs/context/CFG-005-implementation-plan.md
[2025-07-13 15:40:51] [SUCCESS] Found       27 semantic tokens in /Users/fareed/Documents/dev/go/bkpdir/docs/context/CFG-005-implementation-plan.md
[2025-07-13 15:40:51] [VALIDATE] Validating migration for /Users/fareed/Documents/dev/go/bkpdir/docs/context/sync-framework.md
[2025-07-13 15:40:51] [VALIDATE] Validating migration for /Users/fareed/Documents/dev/go/bkpdir/docs/context/icon-system-proposal.md
[2025-07-13 15:40:51] [ERROR] Found       18 remaining Unicode icons in /Users/fareed/Documents/dev/go/bkpdir/docs/context/icon-system-proposal.md
[2025-07-13 15:40:51] [SUCCESS] Found       48 semantic tokens in /Users/fareed/Documents/dev/go/bkpdir/docs/context/icon-system-proposal.md
[2025-07-13 15:40:51] [VALIDATE] Validating migration for /Users/fareed/Documents/dev/go/bkpdir/docs/context/ai-code-maintenance-standards.md
[2025-07-13 15:40:51] [ERROR] Found        4 remaining Unicode icons in /Users/fareed/Documents/dev/go/bkpdir/docs/context/ai-code-maintenance-standards.md
[2025-07-13 15:40:51] [SUCCESS] Found      110 semantic tokens in /Users/fareed/Documents/dev/go/bkpdir/docs/context/ai-code-maintenance-standards.md
[2025-07-13 15:40:51] [VALIDATE] Validating migration for /Users/fareed/Documents/dev/go/bkpdir/docs/context/icon-usage-analysis.md
[2025-07-13 15:40:51] [ERROR] Found       11 remaining Unicode icons in /Users/fareed/Documents/dev/go/bkpdir/docs/context/icon-usage-analysis.md
[2025-07-13 15:40:51] [SUCCESS] Found       26 semantic tokens in /Users/fareed/Documents/dev/go/bkpdir/docs/context/icon-usage-analysis.md
[2025-07-13 15:40:51] [VALIDATE] Validating migration for /Users/fareed/Documents/dev/go/bkpdir/docs/context/decision-framework-troubleshooting.md
[2025-07-13 15:40:51] [ERROR] Found        3 remaining Unicode icons in /Users/fareed/Documents/dev/go/bkpdir/docs/context/decision-framework-troubleshooting.md
[2025-07-13 15:40:51] [SUCCESS] Found       33 semantic tokens in /Users/fareed/Documents/dev/go/bkpdir/docs/context/decision-framework-troubleshooting.md
[2025-07-13 15:40:51] [VALIDATE] Validating migration for /Users/fareed/Documents/dev/go/bkpdir/docs/context/context-file-checklist.md
[2025-07-13 15:40:51] [ERROR] Found        9 remaining Unicode icons in /Users/fareed/Documents/dev/go/bkpdir/docs/context/context-file-checklist.md
[2025-07-13 15:40:51] [SUCCESS] Found       13 semantic tokens in /Users/fareed/Documents/dev/go/bkpdir/docs/context/context-file-checklist.md
[2025-07-13 15:40:51] [VALIDATE] Validating migration for /Users/fareed/Documents/dev/go/bkpdir/docs/context/ai-first-development-strategy.md
[2025-07-13 15:40:51] [ERROR] Found        2 remaining Unicode icons in /Users/fareed/Documents/dev/go/bkpdir/docs/context/ai-first-development-strategy.md
[2025-07-13 15:40:51] [SUCCESS] Found      125 semantic tokens in /Users/fareed/Documents/dev/go/bkpdir/docs/context/ai-first-development-strategy.md
[2025-07-13 15:40:51] [VALIDATE] Validating migration for /Users/fareed/Documents/dev/go/bkpdir/docs/context/ai-assistant-token-protocol.md
[2025-07-13 15:40:51] [SUCCESS] Found       23 semantic tokens in /Users/fareed/Documents/dev/go/bkpdir/docs/context/ai-assistant-token-protocol.md
[2025-07-13 15:40:51] [VALIDATE] Validating migration for /Users/fareed/Documents/dev/go/bkpdir/docs/context/testing.md
[2025-07-13 15:40:51] [ERROR] Found        1 remaining Unicode icons in /Users/fareed/Documents/dev/go/bkpdir/docs/context/testing.md
[2025-07-13 15:40:51] [SUCCESS] Found       34 semantic tokens in /Users/fareed/Documents/dev/go/bkpdir/docs/context/testing.md
[2025-07-13 15:40:51] [VALIDATE] Validating migration for /Users/fareed/Documents/dev/go/bkpdir/docs/context/icon-usage-guidelines.md
[2025-07-13 15:40:51] [ERROR] Found       24 remaining Unicode icons in /Users/fareed/Documents/dev/go/bkpdir/docs/context/icon-usage-guidelines.md
[2025-07-13 15:40:51] [SUCCESS] Found       77 semantic tokens in /Users/fareed/Documents/dev/go/bkpdir/docs/context/icon-usage-guidelines.md
[2025-07-13 15:40:51] [VALIDATE] Validating migration for /Users/fareed/Documents/dev/go/bkpdir/docs/context/code-marker-strategy.md
[2025-07-13 15:40:51] [VALIDATE] Validating migration for /Users/fareed/Documents/dev/go/bkpdir/docs/context/feature-change-protocol.md
[2025-07-13 15:40:51] [SUCCESS] Found        5 semantic tokens in /Users/fareed/Documents/dev/go/bkpdir/docs/context/feature-change-protocol.md
[2025-07-13 15:40:51] [VALIDATE] Validating migration for /Users/fareed/Documents/dev/go/bkpdir/docs/context/README.md
[2025-07-13 15:40:51] [ERROR] Found       10 remaining Unicode icons in /Users/fareed/Documents/dev/go/bkpdir/docs/context/README.md
[2025-07-13 15:40:51] [SUCCESS] Found       43 semantic tokens in /Users/fareed/Documents/dev/go/bkpdir/docs/context/README.md
[2025-07-13 15:40:51] [VALIDATE] Validating migration for /Users/fareed/Documents/dev/go/bkpdir/docs/context/ai-first-configuration-refactoring-plan.md
[2025-07-13 15:40:51] [SUCCESS] Found       28 semantic tokens in /Users/fareed/Documents/dev/go/bkpdir/docs/context/ai-first-configuration-refactoring-plan.md
[2025-07-13 15:40:51] [VALIDATE] Validating migration for /Users/fareed/Documents/dev/go/bkpdir/docs/context/validation-automation.md
[2025-07-13 15:40:51] [ERROR] Found        6 remaining Unicode icons in /Users/fareed/Documents/dev/go/bkpdir/docs/context/validation-automation.md
[2025-07-13 15:40:51] [SUCCESS] Found       14 semantic tokens in /Users/fareed/Documents/dev/go/bkpdir/docs/context/validation-automation.md
[2025-07-13 15:40:51] [VALIDATE] Validating migration for /Users/fareed/Documents/dev/go/bkpdir/docs/context/implementation-decisions.md
[2025-07-13 15:40:51] [ERROR] Found        1 remaining Unicode icons in /Users/fareed/Documents/dev/go/bkpdir/docs/context/implementation-decisions.md
[2025-07-13 15:40:51] [VALIDATE] Validating migration for /Users/fareed/Documents/dev/go/bkpdir/docs/context/structure-optimization-analysis.md
[2025-07-13 15:40:51] [SUCCESS] Found        1 semantic tokens in /Users/fareed/Documents/dev/go/bkpdir/docs/context/structure-optimization-analysis.md
[2025-07-13 15:40:51] [VALIDATE] Validating migration for /Users/fareed/Documents/dev/go/bkpdir/docs/context/immutable.md
[2025-07-13 15:40:51] [SUCCESS] Found        3 semantic tokens in /Users/fareed/Documents/dev/go/bkpdir/docs/context/immutable.md
[2025-07-13 15:40:51] [VALIDATE] Validating migration for /Users/fareed/Documents/dev/go/bkpdir/docs/context/ai-assistant-protocol.md
[2025-07-13 15:40:51] [ERROR] Found       31 remaining Unicode icons in /Users/fareed/Documents/dev/go/bkpdir/docs/context/ai-assistant-protocol.md
[2025-07-13 15:40:51] [SUCCESS] Found       65 semantic tokens in /Users/fareed/Documents/dev/go/bkpdir/docs/context/ai-assistant-protocol.md
[2025-07-13 15:40:51] [VALIDATE] Validating migration for /Users/fareed/Documents/dev/go/bkpdir/docs/context/ai-first-refactoring-priority-summary.md
[2025-07-13 15:40:51] [SUCCESS] Found       38 semantic tokens in /Users/fareed/Documents/dev/go/bkpdir/docs/context/ai-first-refactoring-priority-summary.md
[2025-07-13 15:40:51] [VALIDATE] Validating migration for /Users/fareed/Documents/dev/go/bkpdir/docs/context/change-rejection-criteria.md
[2025-07-13 15:40:51] [VALIDATE] Validating migration for /Users/fareed/Documents/dev/go/bkpdir/docs/context/cross-reference-template.md
[2025-07-13 15:40:51] [VALIDATE] Validating migration for /Users/fareed/Documents/dev/go/bkpdir/docs/context/enforcement-mechanisms.md
[2025-07-13 15:40:51] [VALIDATE] Validating migration for /Users/fareed/Documents/dev/go/bkpdir/docs/context/unicode-to-semantic-token-mapping.md
[2025-07-13 15:40:51] [ERROR] Found        4 remaining Unicode icons in /Users/fareed/Documents/dev/go/bkpdir/docs/context/unicode-to-semantic-token-mapping.md
[2025-07-13 15:40:51] [SUCCESS] Found       29 semantic tokens in /Users/fareed/Documents/dev/go/bkpdir/docs/context/unicode-to-semantic-token-mapping.md
[2025-07-13 15:40:51] [VALIDATE] Validating migration for /Users/fareed/Documents/dev/go/bkpdir/docs/context/semantic-links-implementation.md
[2025-07-13 15:40:51] [VALIDATE] Validating migration for /Users/fareed/Documents/dev/go/bkpdir/docs/context/feature-tracking.md
[2025-07-13 15:40:51] [ERROR] Found       13 remaining Unicode icons in /Users/fareed/Documents/dev/go/bkpdir/docs/context/feature-tracking.md
[2025-07-13 15:40:51] [SUCCESS] Found      484 semantic tokens in /Users/fareed/Documents/dev/go/bkpdir/docs/context/feature-tracking.md
[2025-07-13 15:40:51] [VALIDATE] Validating migration for /Users/fareed/Documents/dev/go/bkpdir/docs/context/feature-documentation-standards.md
[2025-07-13 15:40:52] [VALIDATE] Validating migration for /Users/fareed/Documents/dev/go/bkpdir/docs/context/decision-framework-usage-guide.md
[2025-07-13 15:40:52] [ERROR] Found        6 remaining Unicode icons in /Users/fareed/Documents/dev/go/bkpdir/docs/context/decision-framework-usage-guide.md
[2025-07-13 15:40:52] [SUCCESS] Found       31 semantic tokens in /Users/fareed/Documents/dev/go/bkpdir/docs/context/decision-framework-usage-guide.md
[2025-07-13 15:40:52] [VALIDATE] Validating migration for /Users/fareed/Documents/dev/go/bkpdir/docs/context/context-file-responsibilities.md
[2025-07-13 15:40:52] [VALIDATE] Validating migration for /Users/fareed/Documents/dev/go/bkpdir/docs/context/enhanced-traceability.md
[2025-07-13 15:40:52] [VALIDATE] Validating migration for /Users/fareed/Documents/dev/go/bkpdir/docs/context/ai-first-error-handling-refactoring-plan.md
[2025-07-13 15:40:52] [SUCCESS] Found       34 semantic tokens in /Users/fareed/Documents/dev/go/bkpdir/docs/context/ai-first-error-handling-refactoring-plan.md
[2025-07-13 15:40:52] [VALIDATE] Validating migration for /Users/fareed/Documents/dev/go/bkpdir/docs/context/icon-validation-enforcement.md
[2025-07-13 15:40:52] [VALIDATE] Validating migration for /Users/fareed/Documents/dev/go/bkpdir/docs/validation-reports/semantic-token-validation-report-20250713_092636.md
[2025-07-13 15:40:52] [VALIDATE] Validating migration for /Users/fareed/Documents/dev/go/bkpdir/docs/validation-reports/token-traceability-report.md
[2025-07-13 15:40:52] [VALIDATE] Validating migration for /Users/fareed/Documents/dev/go/bkpdir/docs/validation-reports/semantic-token-validation-report-20250713_092234.md
[2025-07-13 15:40:52] [VALIDATE] Validating migration for /Users/fareed/Documents/dev/go/bkpdir/docs/validation-reports/semantic-token-validation-report-20250713_092247.md
[2025-07-13 15:40:52] [VALIDATE] Validating migration for /Users/fareed/Documents/dev/go/bkpdir/docs/validation-reports/icon-validation-report.md
[2025-07-13 15:40:52] [ERROR] Found        1 remaining Unicode icons in /Users/fareed/Documents/dev/go/bkpdir/docs/validation-reports/icon-validation-report.md
[2025-07-13 15:40:52] [SUCCESS] Found        4 semantic tokens in /Users/fareed/Documents/dev/go/bkpdir/docs/validation-reports/icon-validation-report.md
[2025-07-13 15:40:52] [VALIDATE] Validating migration for /Users/fareed/Documents/dev/go/bkpdir/docs/validation-reports/decision-context-validation-report.md
[2025-07-13 15:40:52] [ERROR] Found        1 remaining Unicode icons in /Users/fareed/Documents/dev/go/bkpdir/docs/validation-reports/decision-context-validation-report.md
[2025-07-13 15:40:52] [SUCCESS] Found        5 semantic tokens in /Users/fareed/Documents/dev/go/bkpdir/docs/validation-reports/decision-context-validation-report.md
[2025-07-13 15:40:52] [VALIDATE] Validating migration for /Users/fareed/Documents/dev/go/bkpdir/docs/validation-reports/decision-framework-validation-report.md
[2025-07-13 15:40:52] [ERROR] Found        1 remaining Unicode icons in /Users/fareed/Documents/dev/go/bkpdir/docs/validation-reports/decision-framework-validation-report.md
[2025-07-13 15:40:52] [SUCCESS] Found        3 semantic tokens in /Users/fareed/Documents/dev/go/bkpdir/docs/validation-reports/decision-framework-validation-report.md
[2025-07-13 15:40:52] [VALIDATE] Validating migration for /Users/fareed/Documents/dev/go/bkpdir/docs/configuration-troubleshooting.md
[2025-07-13 15:40:52] [ERROR] Found        3 remaining Unicode icons in /Users/fareed/Documents/dev/go/bkpdir/docs/configuration-troubleshooting.md
[2025-07-13 15:40:52] [SUCCESS] Found        6 semantic tokens in /Users/fareed/Documents/dev/go/bkpdir/docs/configuration-troubleshooting.md
[2025-07-13 15:40:52] [VALIDATE] Validating migration for /Users/fareed/Documents/dev/go/bkpdir/docs/coverage-implementation.md
[2025-07-13 15:40:52] [VALIDATE] Validating migration for /Users/fareed/Documents/dev/go/bkpdir/docs/unicode-migration-audit-report-phase1-subtask3.md
[2025-07-13 15:40:52] [SUCCESS] Found        4 semantic tokens in /Users/fareed/Documents/dev/go/bkpdir/docs/unicode-migration-audit-report-phase1-subtask3.md
[2025-07-13 15:40:52] [VALIDATE] Validating migration for /Users/fareed/Documents/dev/go/bkpdir/docs/unicode-migration-phase1-completion-summary.md
[2025-07-13 15:40:52] [SUCCESS] Found        6 semantic tokens in /Users/fareed/Documents/dev/go/bkpdir/docs/unicode-migration-phase1-completion-summary.md
[2025-07-13 15:40:52] [VALIDATE] Validating migration for /Users/fareed/Documents/dev/go/bkpdir/docs/tiered-performance-testing-strategy.md
[2025-07-13 15:40:52] [SUCCESS] Found        3 semantic tokens in /Users/fareed/Documents/dev/go/bkpdir/docs/tiered-performance-testing-strategy.md
[2025-07-13 15:40:52] [VALIDATE] Validating migration for /Users/fareed/Documents/dev/go/bkpdir/docs/semantic-token-system-requirements.md
[2025-07-13 15:40:52] [SUCCESS] Found        8 semantic tokens in /Users/fareed/Documents/dev/go/bkpdir/docs/semantic-token-system-requirements.md
[2025-07-13 15:40:52] [VALIDATE] Validating migration for /Users/fareed/Documents/dev/go/bkpdir/docs/migration-guide.md
[2025-07-13 15:40:52] [ERROR] Found        1 remaining Unicode icons in /Users/fareed/Documents/dev/go/bkpdir/docs/migration-guide.md
[2025-07-13 15:40:52] [SUCCESS] Found       25 semantic tokens in /Users/fareed/Documents/dev/go/bkpdir/docs/migration-guide.md
[2025-07-13 15:40:52] [VALIDATE] Validating migration for /Users/fareed/Documents/dev/go/bkpdir/docs/package-reference.md
[2025-07-13 15:40:52] [ERROR] Found        5 remaining Unicode icons in /Users/fareed/Documents/dev/go/bkpdir/docs/package-reference.md
[2025-07-13 15:40:52] [SUCCESS] Found       21 semantic tokens in /Users/fareed/Documents/dev/go/bkpdir/docs/package-reference.md
[2025-07-13 15:40:52] [VALIDATE] Validating migration for /Users/fareed/Documents/dev/go/bkpdir/docs/DOC-014-subtask-6-completion-summary.md
[2025-07-13 15:40:52] [SUCCESS] Found        8 semantic tokens in /Users/fareed/Documents/dev/go/bkpdir/docs/DOC-014-subtask-6-completion-summary.md
[2025-07-13 15:40:52] [VALIDATE] Validating migration for /Users/fareed/Documents/dev/go/bkpdir/docs/delayed-output-usage.md
[2025-07-13 15:40:52] [VALIDATE] Validating migration for /Users/fareed/Documents/dev/go/bkpdir/docs/extract-008-subtask-3-completion.md
[2025-07-13 15:40:52] [SUCCESS] Found       16 semantic tokens in /Users/fareed/Documents/dev/go/bkpdir/docs/extract-008-subtask-3-completion.md
[2025-07-13 15:40:52] [VALIDATE] Validating migration for /Users/fareed/Documents/dev/go/bkpdir/docs/extract-008-session-summary.md
[2025-07-13 15:40:52] [SUCCESS] Found        2 semantic tokens in /Users/fareed/Documents/dev/go/bkpdir/docs/extract-008-session-summary.md
[2025-07-13 15:40:52] [VALIDATE] Validating migration for /Users/fareed/Documents/dev/go/bkpdir/docs/configuration-inspection-guide.md
[2025-07-13 15:40:52] [SUCCESS] Found        8 semantic tokens in /Users/fareed/Documents/dev/go/bkpdir/docs/configuration-inspection-guide.md
[2025-07-13 15:40:52] [VALIDATE] Validating migration for /Users/fareed/Documents/dev/go/bkpdir/docs/unicode-migration-week3-command-structure-plan.md
[2025-07-13 15:40:52] [SUCCESS] Found       48 semantic tokens in /Users/fareed/Documents/dev/go/bkpdir/docs/unicode-migration-week3-command-structure-plan.md
[2025-07-13 15:40:52] [VALIDATE] Validating migration for /Users/fareed/Documents/dev/go/bkpdir/docs/config-schema-abstraction.md
[2025-07-13 15:40:52] [ERROR] Found        2 remaining Unicode icons in /Users/fareed/Documents/dev/go/bkpdir/docs/config-schema-abstraction.md
[2025-07-13 15:40:52] [SUCCESS] Found        9 semantic tokens in /Users/fareed/Documents/dev/go/bkpdir/docs/config-schema-abstraction.md
[2025-07-13 15:40:52] [VALIDATE] Validating migration for /Users/fareed/Documents/dev/go/bkpdir/docs/extract-009-completion-summary.md
[2025-07-13 15:40:52] [ERROR] Found        4 remaining Unicode icons in /Users/fareed/Documents/dev/go/bkpdir/docs/extract-009-completion-summary.md
[2025-07-13 15:40:52] [SUCCESS] Found        9 semantic tokens in /Users/fareed/Documents/dev/go/bkpdir/docs/extract-009-completion-summary.md
[2025-07-13 15:40:52] [VALIDATE] Validating migration for /Users/fareed/Documents/dev/go/bkpdir/docs/unicode-migration-phase2-subtask2-implementation-progress.md
[2025-07-13 15:40:52] [SUCCESS] Found       15 semantic tokens in /Users/fareed/Documents/dev/go/bkpdir/docs/unicode-migration-phase2-subtask2-implementation-progress.md
[2025-07-13 15:40:52] [VALIDATE] Validating migration for /Users/fareed/Documents/dev/go/bkpdir/docs/milestone-tracking-system.md
[2025-07-13 15:40:52] [SUCCESS] Found        3 semantic tokens in /Users/fareed/Documents/dev/go/bkpdir/docs/milestone-tracking-system.md
[2025-07-13 15:40:52] [VALIDATE] Validating migration for /Users/fareed/Documents/dev/go/bkpdir/docs/build-system-fixes-implementation.md
[2025-07-13 15:40:52] [SUCCESS] Found       11 semantic tokens in /Users/fareed/Documents/dev/go/bkpdir/docs/build-system-fixes-implementation.md
[2025-07-13 15:40:52] [VALIDATE] Validating migration for /Users/fareed/Documents/dev/go/bkpdir/docs/integration-guide.md
[2025-07-13 15:40:52] [SUCCESS] Found       62 semantic tokens in /Users/fareed/Documents/dev/go/bkpdir/docs/integration-guide.md
[2025-07-13 15:40:52] [VALIDATE] Validating migration for /Users/fareed/Documents/dev/go/bkpdir/docs/DOC-014-cross-reference-completion-plan.md
[2025-07-13 15:40:52] [SUCCESS] Found       18 semantic tokens in /Users/fareed/Documents/dev/go/bkpdir/docs/DOC-014-cross-reference-completion-plan.md
[2025-07-13 15:40:52] [VALIDATE] Validating migration for /Users/fareed/Documents/dev/go/bkpdir/docs/formatter-decomposition.md
[2025-07-13 15:40:52] [ERROR] Found       12 remaining Unicode icons in /Users/fareed/Documents/dev/go/bkpdir/docs/formatter-decomposition.md
[2025-07-13 15:40:52] [VALIDATE] Validating migration for /Users/fareed/Documents/dev/go/bkpdir/docs/extract-008-remaining-subtasks-plan.md
[2025-07-13 15:40:52] [ERROR] Found        2 remaining Unicode icons in /Users/fareed/Documents/dev/go/bkpdir/docs/extract-008-remaining-subtasks-plan.md
[2025-07-13 15:40:52] [SUCCESS] Found       37 semantic tokens in /Users/fareed/Documents/dev/go/bkpdir/docs/extract-008-remaining-subtasks-plan.md
[2025-07-13 15:40:52] [VALIDATE] Validating migration for /Users/fareed/Documents/dev/go/bkpdir/docs/extract-008-subtask-5-completion.md
[2025-07-13 15:40:52] [SUCCESS] Found        3 semantic tokens in /Users/fareed/Documents/dev/go/bkpdir/docs/extract-008-subtask-5-completion.md
[2025-07-13 15:40:52] [VALIDATE] Validating migration for /Users/fareed/Documents/dev/go/bkpdir/docs/config-abstraction.md
[2025-07-13 15:40:52] [VALIDATE] Validating migration for /Users/fareed/Documents/dev/go/bkpdir/docs/semantic-token-migration-progress-summary.md
[2025-07-13 15:40:52] [SUCCESS] Found       23 semantic tokens in /Users/fareed/Documents/dev/go/bkpdir/docs/semantic-token-migration-progress-summary.md
[2025-07-13 15:40:52] [VALIDATE] Validating migration for /Users/fareed/Documents/dev/go/bkpdir/docs/extract-008-subtask-1-completion.md
[2025-07-13 15:40:52] [SUCCESS] Found        2 semantic tokens in /Users/fareed/Documents/dev/go/bkpdir/docs/extract-008-subtask-1-completion.md
[2025-07-13 15:40:52] [VALIDATE] Validating migration for /Users/fareed/Documents/dev/go/bkpdir/docs/unicode-migration-week2-completion-summary.md
[2025-07-13 15:40:52] [SUCCESS] Found       28 semantic tokens in /Users/fareed/Documents/dev/go/bkpdir/docs/unicode-migration-week2-completion-summary.md
[2025-07-13 15:40:52] [VALIDATE] Validating migration for /Users/fareed/Documents/dev/go/bkpdir/docs/extraction-dependencies.md
[2025-07-13 15:40:52] [ERROR] Found       21 remaining Unicode icons in /Users/fareed/Documents/dev/go/bkpdir/docs/extraction-dependencies.md
[2025-07-13 15:40:52] [VALIDATE] Validating migration for /Users/fareed/Documents/dev/go/bkpdir/docs/semantic-token-system-implementation-complete.md
[2025-07-13 15:40:52] [SUCCESS] Found       16 semantic tokens in /Users/fareed/Documents/dev/go/bkpdir/docs/semantic-token-system-implementation-complete.md
[2025-07-13 15:40:52] [VALIDATE] Validating migration for /Users/fareed/Documents/dev/go/bkpdir/docs/extract-007-final-analysis.md
[2025-07-13 15:40:52] [SUCCESS] Found       10 semantic tokens in /Users/fareed/Documents/dev/go/bkpdir/docs/extract-007-final-analysis.md
[2025-07-13 15:40:52] [VALIDATE] Validating migration for /Users/fareed/Documents/dev/go/bkpdir/docs/unicode-migration-phase2-subtask2-token-implementation-plan.md
[2025-07-13 15:40:52] [SUCCESS] Found        8 semantic tokens in /Users/fareed/Documents/dev/go/bkpdir/docs/unicode-migration-phase2-subtask2-token-implementation-plan.md
[2025-07-13 15:40:52] [VALIDATE] Validating migration for /Users/fareed/Documents/dev/go/bkpdir/docs/unicode-migration-phase2-subtask3-token-implementation.md
[2025-07-13 15:40:52] [SUCCESS] Found       35 semantic tokens in /Users/fareed/Documents/dev/go/bkpdir/docs/unicode-migration-phase2-subtask3-token-implementation.md
[2025-07-13 15:40:52] [VALIDATE] Validating migration for /Users/fareed/Documents/dev/go/bkpdir/docs/coverage-baseline.md
[2025-07-13 15:40:52] [VALIDATE] Validating migration for /Users/fareed/Documents/dev/go/bkpdir/docs/DOC-014-subtask-5-working-plan.md
[2025-07-13 15:40:52] [SUCCESS] Found        8 semantic tokens in /Users/fareed/Documents/dev/go/bkpdir/docs/DOC-014-subtask-5-working-plan.md
[2025-07-13 15:40:52] [VALIDATE] Validating migration for /Users/fareed/Documents/dev/go/bkpdir/docs/unicode-migration-phase2-subtask1-missing-token-inventory.md
[2025-07-13 15:40:52] [SUCCESS] Found        5 semantic tokens in /Users/fareed/Documents/dev/go/bkpdir/docs/unicode-migration-phase2-subtask1-missing-token-inventory.md
[2025-07-13 15:40:52] [VALIDATE] Validating migration for /Users/fareed/Documents/dev/go/bkpdir/docs/examples/basic-cli-app/config.yaml
[2025-07-13 15:40:52] [SUCCESS] Found        1 semantic tokens in /Users/fareed/Documents/dev/go/bkpdir/docs/examples/basic-cli-app/config.yaml
[2025-07-13 15:40:52] [VALIDATE] Validating migration for /Users/fareed/Documents/dev/go/bkpdir/docs/examples/basic-cli-app/README.md
[2025-07-13 15:40:52] [SUCCESS] Found        1 semantic tokens in /Users/fareed/Documents/dev/go/bkpdir/docs/examples/basic-cli-app/README.md
[2025-07-13 15:40:52] [VALIDATE] Validating migration for /Users/fareed/Documents/dev/go/bkpdir/docs/examples/basic-cli-app/example-code/main.go
[2025-07-13 15:40:52] [VALIDATE] Validating migration for /Users/fareed/Documents/dev/go/bkpdir/docs/examples/README.md
[2025-07-13 15:40:52] [SUCCESS] Found        1 semantic tokens in /Users/fareed/Documents/dev/go/bkpdir/docs/examples/README.md
[2025-07-13 15:40:52] [VALIDATE] Validating migration for /Users/fareed/Documents/dev/go/bkpdir/docs/integration-documentation-working-plan.md
[2025-07-13 15:40:52] [ERROR] Found        4 remaining Unicode icons in /Users/fareed/Documents/dev/go/bkpdir/docs/integration-documentation-working-plan.md
[2025-07-13 15:40:52] [SUCCESS] Found       12 semantic tokens in /Users/fareed/Documents/dev/go/bkpdir/docs/integration-documentation-working-plan.md
[2025-07-13 15:40:52] [VALIDATE] Validating migration for /Users/fareed/Documents/dev/go/bkpdir/docs/configuration-examples.md
[2025-07-13 15:40:53] [SUCCESS] Found       10 semantic tokens in /Users/fareed/Documents/dev/go/bkpdir/docs/configuration-examples.md
[2025-07-13 15:40:53] [VALIDATE] Validating migration for /Users/fareed/Documents/dev/go/bkpdir/docs/ai-first-token-system-proposal.md
[2025-07-13 15:40:53] [SUCCESS] Found       32 semantic tokens in /Users/fareed/Documents/dev/go/bkpdir/docs/ai-first-token-system-proposal.md
[2025-07-13 15:40:53] [VALIDATE] Validating migration for /Users/fareed/Documents/dev/go/bkpdir/docs/task-config-template-working-plan.md
[2025-07-13 15:40:53] [ERROR] Found        1 remaining Unicode icons in /Users/fareed/Documents/dev/go/bkpdir/docs/task-config-template-working-plan.md
[2025-07-13 15:40:53] [SUCCESS] Found        6 semantic tokens in /Users/fareed/Documents/dev/go/bkpdir/docs/task-config-template-working-plan.md
[2025-07-13 15:40:53] [VALIDATE] Validating migration for /Users/fareed/Documents/dev/go/bkpdir/docs/extract-008-cli-template-plan.md
[2025-07-13 15:40:53] [ERROR] Found        3 remaining Unicode icons in /Users/fareed/Documents/dev/go/bkpdir/docs/extract-008-cli-template-plan.md
[2025-07-13 15:40:53] [SUCCESS] Found       11 semantic tokens in /Users/fareed/Documents/dev/go/bkpdir/docs/extract-008-cli-template-plan.md
[2025-07-13 15:40:53] [VALIDATE] Validating migration for /Users/fareed/Documents/dev/go/bkpdir/docs/prompts/fix.md
[2025-07-13 15:40:53] [VALIDATE] Validating migration for /Users/fareed/Documents/dev/go/bkpdir/docs/prompts/document-completed-task.md
[2025-07-13 15:40:53] [VALIDATE] Validating migration for /Users/fareed/Documents/dev/go/bkpdir/docs/prompts/repetition.md
[2025-07-13 15:40:53] [VALIDATE] Validating migration for /Users/fareed/Documents/dev/go/bkpdir/docs/prompts/import-bkpfile.md
[2025-07-13 15:40:53] [VALIDATE] Validating migration for /Users/fareed/Documents/dev/go/bkpdir/docs/prompts/context-documents.md
[2025-07-13 15:40:53] [VALIDATE] Validating migration for /Users/fareed/Documents/dev/go/bkpdir/docs/prompts/next-task.md
[2025-07-13 15:40:53] [ERROR] Found        1 remaining Unicode icons in /Users/fareed/Documents/dev/go/bkpdir/docs/prompts/next-task.md
[2025-07-13 15:40:53] [SUCCESS] Found        2 semantic tokens in /Users/fareed/Documents/dev/go/bkpdir/docs/prompts/next-task.md
[2025-07-13 15:40:53] [VALIDATE] Validating migration for /Users/fareed/Documents/dev/go/bkpdir/docs/prompts/adhoc-new-task.md
[2025-07-13 15:40:53] [VALIDATE] Validating migration for /Users/fareed/Documents/dev/go/bkpdir/docs/prompts/add-task.md
[2025-07-13 15:40:53] [VALIDATE] Validating migration for /Users/fareed/Documents/dev/go/bkpdir/docs/prompts/existing-task.md
[2025-07-13 15:40:53] [VALIDATE] Validating migration for /Users/fareed/Documents/dev/go/bkpdir/docs/prompts/features.md
[2025-07-13 15:40:53] [ERROR] Found        2 remaining Unicode icons in /Users/fareed/Documents/dev/go/bkpdir/docs/prompts/features.md
[2025-07-13 15:40:53] [SUCCESS] Found        6 semantic tokens in /Users/fareed/Documents/dev/go/bkpdir/docs/prompts/features.md
[2025-07-13 15:40:53] [VALIDATE] Validating migration for /Users/fareed/Documents/dev/go/bkpdir/docs/prompts/format-strings.md
[2025-07-13 15:40:53] [VALIDATE] Validating migration for /Users/fareed/Documents/dev/go/bkpdir/docs/prompts/continue-task.md
[2025-07-13 15:40:53] [VALIDATE] Validating migration for /Users/fareed/Documents/dev/go/bkpdir/docs/extract-008-subtask-2-completion.md
[2025-07-13 15:40:53] [ERROR] Found        1 remaining Unicode icons in /Users/fareed/Documents/dev/go/bkpdir/docs/extract-008-subtask-2-completion.md
[2025-07-13 15:40:53] [SUCCESS] Found       24 semantic tokens in /Users/fareed/Documents/dev/go/bkpdir/docs/extract-008-subtask-2-completion.md
[2025-07-13 15:40:53] [VALIDATE] Validating migration for /Users/fareed/Documents/dev/go/bkpdir/docs/tutorials/advanced-patterns.md
[2025-07-13 15:40:53] [ERROR] Found        1 remaining Unicode icons in /Users/fareed/Documents/dev/go/bkpdir/docs/tutorials/advanced-patterns.md
[2025-07-13 15:40:53] [SUCCESS] Found       17 semantic tokens in /Users/fareed/Documents/dev/go/bkpdir/docs/tutorials/advanced-patterns.md
[2025-07-13 15:40:53] [VALIDATE] Validating migration for /Users/fareed/Documents/dev/go/bkpdir/docs/tutorials/troubleshooting.md
[2025-07-13 15:40:53] [SUCCESS] Found       14 semantic tokens in /Users/fareed/Documents/dev/go/bkpdir/docs/tutorials/troubleshooting.md
[2025-07-13 15:40:53] [VALIDATE] Validating migration for /Users/fareed/Documents/dev/go/bkpdir/docs/tutorials/getting-started.md
[2025-07-13 15:40:53] [ERROR] Found        1 remaining Unicode icons in /Users/fareed/Documents/dev/go/bkpdir/docs/tutorials/getting-started.md
[2025-07-13 15:40:53] [SUCCESS] Found       10 semantic tokens in /Users/fareed/Documents/dev/go/bkpdir/docs/tutorials/getting-started.md
[2025-07-13 15:40:53] [VALIDATE] Validating migration for /Users/fareed/Documents/dev/go/bkpdir/docs/semantic-token-migration-completion-report.md
[2025-07-13 15:40:53] [SUCCESS] Found       24 semantic tokens in /Users/fareed/Documents/dev/go/bkpdir/docs/semantic-token-migration-completion-report.md
[2025-07-13 15:40:53] [VALIDATE] Validating migration for /Users/fareed/Documents/dev/go/bkpdir/docs/configuration-inheritance.md
[2025-07-13 15:40:53] [VALIDATE] Validating migration for /Users/fareed/Documents/dev/go/bkpdir/docs/extract-007-working-plan.md
[2025-07-13 15:40:53] [ERROR] Found        1 remaining Unicode icons in /Users/fareed/Documents/dev/go/bkpdir/docs/extract-007-working-plan.md
[2025-07-13 15:40:53] [SUCCESS] Found        2 semantic tokens in /Users/fareed/Documents/dev/go/bkpdir/docs/extract-007-working-plan.md
[2025-07-13 15:40:53] [VALIDATE] Validating migration for /Users/fareed/Documents/dev/go/bkpdir/docs/DOC-014-quick-start-guide.md
[2025-07-13 15:40:53] [VALIDATE] Validating migration for /Users/fareed/Documents/dev/go/bkpdir/docs/DOC-011-implementation-summary.md
[2025-07-13 15:40:53] [ERROR] Found        1 remaining Unicode icons in /Users/fareed/Documents/dev/go/bkpdir/docs/DOC-011-implementation-summary.md
[2025-07-13 15:40:53] [SUCCESS] Found       11 semantic tokens in /Users/fareed/Documents/dev/go/bkpdir/docs/DOC-011-implementation-summary.md
[2025-07-13 15:40:53] [VALIDATE] Validating migration for /Users/fareed/Documents/dev/go/bkpdir/docs/unicode-migration-audit-report-phase1-subtask4.md
[2025-07-13 15:40:53] [SUCCESS] Found        4 semantic tokens in /Users/fareed/Documents/dev/go/bkpdir/docs/unicode-migration-audit-report-phase1-subtask4.md
[2025-07-13 15:40:53] [VALIDATE] Validating migration for /Users/fareed/Documents/dev/go/bkpdir/docs/semantic-token-migration-phase2f-summary.md
[2025-07-13 15:40:53] [ERROR] Found        1 remaining Unicode icons in /Users/fareed/Documents/dev/go/bkpdir/docs/semantic-token-migration-phase2f-summary.md
[2025-07-13 15:40:53] [SUCCESS] Found       29 semantic tokens in /Users/fareed/Documents/dev/go/bkpdir/docs/semantic-token-migration-phase2f-summary.md
[2025-07-13 15:40:53] [VALIDATE] Validating migration for /Users/fareed/Documents/dev/go/bkpdir/docs/system-comparison-analysis.md
[2025-07-13 15:40:53] [ERROR] Found        2 remaining Unicode icons in /Users/fareed/Documents/dev/go/bkpdir/docs/system-comparison-analysis.md
[2025-07-13 15:40:53] [SUCCESS] Found       19 semantic tokens in /Users/fareed/Documents/dev/go/bkpdir/docs/system-comparison-analysis.md
[2025-07-13 15:40:53] [VALIDATE] Validating migration for /Users/fareed/Documents/dev/go/bkpdir/docs/package-interdependency-mapping.md
[2025-07-13 15:40:53] [ERROR] Found        3 remaining Unicode icons in /Users/fareed/Documents/dev/go/bkpdir/docs/package-interdependency-mapping.md
[2025-07-13 15:40:53] [SUCCESS] Found       43 semantic tokens in /Users/fareed/Documents/dev/go/bkpdir/docs/package-interdependency-mapping.md
[2025-07-13 15:40:53] [VALIDATE] Validating migration for /Users/fareed/Documents/dev/go/bkpdir/docs/unicode-migration-week4-core-files-plan.md
[2025-07-13 15:40:53] [SUCCESS] Found       39 semantic tokens in /Users/fareed/Documents/dev/go/bkpdir/docs/unicode-migration-week4-core-files-plan.md
[2025-07-13 15:40:53] [VALIDATE] Validating migration for /Users/fareed/Documents/dev/go/bkpdir/docs/unicode-migration-phase2-subtask2-token-creation-strategy.md
[2025-07-13 15:40:53] [SUCCESS] Found       18 semantic tokens in /Users/fareed/Documents/dev/go/bkpdir/docs/unicode-migration-phase2-subtask2-token-creation-strategy.md
[2025-07-13 15:40:53] [VALIDATE] Validating migration for /Users/fareed/Documents/dev/go/bkpdir/docs/unicode-migration-phase2-critical-tokens-completion-summary.md
[2025-07-13 15:40:53] [SUCCESS] Found       34 semantic tokens in /Users/fareed/Documents/dev/go/bkpdir/docs/unicode-migration-phase2-critical-tokens-completion-summary.md
[2025-07-13 15:40:53] [VALIDATE] Validating migration for /Users/fareed/Documents/dev/go/bkpdir/docs/unicode-migration-audit-report-phase1-subtask1.md
[2025-07-13 15:40:53] [SUCCESS] Found        4 semantic tokens in /Users/fareed/Documents/dev/go/bkpdir/docs/unicode-migration-audit-report-phase1-subtask1.md
[2025-07-13 15:40:53] [VALIDATE] Validating migration for /Users/fareed/Documents/dev/go/bkpdir/README.md
[2025-07-13 15:40:53] [SUCCESS] Found       15 semantic tokens in /Users/fareed/Documents/dev/go/bkpdir/README.md
[2025-07-13 15:40:53] [VALIDATE] Validating migration for /Users/fareed/Documents/dev/go/bkpdir/archive.go
[2025-07-13 15:40:53] [SUCCESS] Found        2 semantic tokens in /Users/fareed/Documents/dev/go/bkpdir/archive.go
[2025-07-13 15:40:53] [VALIDATE] Validating migration for /Users/fareed/Documents/dev/go/bkpdir/CFG-006-subtask-7-completion-summary.md
[2025-07-13 15:40:53] [SUCCESS] Found        5 semantic tokens in /Users/fareed/Documents/dev/go/bkpdir/CFG-006-subtask-7-completion-summary.md
[2025-07-13 15:40:53] [VALIDATE] Validating migration for /Users/fareed/Documents/dev/go/bkpdir/working-plan-extract-009.md
[2025-07-13 15:40:53] [ERROR] Found       12 remaining Unicode icons in /Users/fareed/Documents/dev/go/bkpdir/working-plan-extract-009.md
[2025-07-13 15:40:53] [SUCCESS] Found       14 semantic tokens in /Users/fareed/Documents/dev/go/bkpdir/working-plan-extract-009.md
[2025-07-13 15:40:53] [VALIDATE] Validating migration for /Users/fareed/Documents/dev/go/bkpdir/file_stats_test.go
[2025-07-13 15:40:53] [VALIDATE] Validating migration for /Users/fareed/Documents/dev/go/bkpdir/task-analysis-and-plan.md
[2025-07-13 15:40:53] [SUCCESS] Found        4 semantic tokens in /Users/fareed/Documents/dev/go/bkpdir/task-analysis-and-plan.md
[2025-07-13 15:40:53] [VALIDATE] Validating migration for /Users/fareed/Documents/dev/go/bkpdir/working-plan-extract-008.md
[2025-07-13 15:40:53] [VALIDATE] Validating migration for /Users/fareed/Documents/dev/go/bkpdir/exclude.go
[2025-07-13 15:40:53] [SUCCESS] Found        3 semantic tokens in /Users/fareed/Documents/dev/go/bkpdir/exclude.go
[2025-07-13 15:40:53] [VALIDATE] Validating migration for /Users/fareed/Documents/dev/go/bkpdir/config_adapter.go
[2025-07-13 15:40:53] [SUCCESS] Found        2 semantic tokens in /Users/fareed/Documents/dev/go/bkpdir/config_adapter.go
[2025-07-13 15:40:53] [VALIDATE] Validating migration for /Users/fareed/Documents/dev/go/bkpdir/file_stats.go
[2025-07-13 15:40:53] [SUCCESS] Found        2 semantic tokens in /Users/fareed/Documents/dev/go/bkpdir/file_stats.go
[2025-07-13 15:40:53] [VALIDATE] Validating migration for /Users/fareed/Documents/dev/go/bkpdir/test-dir/.bkpdir.yml
[2025-07-13 15:40:53] [VALIDATE] Validating migration for /Users/fareed/Documents/dev/go/bkpdir/comparison.go
[2025-07-13 15:40:53] [SUCCESS] Found        3 semantic tokens in /Users/fareed/Documents/dev/go/bkpdir/comparison.go
[2025-07-13 15:40:53] [VALIDATE] Validating migration for /Users/fareed/Documents/dev/go/bkpdir/verify_test.go
[2025-07-13 15:40:53] [SUCCESS] Found        2 semantic tokens in /Users/fareed/Documents/dev/go/bkpdir/verify_test.go
[2025-07-13 15:40:53] [VALIDATE] Validating migration for /Users/fareed/Documents/dev/go/bkpdir/DOC-014-subtask-4-working-plan.md
[2025-07-13 15:40:53] [SUCCESS] Found       22 semantic tokens in /Users/fareed/Documents/dev/go/bkpdir/DOC-014-subtask-4-working-plan.md
[2025-07-13 15:40:53] [VALIDATE] Validating migration for /Users/fareed/Documents/dev/go/bkpdir/refactoring-validation-report.md
[2025-07-13 15:40:53] [ERROR] Found        3 remaining Unicode icons in /Users/fareed/Documents/dev/go/bkpdir/refactoring-validation-report.md
[2025-07-13 15:40:53] [SUCCESS] Found       16 semantic tokens in /Users/fareed/Documents/dev/go/bkpdir/refactoring-validation-report.md
[2025-07-13 15:40:53] [VALIDATE] Validating migration for /Users/fareed/Documents/dev/go/bkpdir/config_interfaces.go
[2025-07-13 15:40:53] [SUCCESS] Found        2 semantic tokens in /Users/fareed/Documents/dev/go/bkpdir/config_interfaces.go
[2025-07-13 15:40:53] [VALIDATE] Validating migration for /Users/fareed/Documents/dev/go/bkpdir/working-plan-remove-backup-command.md
[2025-07-13 15:40:53] [ERROR] Found        7 remaining Unicode icons in /Users/fareed/Documents/dev/go/bkpdir/working-plan-remove-backup-command.md
[2025-07-13 15:40:53] [SUCCESS] Found       13 semantic tokens in /Users/fareed/Documents/dev/go/bkpdir/working-plan-remove-backup-command.md
[2025-07-13 15:40:53] [VALIDATE] Validating migration for /Users/fareed/Documents/dev/go/bkpdir/config_test.go
[2025-07-13 15:40:53] [SUCCESS] Found        3 semantic tokens in /Users/fareed/Documents/dev/go/bkpdir/config_test.go
[2025-07-13 15:40:53] [VALIDATE] Validating migration for /Users/fareed/Documents/dev/go/bkpdir/backup-semantic-tokens-20250713-153809/project-tokens.yaml
[2025-07-13 15:40:53] [SUCCESS] Found       27 semantic tokens in /Users/fareed/Documents/dev/go/bkpdir/backup-semantic-tokens-20250713-153809/project-tokens.yaml
[2025-07-13 15:40:53] [VALIDATE] Validating migration for /Users/fareed/Documents/dev/go/bkpdir/backup-semantic-tokens-20250713-153809/ai_validation.go
[2025-07-13 15:40:54] [SUCCESS] Found        4 semantic tokens in /Users/fareed/Documents/dev/go/bkpdir/backup-semantic-tokens-20250713-153809/ai_validation.go
[2025-07-13 15:40:54] [VALIDATE] Validating migration for /Users/fareed/Documents/dev/go/bkpdir/backup-semantic-tokens-20250713-153809/extract-007-task-completion-final.md
[2025-07-13 15:40:54] [SUCCESS] Found        4 semantic tokens in /Users/fareed/Documents/dev/go/bkpdir/backup-semantic-tokens-20250713-153809/extract-007-task-completion-final.md
[2025-07-13 15:40:54] [VALIDATE] Validating migration for /Users/fareed/Documents/dev/go/bkpdir/backup-semantic-tokens-20250713-153809/decision_scenarios_test.go
[2025-07-13 15:40:54] [SUCCESS] Found        4 semantic tokens in /Users/fareed/Documents/dev/go/bkpdir/backup-semantic-tokens-20250713-153809/decision_scenarios_test.go
[2025-07-13 15:40:54] [VALIDATE] Validating migration for /Users/fareed/Documents/dev/go/bkpdir/backup-semantic-tokens-20250713-153809/decision-framework-training-examples.md
[2025-07-13 15:40:54] [ERROR] Found        2 remaining Unicode icons in /Users/fareed/Documents/dev/go/bkpdir/backup-semantic-tokens-20250713-153809/decision-framework-training-examples.md
[2025-07-13 15:40:54] [SUCCESS] Found       27 semantic tokens in /Users/fareed/Documents/dev/go/bkpdir/backup-semantic-tokens-20250713-153809/decision-framework-training-examples.md
[2025-07-13 15:40:54] [VALIDATE] Validating migration for /Users/fareed/Documents/dev/go/bkpdir/backup-semantic-tokens-20250713-153809/specification.md
[2025-07-13 15:40:54] [ERROR] Found        2 remaining Unicode icons in /Users/fareed/Documents/dev/go/bkpdir/backup-semantic-tokens-20250713-153809/specification.md
[2025-07-13 15:40:54] [SUCCESS] Found       24 semantic tokens in /Users/fareed/Documents/dev/go/bkpdir/backup-semantic-tokens-20250713-153809/specification.md
[2025-07-13 15:40:54] [VALIDATE] Validating migration for /Users/fareed/Documents/dev/go/bkpdir/backup-semantic-tokens-20250713-153809/ai-assistant-optimization-tasks.md
[2025-07-13 15:40:54] [SUCCESS] Found       31 semantic tokens in /Users/fareed/Documents/dev/go/bkpdir/backup-semantic-tokens-20250713-153809/ai-assistant-optimization-tasks.md
[2025-07-13 15:40:54] [VALIDATE] Validating migration for /Users/fareed/Documents/dev/go/bkpdir/backup-semantic-tokens-20250713-153809/DOC-014-subtask-6-working-plan.md
[2025-07-13 15:40:54] [SUCCESS] Found        8 semantic tokens in /Users/fareed/Documents/dev/go/bkpdir/backup-semantic-tokens-20250713-153809/DOC-014-subtask-6-working-plan.md
[2025-07-13 15:40:54] [VALIDATE] Validating migration for /Users/fareed/Documents/dev/go/bkpdir/backup-semantic-tokens-20250713-153809/enhanced-token-migration-strategy.md
[2025-07-13 15:40:54] [SUCCESS] Found       41 semantic tokens in /Users/fareed/Documents/dev/go/bkpdir/backup-semantic-tokens-20250713-153809/enhanced-token-migration-strategy.md
[2025-07-13 15:40:54] [VALIDATE] Validating migration for /Users/fareed/Documents/dev/go/bkpdir/backup-semantic-tokens-20250713-153809/unicode-migration-phase2-subtask2-test-layer-progress.md
[2025-07-13 15:40:54] [ERROR] Found        3 remaining Unicode icons in /Users/fareed/Documents/dev/go/bkpdir/backup-semantic-tokens-20250713-153809/unicode-migration-phase2-subtask2-test-layer-progress.md
[2025-07-13 15:40:54] [SUCCESS] Found        1 semantic tokens in /Users/fareed/Documents/dev/go/bkpdir/backup-semantic-tokens-20250713-153809/unicode-migration-phase2-subtask2-test-layer-progress.md
[2025-07-13 15:40:54] [VALIDATE] Validating migration for /Users/fareed/Documents/dev/go/bkpdir/backup-semantic-tokens-20250713-153809/ai-documentation-templates.md
[2025-07-13 15:40:54] [ERROR] Found        6 remaining Unicode icons in /Users/fareed/Documents/dev/go/bkpdir/backup-semantic-tokens-20250713-153809/ai-documentation-templates.md
[2025-07-13 15:40:54] [SUCCESS] Found       78 semantic tokens in /Users/fareed/Documents/dev/go/bkpdir/backup-semantic-tokens-20250713-153809/ai-documentation-templates.md
[2025-07-13 15:40:54] [VALIDATE] Validating migration for /Users/fareed/Documents/dev/go/bkpdir/backup-semantic-tokens-20250713-153809/create.go
[2025-07-13 15:40:54] [ERROR] Found        1 remaining Unicode icons in /Users/fareed/Documents/dev/go/bkpdir/backup-semantic-tokens-20250713-153809/create.go
[2025-07-13 15:40:54] [VALIDATE] Validating migration for /Users/fareed/Documents/dev/go/bkpdir/backup-semantic-tokens-20250713-153809/source-code-icon-guidelines.md
[2025-07-13 15:40:54] [ERROR] Found       20 remaining Unicode icons in /Users/fareed/Documents/dev/go/bkpdir/backup-semantic-tokens-20250713-153809/source-code-icon-guidelines.md
[2025-07-13 15:40:54] [SUCCESS] Found      135 semantic tokens in /Users/fareed/Documents/dev/go/bkpdir/backup-semantic-tokens-20250713-153809/source-code-icon-guidelines.md
[2025-07-13 15:40:54] [VALIDATE] Validating migration for /Users/fareed/Documents/dev/go/bkpdir/backup-semantic-tokens-20250713-153809/requirements.md
[2025-07-13 15:40:54] [SUCCESS] Found       10 semantic tokens in /Users/fareed/Documents/dev/go/bkpdir/backup-semantic-tokens-20250713-153809/requirements.md
[2025-07-13 15:40:54] [VALIDATE] Validating migration for /Users/fareed/Documents/dev/go/bkpdir/backup-semantic-tokens-20250713-153809/ai-first-token-system-comprehensive.md
[2025-07-13 15:40:54] [SUCCESS] Found       68 semantic tokens in /Users/fareed/Documents/dev/go/bkpdir/backup-semantic-tokens-20250713-153809/ai-first-token-system-comprehensive.md
[2025-07-13 15:40:54] [VALIDATE] Validating migration for /Users/fareed/Documents/dev/go/bkpdir/backup-semantic-tokens-20250713-153809/enhanced-token-syntax-specification.md
[2025-07-13 15:40:54] [ERROR] Found        1 remaining Unicode icons in /Users/fareed/Documents/dev/go/bkpdir/backup-semantic-tokens-20250713-153809/enhanced-token-syntax-specification.md
[2025-07-13 15:40:54] [SUCCESS] Found       67 semantic tokens in /Users/fareed/Documents/dev/go/bkpdir/backup-semantic-tokens-20250713-153809/enhanced-token-syntax-specification.md
[2025-07-13 15:40:54] [VALIDATE] Validating migration for /Users/fareed/Documents/dev/go/bkpdir/backup-semantic-tokens-20250713-153809/unicode-migration-phase2-subtask2-code-layer-progress.md
[2025-07-13 15:40:54] [ERROR] Found        3 remaining Unicode icons in /Users/fareed/Documents/dev/go/bkpdir/backup-semantic-tokens-20250713-153809/unicode-migration-phase2-subtask2-code-layer-progress.md
[2025-07-13 15:40:54] [SUCCESS] Found        1 semantic tokens in /Users/fareed/Documents/dev/go/bkpdir/backup-semantic-tokens-20250713-153809/unicode-migration-phase2-subtask2-code-layer-progress.md
[2025-07-13 15:40:54] [VALIDATE] Validating migration for /Users/fareed/Documents/dev/go/bkpdir/backup-semantic-tokens-20250713-153809/architecture.md
[2025-07-13 15:40:54] [ERROR] Found        3 remaining Unicode icons in /Users/fareed/Documents/dev/go/bkpdir/backup-semantic-tokens-20250713-153809/architecture.md
[2025-07-13 15:40:54] [SUCCESS] Found       73 semantic tokens in /Users/fareed/Documents/dev/go/bkpdir/backup-semantic-tokens-20250713-153809/architecture.md
[2025-07-13 15:40:54] [VALIDATE] Validating migration for /Users/fareed/Documents/dev/go/bkpdir/backup-semantic-tokens-20250713-153809/default.yml
[2025-07-13 15:40:54] [SUCCESS] Found        1 semantic tokens in /Users/fareed/Documents/dev/go/bkpdir/backup-semantic-tokens-20250713-153809/default.yml
[2025-07-13 15:40:54] [VALIDATE] Validating migration for /Users/fareed/Documents/dev/go/bkpdir/backup-semantic-tokens-20250713-153809/DOC-010-implementation-summary.md
[2025-07-13 15:40:54] [SUCCESS] Found       46 semantic tokens in /Users/fareed/Documents/dev/go/bkpdir/backup-semantic-tokens-20250713-153809/DOC-010-implementation-summary.md
[2025-07-13 15:40:54] [VALIDATE] Validating migration for /Users/fareed/Documents/dev/go/bkpdir/backup-semantic-tokens-20250713-153809/ai-first-formatter-refactoring-plan.md
[2025-07-13 15:40:54] [SUCCESS] Found       28 semantic tokens in /Users/fareed/Documents/dev/go/bkpdir/backup-semantic-tokens-20250713-153809/ai-first-formatter-refactoring-plan.md
[2025-07-13 15:40:54] [VALIDATE] Validating migration for /Users/fareed/Documents/dev/go/bkpdir/backup-semantic-tokens-20250713-153809/binary-installation-instructions-working-plan.md
[2025-07-13 15:40:54] [SUCCESS] Found        3 semantic tokens in /Users/fareed/Documents/dev/go/bkpdir/backup-semantic-tokens-20250713-153809/binary-installation-instructions-working-plan.md
[2025-07-13 15:40:54] [VALIDATE] Validating migration for /Users/fareed/Documents/dev/go/bkpdir/backup-semantic-tokens-20250713-153809/DOC-012-completion-report.md
[2025-07-13 15:40:54] [ERROR] Found        1 remaining Unicode icons in /Users/fareed/Documents/dev/go/bkpdir/backup-semantic-tokens-20250713-153809/DOC-012-completion-report.md
[2025-07-13 15:40:54] [SUCCESS] Found        2 semantic tokens in /Users/fareed/Documents/dev/go/bkpdir/backup-semantic-tokens-20250713-153809/DOC-012-completion-report.md
[2025-07-13 15:40:54] [VALIDATE] Validating migration for /Users/fareed/Documents/dev/go/bkpdir/backup-semantic-tokens-20250713-153809/validation_performance_test.go
[2025-07-13 15:40:54] [ERROR] Found        4 remaining Unicode icons in /Users/fareed/Documents/dev/go/bkpdir/backup-semantic-tokens-20250713-153809/validation_performance_test.go
[2025-07-13 15:40:54] [VALIDATE] Validating migration for /Users/fareed/Documents/dev/go/bkpdir/backup-semantic-tokens-20250713-153809/refactoring_validation_test.go
[2025-07-13 15:40:54] [ERROR] Found       12 remaining Unicode icons in /Users/fareed/Documents/dev/go/bkpdir/backup-semantic-tokens-20250713-153809/refactoring_validation_test.go
[2025-07-13 15:40:54] [SUCCESS] Found        1 semantic tokens in /Users/fareed/Documents/dev/go/bkpdir/backup-semantic-tokens-20250713-153809/refactoring_validation_test.go
[2025-07-13 15:40:54] [VALIDATE] Validating migration for /Users/fareed/Documents/dev/go/bkpdir/backup-semantic-tokens-20250713-153809/decision_metrics_test.go
[2025-07-13 15:40:54] [ERROR] Found        1 remaining Unicode icons in /Users/fareed/Documents/dev/go/bkpdir/backup-semantic-tokens-20250713-153809/decision_metrics_test.go
[2025-07-13 15:40:54] [VALIDATE] Validating migration for /Users/fareed/Documents/dev/go/bkpdir/backup-semantic-tokens-20250713-153809/AI-First-Development-Procedure-Complete-Guide.md
[2025-07-13 15:40:54] [ERROR] Found        5 remaining Unicode icons in /Users/fareed/Documents/dev/go/bkpdir/backup-semantic-tokens-20250713-153809/AI-First-Development-Procedure-Complete-Guide.md
[2025-07-13 15:40:54] [SUCCESS] Found       58 semantic tokens in /Users/fareed/Documents/dev/go/bkpdir/backup-semantic-tokens-20250713-153809/AI-First-Development-Procedure-Complete-Guide.md
[2025-07-13 15:40:54] [VALIDATE] Validating migration for /Users/fareed/Documents/dev/go/bkpdir/backup-semantic-tokens-20250713-153809/configuration-troubleshooting.md
[2025-07-13 15:40:54] [ERROR] Found        3 remaining Unicode icons in /Users/fareed/Documents/dev/go/bkpdir/backup-semantic-tokens-20250713-153809/configuration-troubleshooting.md
[2025-07-13 15:40:54] [SUCCESS] Found        6 semantic tokens in /Users/fareed/Documents/dev/go/bkpdir/backup-semantic-tokens-20250713-153809/configuration-troubleshooting.md
[2025-07-13 15:40:54] [VALIDATE] Validating migration for /Users/fareed/Documents/dev/go/bkpdir/backup-semantic-tokens-20250713-153809/realtime_validator.go
[2025-07-13 15:40:54] [ERROR] Found        1 remaining Unicode icons in /Users/fareed/Documents/dev/go/bkpdir/backup-semantic-tokens-20250713-153809/realtime_validator.go
[2025-07-13 15:40:54] [SUCCESS] Found       13 semantic tokens in /Users/fareed/Documents/dev/go/bkpdir/backup-semantic-tokens-20250713-153809/realtime_validator.go
[2025-07-13 15:40:54] [VALIDATE] Validating migration for /Users/fareed/Documents/dev/go/bkpdir/backup-semantic-tokens-20250713-153809/working-plan-extract-010.md
[2025-07-13 15:40:54] [ERROR] Found        8 remaining Unicode icons in /Users/fareed/Documents/dev/go/bkpdir/backup-semantic-tokens-20250713-153809/working-plan-extract-010.md
[2025-07-13 15:40:54] [SUCCESS] Found       16 semantic tokens in /Users/fareed/Documents/dev/go/bkpdir/backup-semantic-tokens-20250713-153809/working-plan-extract-010.md
[2025-07-13 15:40:54] [VALIDATE] Validating migration for /Users/fareed/Documents/dev/go/bkpdir/backup-semantic-tokens-20250713-153809/unicode-migration-phase1-completion-summary.md
[2025-07-13 15:40:54] [SUCCESS] Found        6 semantic tokens in /Users/fareed/Documents/dev/go/bkpdir/backup-semantic-tokens-20250713-153809/unicode-migration-phase1-completion-summary.md
[2025-07-13 15:40:54] [VALIDATE] Validating migration for /Users/fareed/Documents/dev/go/bkpdir/backup-semantic-tokens-20250713-153809/ai-decision-framework.md
[2025-07-13 15:40:54] [ERROR] Found        9 remaining Unicode icons in /Users/fareed/Documents/dev/go/bkpdir/backup-semantic-tokens-20250713-153809/ai-decision-framework.md
[2025-07-13 15:40:54] [SUCCESS] Found       44 semantic tokens in /Users/fareed/Documents/dev/go/bkpdir/backup-semantic-tokens-20250713-153809/ai-decision-framework.md
[2025-07-13 15:40:54] [VALIDATE] Validating migration for /Users/fareed/Documents/dev/go/bkpdir/backup-semantic-tokens-20250713-153809/advanced-patterns.md
[2025-07-13 15:40:54] [ERROR] Found        1 remaining Unicode icons in /Users/fareed/Documents/dev/go/bkpdir/backup-semantic-tokens-20250713-153809/advanced-patterns.md
[2025-07-13 15:40:54] [SUCCESS] Found       17 semantic tokens in /Users/fareed/Documents/dev/go/bkpdir/backup-semantic-tokens-20250713-153809/advanced-patterns.md
[2025-07-13 15:40:54] [VALIDATE] Validating migration for /Users/fareed/Documents/dev/go/bkpdir/backup-semantic-tokens-20250713-153809/tiered-performance-testing-strategy.md
[2025-07-13 15:40:54] [SUCCESS] Found        3 semantic tokens in /Users/fareed/Documents/dev/go/bkpdir/backup-semantic-tokens-20250713-153809/tiered-performance-testing-strategy.md
[2025-07-13 15:40:54] [VALIDATE] Validating migration for /Users/fareed/Documents/dev/go/bkpdir/backup-semantic-tokens-20250713-153809/example.yml
[2025-07-13 15:40:54] [SUCCESS] Found        1 semantic tokens in /Users/fareed/Documents/dev/go/bkpdir/backup-semantic-tokens-20250713-153809/example.yml
[2025-07-13 15:40:54] [VALIDATE] Validating migration for /Users/fareed/Documents/dev/go/bkpdir/backup-semantic-tokens-20250713-153809/semantic-token-system-requirements.md
[2025-07-13 15:40:54] [SUCCESS] Found        8 semantic tokens in /Users/fareed/Documents/dev/go/bkpdir/backup-semantic-tokens-20250713-153809/semantic-token-system-requirements.md
[2025-07-13 15:40:54] [VALIDATE] Validating migration for /Users/fareed/Documents/dev/go/bkpdir/backup-semantic-tokens-20250713-153809/ai-assistant-compliance.md
[2025-07-13 15:40:54] [ERROR] Found        6 remaining Unicode icons in /Users/fareed/Documents/dev/go/bkpdir/backup-semantic-tokens-20250713-153809/ai-assistant-compliance.md
[2025-07-13 15:40:54] [SUCCESS] Found       77 semantic tokens in /Users/fareed/Documents/dev/go/bkpdir/backup-semantic-tokens-20250713-153809/ai-assistant-compliance.md
[2025-07-13 15:40:54] [VALIDATE] Validating migration for /Users/fareed/Documents/dev/go/bkpdir/backup-semantic-tokens-20250713-153809/migration-guide.md
[2025-07-13 15:40:54] [ERROR] Found        1 remaining Unicode icons in /Users/fareed/Documents/dev/go/bkpdir/backup-semantic-tokens-20250713-153809/migration-guide.md
[2025-07-13 15:40:54] [SUCCESS] Found       25 semantic tokens in /Users/fareed/Documents/dev/go/bkpdir/backup-semantic-tokens-20250713-153809/migration-guide.md
[2025-07-13 15:40:54] [VALIDATE] Validating migration for /Users/fareed/Documents/dev/go/bkpdir/backup-semantic-tokens-20250713-153809/CFG-006-subtask-7-comprehensive-testing-plan.md
[2025-07-13 15:40:54] [ERROR] Found        1 remaining Unicode icons in /Users/fareed/Documents/dev/go/bkpdir/backup-semantic-tokens-20250713-153809/CFG-006-subtask-7-comprehensive-testing-plan.md
[2025-07-13 15:40:54] [SUCCESS] Found       16 semantic tokens in /Users/fareed/Documents/dev/go/bkpdir/backup-semantic-tokens-20250713-153809/CFG-006-subtask-7-comprehensive-testing-plan.md
[2025-07-13 15:40:54] [VALIDATE] Validating migration for /Users/fareed/Documents/dev/go/bkpdir/backup-semantic-tokens-20250713-153809/troubleshooting.md
[2025-07-13 15:40:54] [SUCCESS] Found       14 semantic tokens in /Users/fareed/Documents/dev/go/bkpdir/backup-semantic-tokens-20250713-153809/troubleshooting.md
[2025-07-13 15:40:54] [VALIDATE] Validating migration for /Users/fareed/Documents/dev/go/bkpdir/backup-semantic-tokens-20250713-153809/CFG-006-performance-optimization-plan.md
[2025-07-13 15:40:54] [ERROR] Found        5 remaining Unicode icons in /Users/fareed/Documents/dev/go/bkpdir/backup-semantic-tokens-20250713-153809/CFG-006-performance-optimization-plan.md
[2025-07-13 15:40:54] [SUCCESS] Found       29 semantic tokens in /Users/fareed/Documents/dev/go/bkpdir/backup-semantic-tokens-20250713-153809/CFG-006-performance-optimization-plan.md
[2025-07-13 15:40:54] [VALIDATE] Validating migration for /Users/fareed/Documents/dev/go/bkpdir/backup-semantic-tokens-20250713-153809/implementation-status.md
[2025-07-13 15:40:54] [ERROR] Found        2 remaining Unicode icons in /Users/fareed/Documents/dev/go/bkpdir/backup-semantic-tokens-20250713-153809/implementation-status.md
[2025-07-13 15:40:54] [VALIDATE] Validating migration for /Users/fareed/Documents/dev/go/bkpdir/backup-semantic-tokens-20250713-153809/ai_error_formatter.go
[2025-07-13 15:40:54] [SUCCESS] Found       17 semantic tokens in /Users/fareed/Documents/dev/go/bkpdir/backup-semantic-tokens-20250713-153809/ai_error_formatter.go
[2025-07-13 15:40:54] [VALIDATE] Validating migration for /Users/fareed/Documents/dev/go/bkpdir/backup-semantic-tokens-20250713-153809/package-reference.md
[2025-07-13 15:40:54] [ERROR] Found        5 remaining Unicode icons in /Users/fareed/Documents/dev/go/bkpdir/backup-semantic-tokens-20250713-153809/package-reference.md
[2025-07-13 15:40:54] [SUCCESS] Found       21 semantic tokens in /Users/fareed/Documents/dev/go/bkpdir/backup-semantic-tokens-20250713-153809/package-reference.md
[2025-07-13 15:40:54] [VALIDATE] Validating migration for /Users/fareed/Documents/dev/go/bkpdir/backup-semantic-tokens-20250713-153809/CFG-005-implementation-plan.md
[2025-07-13 15:40:54] [SUCCESS] Found       27 semantic tokens in /Users/fareed/Documents/dev/go/bkpdir/backup-semantic-tokens-20250713-153809/CFG-005-implementation-plan.md
[2025-07-13 15:40:54] [VALIDATE] Validating migration for /Users/fareed/Documents/dev/go/bkpdir/backup-semantic-tokens-20250713-153809/DOC-014-subtask-6-completion-summary.md
[2025-07-13 15:40:54] [SUCCESS] Found        8 semantic tokens in /Users/fareed/Documents/dev/go/bkpdir/backup-semantic-tokens-20250713-153809/DOC-014-subtask-6-completion-summary.md
[2025-07-13 15:40:54] [VALIDATE] Validating migration for /Users/fareed/Documents/dev/go/bkpdir/backup-semantic-tokens-20250713-153809/compliance_rate_test.go
[2025-07-13 15:40:54] [ERROR] Found        1 remaining Unicode icons in /Users/fareed/Documents/dev/go/bkpdir/backup-semantic-tokens-20250713-153809/compliance_rate_test.go
[2025-07-13 15:40:54] [SUCCESS] Found        1 semantic tokens in /Users/fareed/Documents/dev/go/bkpdir/backup-semantic-tokens-20250713-153809/compliance_rate_test.go
[2025-07-13 15:40:55] [VALIDATE] Validating migration for /Users/fareed/Documents/dev/go/bkpdir/backup-semantic-tokens-20250713-153809/icon-system-proposal.md
[2025-07-13 15:40:55] [ERROR] Found       18 remaining Unicode icons in /Users/fareed/Documents/dev/go/bkpdir/backup-semantic-tokens-20250713-153809/icon-system-proposal.md
[2025-07-13 15:40:55] [SUCCESS] Found       48 semantic tokens in /Users/fareed/Documents/dev/go/bkpdir/backup-semantic-tokens-20250713-153809/icon-system-proposal.md
[2025-07-13 15:40:55] [VALIDATE] Validating migration for /Users/fareed/Documents/dev/go/bkpdir/backup-semantic-tokens-20250713-153809/extract-008-subtask-3-completion.md
[2025-07-13 15:40:55] [SUCCESS] Found       16 semantic tokens in /Users/fareed/Documents/dev/go/bkpdir/backup-semantic-tokens-20250713-153809/extract-008-subtask-3-completion.md
[2025-07-13 15:40:55] [VALIDATE] Validating migration for /Users/fareed/Documents/dev/go/bkpdir/backup-semantic-tokens-20250713-153809/working-plan-package-interdependency-mapping.md
[2025-07-13 15:40:55] [ERROR] Found        1 remaining Unicode icons in /Users/fareed/Documents/dev/go/bkpdir/backup-semantic-tokens-20250713-153809/working-plan-package-interdependency-mapping.md
[2025-07-13 15:40:55] [SUCCESS] Found       15 semantic tokens in /Users/fareed/Documents/dev/go/bkpdir/backup-semantic-tokens-20250713-153809/working-plan-package-interdependency-mapping.md
[2025-07-13 15:40:55] [VALIDATE] Validating migration for /Users/fareed/Documents/dev/go/bkpdir/backup-semantic-tokens-20250713-153809/extract-008-session-summary.md
[2025-07-13 15:40:55] [SUCCESS] Found        2 semantic tokens in /Users/fareed/Documents/dev/go/bkpdir/backup-semantic-tokens-20250713-153809/extract-008-session-summary.md
[2025-07-13 15:40:55] [VALIDATE] Validating migration for /Users/fareed/Documents/dev/go/bkpdir/backup-semantic-tokens-20250713-153809/configuration-inspection-guide.md
[2025-07-13 15:40:55] [SUCCESS] Found        8 semantic tokens in /Users/fareed/Documents/dev/go/bkpdir/backup-semantic-tokens-20250713-153809/configuration-inspection-guide.md
[2025-07-13 15:40:55] [VALIDATE] Validating migration for /Users/fareed/Documents/dev/go/bkpdir/backup-semantic-tokens-20250713-153809/unicode-migration-week3-command-structure-plan.md
[2025-07-13 15:40:55] [SUCCESS] Found       48 semantic tokens in /Users/fareed/Documents/dev/go/bkpdir/backup-semantic-tokens-20250713-153809/unicode-migration-week3-command-structure-plan.md
[2025-07-13 15:40:55] [VALIDATE] Validating migration for /Users/fareed/Documents/dev/go/bkpdir/backup-semantic-tokens-20250713-153809/next-task.md
[2025-07-13 15:40:55] [ERROR] Found        1 remaining Unicode icons in /Users/fareed/Documents/dev/go/bkpdir/backup-semantic-tokens-20250713-153809/next-task.md
[2025-07-13 15:40:55] [SUCCESS] Found        2 semantic tokens in /Users/fareed/Documents/dev/go/bkpdir/backup-semantic-tokens-20250713-153809/next-task.md
[2025-07-13 15:40:55] [VALIDATE] Validating migration for /Users/fareed/Documents/dev/go/bkpdir/backup-semantic-tokens-20250713-153809/config.yaml
[2025-07-13 15:40:55] [SUCCESS] Found        1 semantic tokens in /Users/fareed/Documents/dev/go/bkpdir/backup-semantic-tokens-20250713-153809/config.yaml
[2025-07-13 15:40:55] [VALIDATE] Validating migration for /Users/fareed/Documents/dev/go/bkpdir/backup-semantic-tokens-20250713-153809/analyzer.go
[2025-07-13 15:40:55] [SUCCESS] Found       13 semantic tokens in /Users/fareed/Documents/dev/go/bkpdir/backup-semantic-tokens-20250713-153809/analyzer.go
[2025-07-13 15:40:55] [VALIDATE] Validating migration for /Users/fareed/Documents/dev/go/bkpdir/backup-semantic-tokens-20250713-153809/ai-code-maintenance-standards.md
[2025-07-13 15:40:55] [ERROR] Found        4 remaining Unicode icons in /Users/fareed/Documents/dev/go/bkpdir/backup-semantic-tokens-20250713-153809/ai-code-maintenance-standards.md
[2025-07-13 15:40:55] [SUCCESS] Found      110 semantic tokens in /Users/fareed/Documents/dev/go/bkpdir/backup-semantic-tokens-20250713-153809/ai-code-maintenance-standards.md
[2025-07-13 15:40:55] [VALIDATE] Validating migration for /Users/fareed/Documents/dev/go/bkpdir/backup-semantic-tokens-20250713-153809/icon-usage-analysis.md
[2025-07-13 15:40:55] [ERROR] Found       11 remaining Unicode icons in /Users/fareed/Documents/dev/go/bkpdir/backup-semantic-tokens-20250713-153809/icon-usage-analysis.md
[2025-07-13 15:40:55] [SUCCESS] Found       26 semantic tokens in /Users/fareed/Documents/dev/go/bkpdir/backup-semantic-tokens-20250713-153809/icon-usage-analysis.md
[2025-07-13 15:40:55] [VALIDATE] Validating migration for /Users/fareed/Documents/dev/go/bkpdir/backup-semantic-tokens-20250713-153809/config-schema-abstraction.md
[2025-07-13 15:40:55] [ERROR] Found        2 remaining Unicode icons in /Users/fareed/Documents/dev/go/bkpdir/backup-semantic-tokens-20250713-153809/config-schema-abstraction.md
[2025-07-13 15:40:55] [SUCCESS] Found        9 semantic tokens in /Users/fareed/Documents/dev/go/bkpdir/backup-semantic-tokens-20250713-153809/config-schema-abstraction.md
[2025-07-13 15:40:55] [VALIDATE] Validating migration for /Users/fareed/Documents/dev/go/bkpdir/backup-semantic-tokens-20250713-153809/extract-009-completion-summary.md
[2025-07-13 15:40:55] [ERROR] Found        4 remaining Unicode icons in /Users/fareed/Documents/dev/go/bkpdir/backup-semantic-tokens-20250713-153809/extract-009-completion-summary.md
[2025-07-13 15:40:55] [SUCCESS] Found        9 semantic tokens in /Users/fareed/Documents/dev/go/bkpdir/backup-semantic-tokens-20250713-153809/extract-009-completion-summary.md
[2025-07-13 15:40:55] [VALIDATE] Validating migration for /Users/fareed/Documents/dev/go/bkpdir/backup-semantic-tokens-20250713-153809/unicode-migration-phase2-subtask2-implementation-progress.md
[2025-07-13 15:40:55] [SUCCESS] Found       15 semantic tokens in /Users/fareed/Documents/dev/go/bkpdir/backup-semantic-tokens-20250713-153809/unicode-migration-phase2-subtask2-implementation-progress.md
[2025-07-13 15:40:55] [VALIDATE] Validating migration for /Users/fareed/Documents/dev/go/bkpdir/backup-semantic-tokens-20250713-153809/milestone-tracking-system.md
[2025-07-13 15:40:55] [SUCCESS] Found        3 semantic tokens in /Users/fareed/Documents/dev/go/bkpdir/backup-semantic-tokens-20250713-153809/milestone-tracking-system.md
[2025-07-13 15:40:55] [VALIDATE] Validating migration for /Users/fareed/Documents/dev/go/bkpdir/backup-semantic-tokens-20250713-153809/build-system-fixes-implementation.md
[2025-07-13 15:40:55] [SUCCESS] Found       11 semantic tokens in /Users/fareed/Documents/dev/go/bkpdir/backup-semantic-tokens-20250713-153809/build-system-fixes-implementation.md
[2025-07-13 15:40:55] [VALIDATE] Validating migration for /Users/fareed/Documents/dev/go/bkpdir/backup-semantic-tokens-20250713-153809/decision-framework-troubleshooting.md
[2025-07-13 15:40:55] [ERROR] Found        3 remaining Unicode icons in /Users/fareed/Documents/dev/go/bkpdir/backup-semantic-tokens-20250713-153809/decision-framework-troubleshooting.md
[2025-07-13 15:40:55] [SUCCESS] Found       33 semantic tokens in /Users/fareed/Documents/dev/go/bkpdir/backup-semantic-tokens-20250713-153809/decision-framework-troubleshooting.md
[2025-07-13 15:40:55] [VALIDATE] Validating migration for /Users/fareed/Documents/dev/go/bkpdir/backup-semantic-tokens-20250713-153809/CFG-006-implementation-plan.md
[2025-07-13 15:40:55] [SUCCESS] Found        8 semantic tokens in /Users/fareed/Documents/dev/go/bkpdir/backup-semantic-tokens-20250713-153809/CFG-006-implementation-plan.md
[2025-07-13 15:40:55] [VALIDATE] Validating migration for /Users/fareed/Documents/dev/go/bkpdir/backup-semantic-tokens-20250713-153809/context-file-checklist.md
[2025-07-13 15:40:55] [ERROR] Found        9 remaining Unicode icons in /Users/fareed/Documents/dev/go/bkpdir/backup-semantic-tokens-20250713-153809/context-file-checklist.md
[2025-07-13 15:40:55] [SUCCESS] Found       13 semantic tokens in /Users/fareed/Documents/dev/go/bkpdir/backup-semantic-tokens-20250713-153809/context-file-checklist.md
[2025-07-13 15:40:55] [VALIDATE] Validating migration for /Users/fareed/Documents/dev/go/bkpdir/backup-semantic-tokens-20250713-153809/ai-first-development-strategy.md
[2025-07-13 15:40:55] [ERROR] Found        2 remaining Unicode icons in /Users/fareed/Documents/dev/go/bkpdir/backup-semantic-tokens-20250713-153809/ai-first-development-strategy.md
[2025-07-13 15:40:55] [SUCCESS] Found      125 semantic tokens in /Users/fareed/Documents/dev/go/bkpdir/backup-semantic-tokens-20250713-153809/ai-first-development-strategy.md
[2025-07-13 15:40:55] [VALIDATE] Validating migration for /Users/fareed/Documents/dev/go/bkpdir/backup-semantic-tokens-20250713-153809/integration-guide.md
[2025-07-13 15:40:55] [SUCCESS] Found       62 semantic tokens in /Users/fareed/Documents/dev/go/bkpdir/backup-semantic-tokens-20250713-153809/integration-guide.md
[2025-07-13 15:40:55] [VALIDATE] Validating migration for /Users/fareed/Documents/dev/go/bkpdir/backup-semantic-tokens-20250713-153809/ai-assistant-token-protocol.md
[2025-07-13 15:40:55] [SUCCESS] Found       23 semantic tokens in /Users/fareed/Documents/dev/go/bkpdir/backup-semantic-tokens-20250713-153809/ai-assistant-token-protocol.md
[2025-07-13 15:40:55] [VALIDATE] Validating migration for /Users/fareed/Documents/dev/go/bkpdir/backup-semantic-tokens-20250713-153809/testing.md
[2025-07-13 15:40:55] [ERROR] Found        1 remaining Unicode icons in /Users/fareed/Documents/dev/go/bkpdir/backup-semantic-tokens-20250713-153809/testing.md
[2025-07-13 15:40:55] [SUCCESS] Found       34 semantic tokens in /Users/fareed/Documents/dev/go/bkpdir/backup-semantic-tokens-20250713-153809/testing.md
[2025-07-13 15:40:55] [VALIDATE] Validating migration for /Users/fareed/Documents/dev/go/bkpdir/backup-semantic-tokens-20250713-153809/DOC-014-cross-reference-completion-plan.md
[2025-07-13 15:40:55] [SUCCESS] Found       18 semantic tokens in /Users/fareed/Documents/dev/go/bkpdir/backup-semantic-tokens-20250713-153809/DOC-014-cross-reference-completion-plan.md
[2025-07-13 15:40:55] [VALIDATE] Validating migration for /Users/fareed/Documents/dev/go/bkpdir/backup-semantic-tokens-20250713-153809/icon-usage-guidelines.md
[2025-07-13 15:40:55] [ERROR] Found       24 remaining Unicode icons in /Users/fareed/Documents/dev/go/bkpdir/backup-semantic-tokens-20250713-153809/icon-usage-guidelines.md
[2025-07-13 15:40:55] [SUCCESS] Found       77 semantic tokens in /Users/fareed/Documents/dev/go/bkpdir/backup-semantic-tokens-20250713-153809/icon-usage-guidelines.md
[2025-07-13 15:40:55] [VALIDATE] Validating migration for /Users/fareed/Documents/dev/go/bkpdir/backup-semantic-tokens-20250713-153809/formatter-decomposition.md
[2025-07-13 15:40:55] [ERROR] Found       12 remaining Unicode icons in /Users/fareed/Documents/dev/go/bkpdir/backup-semantic-tokens-20250713-153809/formatter-decomposition.md
[2025-07-13 15:40:55] [VALIDATE] Validating migration for /Users/fareed/Documents/dev/go/bkpdir/backup-semantic-tokens-20250713-153809/extract-008-remaining-subtasks-plan.md
[2025-07-13 15:40:55] [ERROR] Found        2 remaining Unicode icons in /Users/fareed/Documents/dev/go/bkpdir/backup-semantic-tokens-20250713-153809/extract-008-remaining-subtasks-plan.md
[2025-07-13 15:40:55] [SUCCESS] Found       37 semantic tokens in /Users/fareed/Documents/dev/go/bkpdir/backup-semantic-tokens-20250713-153809/extract-008-remaining-subtasks-plan.md
[2025-07-13 15:40:55] [VALIDATE] Validating migration for /Users/fareed/Documents/dev/go/bkpdir/backup-semantic-tokens-20250713-153809/doc014_integration_test.go
[2025-07-13 15:40:55] [ERROR] Found        1 remaining Unicode icons in /Users/fareed/Documents/dev/go/bkpdir/backup-semantic-tokens-20250713-153809/doc014_integration_test.go
[2025-07-13 15:40:55] [SUCCESS] Found        7 semantic tokens in /Users/fareed/Documents/dev/go/bkpdir/backup-semantic-tokens-20250713-153809/doc014_integration_test.go
[2025-07-13 15:40:55] [VALIDATE] Validating migration for /Users/fareed/Documents/dev/go/bkpdir/backup-semantic-tokens-20250713-153809/extract-008-subtask-5-completion.md
[2025-07-13 15:40:55] [SUCCESS] Found        3 semantic tokens in /Users/fareed/Documents/dev/go/bkpdir/backup-semantic-tokens-20250713-153809/extract-008-subtask-5-completion.md
[2025-07-13 15:40:55] [VALIDATE] Validating migration for /Users/fareed/Documents/dev/go/bkpdir/backup-semantic-tokens-20250713-153809/getting-started.md
[2025-07-13 15:40:55] [ERROR] Found        1 remaining Unicode icons in /Users/fareed/Documents/dev/go/bkpdir/backup-semantic-tokens-20250713-153809/getting-started.md
[2025-07-13 15:40:55] [SUCCESS] Found       10 semantic tokens in /Users/fareed/Documents/dev/go/bkpdir/backup-semantic-tokens-20250713-153809/getting-started.md
[2025-07-13 15:40:55] [VALIDATE] Validating migration for /Users/fareed/Documents/dev/go/bkpdir/backup-semantic-tokens-20250713-153809/feature-change-protocol.md
[2025-07-13 15:40:55] [SUCCESS] Found        5 semantic tokens in /Users/fareed/Documents/dev/go/bkpdir/backup-semantic-tokens-20250713-153809/feature-change-protocol.md
[2025-07-13 15:40:55] [VALIDATE] Validating migration for /Users/fareed/Documents/dev/go/bkpdir/backup-semantic-tokens-20250713-153809/README.md
[2025-07-13 15:40:55] [SUCCESS] Found        1 semantic tokens in /Users/fareed/Documents/dev/go/bkpdir/backup-semantic-tokens-20250713-153809/README.md
[2025-07-13 15:40:55] [VALIDATE] Validating migration for /Users/fareed/Documents/dev/go/bkpdir/backup-semantic-tokens-20250713-153809/semantic-token-migration-progress-summary.md
[2025-07-13 15:40:55] [SUCCESS] Found       23 semantic tokens in /Users/fareed/Documents/dev/go/bkpdir/backup-semantic-tokens-20250713-153809/semantic-token-migration-progress-summary.md
[2025-07-13 15:40:55] [VALIDATE] Validating migration for /Users/fareed/Documents/dev/go/bkpdir/backup-semantic-tokens-20250713-153809/ai-first-configuration-refactoring-plan.md
[2025-07-13 15:40:55] [SUCCESS] Found       28 semantic tokens in /Users/fareed/Documents/dev/go/bkpdir/backup-semantic-tokens-20250713-153809/ai-first-configuration-refactoring-plan.md
[2025-07-13 15:40:55] [VALIDATE] Validating migration for /Users/fareed/Documents/dev/go/bkpdir/backup-semantic-tokens-20250713-153809/extract-008-subtask-1-completion.md
[2025-07-13 15:40:55] [SUCCESS] Found        2 semantic tokens in /Users/fareed/Documents/dev/go/bkpdir/backup-semantic-tokens-20250713-153809/extract-008-subtask-1-completion.md
[2025-07-13 15:40:55] [VALIDATE] Validating migration for /Users/fareed/Documents/dev/go/bkpdir/backup-semantic-tokens-20250713-153809/unicode-migration-week2-completion-summary.md
[2025-07-13 15:40:55] [SUCCESS] Found       28 semantic tokens in /Users/fareed/Documents/dev/go/bkpdir/backup-semantic-tokens-20250713-153809/unicode-migration-week2-completion-summary.md
[2025-07-13 15:40:55] [VALIDATE] Validating migration for /Users/fareed/Documents/dev/go/bkpdir/backup-semantic-tokens-20250713-153809/CFG-006-subtask-7-completion-summary.md
[2025-07-13 15:40:55] [SUCCESS] Found        5 semantic tokens in /Users/fareed/Documents/dev/go/bkpdir/backup-semantic-tokens-20250713-153809/CFG-006-subtask-7-completion-summary.md
[2025-07-13 15:40:55] [VALIDATE] Validating migration for /Users/fareed/Documents/dev/go/bkpdir/backup-semantic-tokens-20250713-153809/extraction-dependencies.md
[2025-07-13 15:40:55] [ERROR] Found       21 remaining Unicode icons in /Users/fareed/Documents/dev/go/bkpdir/backup-semantic-tokens-20250713-153809/extraction-dependencies.md
[2025-07-13 15:40:55] [VALIDATE] Validating migration for /Users/fareed/Documents/dev/go/bkpdir/backup-semantic-tokens-20250713-153809/realtime_validator_test.go
[2025-07-13 15:40:55] [ERROR] Found        1 remaining Unicode icons in /Users/fareed/Documents/dev/go/bkpdir/backup-semantic-tokens-20250713-153809/realtime_validator_test.go
[2025-07-13 15:40:55] [VALIDATE] Validating migration for /Users/fareed/Documents/dev/go/bkpdir/backup-semantic-tokens-20250713-153809/semantic-token-system-implementation-complete.md
[2025-07-13 15:40:55] [SUCCESS] Found       16 semantic tokens in /Users/fareed/Documents/dev/go/bkpdir/backup-semantic-tokens-20250713-153809/semantic-token-system-implementation-complete.md
[2025-07-13 15:40:55] [VALIDATE] Validating migration for /Users/fareed/Documents/dev/go/bkpdir/backup-semantic-tokens-20250713-153809/validation-automation.md
[2025-07-13 15:40:55] [ERROR] Found        6 remaining Unicode icons in /Users/fareed/Documents/dev/go/bkpdir/backup-semantic-tokens-20250713-153809/validation-automation.md
[2025-07-13 15:40:55] [SUCCESS] Found       14 semantic tokens in /Users/fareed/Documents/dev/go/bkpdir/backup-semantic-tokens-20250713-153809/validation-automation.md
[2025-07-13 15:40:55] [VALIDATE] Validating migration for /Users/fareed/Documents/dev/go/bkpdir/backup-semantic-tokens-20250713-153809/icon-validation-report.md
[2025-07-13 15:40:55] [ERROR] Found        1 remaining Unicode icons in /Users/fareed/Documents/dev/go/bkpdir/backup-semantic-tokens-20250713-153809/icon-validation-report.md
[2025-07-13 15:40:55] [SUCCESS] Found        4 semantic tokens in /Users/fareed/Documents/dev/go/bkpdir/backup-semantic-tokens-20250713-153809/icon-validation-report.md
[2025-07-13 15:40:55] [VALIDATE] Validating migration for /Users/fareed/Documents/dev/go/bkpdir/backup-semantic-tokens-20250713-153809/working-plan-extract-009.md
[2025-07-13 15:40:55] [ERROR] Found       12 remaining Unicode icons in /Users/fareed/Documents/dev/go/bkpdir/backup-semantic-tokens-20250713-153809/working-plan-extract-009.md
[2025-07-13 15:40:55] [SUCCESS] Found       14 semantic tokens in /Users/fareed/Documents/dev/go/bkpdir/backup-semantic-tokens-20250713-153809/working-plan-extract-009.md
[2025-07-13 15:40:55] [VALIDATE] Validating migration for /Users/fareed/Documents/dev/go/bkpdir/backup-semantic-tokens-20250713-153809/decision_checklist.go
[2025-07-13 15:40:55] [SUCCESS] Found        1 semantic tokens in /Users/fareed/Documents/dev/go/bkpdir/backup-semantic-tokens-20250713-153809/decision_checklist.go
[2025-07-13 15:40:55] [VALIDATE] Validating migration for /Users/fareed/Documents/dev/go/bkpdir/backup-semantic-tokens-20250713-153809/extract-007-final-analysis.md
[2025-07-13 15:40:55] [SUCCESS] Found       10 semantic tokens in /Users/fareed/Documents/dev/go/bkpdir/backup-semantic-tokens-20250713-153809/extract-007-final-analysis.md
[2025-07-13 15:40:55] [VALIDATE] Validating migration for /Users/fareed/Documents/dev/go/bkpdir/backup-semantic-tokens-20250713-153809/unicode-migration-phase2-subtask2-token-implementation-plan.md
[2025-07-13 15:40:55] [SUCCESS] Found        8 semantic tokens in /Users/fareed/Documents/dev/go/bkpdir/backup-semantic-tokens-20250713-153809/unicode-migration-phase2-subtask2-token-implementation-plan.md
[2025-07-13 15:40:55] [VALIDATE] Validating migration for /Users/fareed/Documents/dev/go/bkpdir/backup-semantic-tokens-20250713-153809/unicode-migration-phase2-subtask3-token-implementation.md
[2025-07-13 15:40:56] [SUCCESS] Found       35 semantic tokens in /Users/fareed/Documents/dev/go/bkpdir/backup-semantic-tokens-20250713-153809/unicode-migration-phase2-subtask3-token-implementation.md
[2025-07-13 15:40:56] [VALIDATE] Validating migration for /Users/fareed/Documents/dev/go/bkpdir/backup-semantic-tokens-20250713-153809/implementation-decisions.md
[2025-07-13 15:40:56] [ERROR] Found        1 remaining Unicode icons in /Users/fareed/Documents/dev/go/bkpdir/backup-semantic-tokens-20250713-153809/implementation-decisions.md
[2025-07-13 15:40:56] [VALIDATE] Validating migration for /Users/fareed/Documents/dev/go/bkpdir/backup-semantic-tokens-20250713-153809/task-analysis-and-plan.md
[2025-07-13 15:40:56] [SUCCESS] Found        4 semantic tokens in /Users/fareed/Documents/dev/go/bkpdir/backup-semantic-tokens-20250713-153809/task-analysis-and-plan.md
[2025-07-13 15:40:56] [VALIDATE] Validating migration for /Users/fareed/Documents/dev/go/bkpdir/backup-semantic-tokens-20250713-153809/structure-optimization-analysis.md
[2025-07-13 15:40:56] [SUCCESS] Found        1 semantic tokens in /Users/fareed/Documents/dev/go/bkpdir/backup-semantic-tokens-20250713-153809/structure-optimization-analysis.md
[2025-07-13 15:40:56] [VALIDATE] Validating migration for /Users/fareed/Documents/dev/go/bkpdir/backup-semantic-tokens-20250713-153809/DOC-014-subtask-5-working-plan.md
[2025-07-13 15:40:56] [SUCCESS] Found        8 semantic tokens in /Users/fareed/Documents/dev/go/bkpdir/backup-semantic-tokens-20250713-153809/DOC-014-subtask-5-working-plan.md
[2025-07-13 15:40:56] [VALIDATE] Validating migration for /Users/fareed/Documents/dev/go/bkpdir/backup-semantic-tokens-20250713-153809/unicode-migration-phase2-subtask1-missing-token-inventory.md
[2025-07-13 15:40:56] [SUCCESS] Found        5 semantic tokens in /Users/fareed/Documents/dev/go/bkpdir/backup-semantic-tokens-20250713-153809/unicode-migration-phase2-subtask1-missing-token-inventory.md
[2025-07-13 15:40:56] [VALIDATE] Validating migration for /Users/fareed/Documents/dev/go/bkpdir/backup-semantic-tokens-20250713-153809/goal_alignment_test.go
[2025-07-13 15:40:56] [SUCCESS] Found        2 semantic tokens in /Users/fareed/Documents/dev/go/bkpdir/backup-semantic-tokens-20250713-153809/goal_alignment_test.go
[2025-07-13 15:40:56] [VALIDATE] Validating migration for /Users/fareed/Documents/dev/go/bkpdir/backup-semantic-tokens-20250713-153809/integration-documentation-working-plan.md
[2025-07-13 15:40:56] [ERROR] Found        4 remaining Unicode icons in /Users/fareed/Documents/dev/go/bkpdir/backup-semantic-tokens-20250713-153809/integration-documentation-working-plan.md
[2025-07-13 15:40:56] [SUCCESS] Found       12 semantic tokens in /Users/fareed/Documents/dev/go/bkpdir/backup-semantic-tokens-20250713-153809/integration-documentation-working-plan.md
[2025-07-13 15:40:56] [VALIDATE] Validating migration for /Users/fareed/Documents/dev/go/bkpdir/backup-semantic-tokens-20250713-153809/configuration-examples.md
[2025-07-13 15:40:56] [SUCCESS] Found       10 semantic tokens in /Users/fareed/Documents/dev/go/bkpdir/backup-semantic-tokens-20250713-153809/configuration-examples.md
[2025-07-13 15:40:56] [VALIDATE] Validating migration for /Users/fareed/Documents/dev/go/bkpdir/backup-semantic-tokens-20250713-153809/ai-first-token-system-proposal.md
[2025-07-13 15:40:56] [SUCCESS] Found       32 semantic tokens in /Users/fareed/Documents/dev/go/bkpdir/backup-semantic-tokens-20250713-153809/ai-first-token-system-proposal.md
[2025-07-13 15:40:56] [VALIDATE] Validating migration for /Users/fareed/Documents/dev/go/bkpdir/backup-semantic-tokens-20250713-153809/decision-context-validation-report.md
[2025-07-13 15:40:56] [ERROR] Found        1 remaining Unicode icons in /Users/fareed/Documents/dev/go/bkpdir/backup-semantic-tokens-20250713-153809/decision-context-validation-report.md
[2025-07-13 15:40:56] [SUCCESS] Found        5 semantic tokens in /Users/fareed/Documents/dev/go/bkpdir/backup-semantic-tokens-20250713-153809/decision-context-validation-report.md
[2025-07-13 15:40:56] [VALIDATE] Validating migration for /Users/fareed/Documents/dev/go/bkpdir/backup-semantic-tokens-20250713-153809/task-config-template-working-plan.md
[2025-07-13 15:40:56] [ERROR] Found        1 remaining Unicode icons in /Users/fareed/Documents/dev/go/bkpdir/backup-semantic-tokens-20250713-153809/task-config-template-working-plan.md
[2025-07-13 15:40:56] [SUCCESS] Found        6 semantic tokens in /Users/fareed/Documents/dev/go/bkpdir/backup-semantic-tokens-20250713-153809/task-config-template-working-plan.md
[2025-07-13 15:40:56] [VALIDATE] Validating migration for /Users/fareed/Documents/dev/go/bkpdir/backup-semantic-tokens-20250713-153809/extract-008-cli-template-plan.md
[2025-07-13 15:40:56] [ERROR] Found        3 remaining Unicode icons in /Users/fareed/Documents/dev/go/bkpdir/backup-semantic-tokens-20250713-153809/extract-008-cli-template-plan.md
[2025-07-13 15:40:56] [SUCCESS] Found       11 semantic tokens in /Users/fareed/Documents/dev/go/bkpdir/backup-semantic-tokens-20250713-153809/extract-008-cli-template-plan.md
[2025-07-13 15:40:56] [VALIDATE] Validating migration for /Users/fareed/Documents/dev/go/bkpdir/backup-semantic-tokens-20250713-153809/ai-assistant-protocol.md
[2025-07-13 15:40:56] [ERROR] Found       31 remaining Unicode icons in /Users/fareed/Documents/dev/go/bkpdir/backup-semantic-tokens-20250713-153809/ai-assistant-protocol.md
[2025-07-13 15:40:56] [SUCCESS] Found       65 semantic tokens in /Users/fareed/Documents/dev/go/bkpdir/backup-semantic-tokens-20250713-153809/ai-assistant-protocol.md
[2025-07-13 15:40:56] [VALIDATE] Validating migration for /Users/fareed/Documents/dev/go/bkpdir/backup-semantic-tokens-20250713-153809/ai-first-refactoring-priority-summary.md
[2025-07-13 15:40:56] [SUCCESS] Found       38 semantic tokens in /Users/fareed/Documents/dev/go/bkpdir/backup-semantic-tokens-20250713-153809/ai-first-refactoring-priority-summary.md
[2025-07-13 15:40:56] [VALIDATE] Validating migration for /Users/fareed/Documents/dev/go/bkpdir/backup-semantic-tokens-20250713-153809/extract-008-subtask-2-completion.md
[2025-07-13 15:40:56] [ERROR] Found        1 remaining Unicode icons in /Users/fareed/Documents/dev/go/bkpdir/backup-semantic-tokens-20250713-153809/extract-008-subtask-2-completion.md
[2025-07-13 15:40:56] [SUCCESS] Found       24 semantic tokens in /Users/fareed/Documents/dev/go/bkpdir/backup-semantic-tokens-20250713-153809/extract-008-subtask-2-completion.md
[2025-07-13 15:40:56] [VALIDATE] Validating migration for /Users/fareed/Documents/dev/go/bkpdir/backup-semantic-tokens-20250713-153809/semantic-token-migration-completion-report.md
[2025-07-13 15:40:56] [SUCCESS] Found       24 semantic tokens in /Users/fareed/Documents/dev/go/bkpdir/backup-semantic-tokens-20250713-153809/semantic-token-migration-completion-report.md
[2025-07-13 15:40:56] [VALIDATE] Validating migration for /Users/fareed/Documents/dev/go/bkpdir/backup-semantic-tokens-20250713-153809/DOC-014-subtask-4-working-plan.md
[2025-07-13 15:40:56] [SUCCESS] Found       22 semantic tokens in /Users/fareed/Documents/dev/go/bkpdir/backup-semantic-tokens-20250713-153809/DOC-014-subtask-4-working-plan.md
[2025-07-13 15:40:56] [VALIDATE] Validating migration for /Users/fareed/Documents/dev/go/bkpdir/backup-semantic-tokens-20250713-153809/refactoring-validation-report.md
[2025-07-13 15:40:56] [ERROR] Found        3 remaining Unicode icons in /Users/fareed/Documents/dev/go/bkpdir/backup-semantic-tokens-20250713-153809/refactoring-validation-report.md
[2025-07-13 15:40:56] [SUCCESS] Found       16 semantic tokens in /Users/fareed/Documents/dev/go/bkpdir/backup-semantic-tokens-20250713-153809/refactoring-validation-report.md
[2025-07-13 15:40:56] [VALIDATE] Validating migration for /Users/fareed/Documents/dev/go/bkpdir/backup-semantic-tokens-20250713-153809/features.md
[2025-07-13 15:40:56] [ERROR] Found        2 remaining Unicode icons in /Users/fareed/Documents/dev/go/bkpdir/backup-semantic-tokens-20250713-153809/features.md
[2025-07-13 15:40:56] [SUCCESS] Found        6 semantic tokens in /Users/fareed/Documents/dev/go/bkpdir/backup-semantic-tokens-20250713-153809/features.md
[2025-07-13 15:40:56] [VALIDATE] Validating migration for /Users/fareed/Documents/dev/go/bkpdir/backup-semantic-tokens-20250713-153809/unicode-to-semantic-token-mapping.md
[2025-07-13 15:40:56] [ERROR] Found        4 remaining Unicode icons in /Users/fareed/Documents/dev/go/bkpdir/backup-semantic-tokens-20250713-153809/unicode-to-semantic-token-mapping.md
[2025-07-13 15:40:56] [SUCCESS] Found       29 semantic tokens in /Users/fareed/Documents/dev/go/bkpdir/backup-semantic-tokens-20250713-153809/unicode-to-semantic-token-mapping.md
[2025-07-13 15:40:56] [VALIDATE] Validating migration for /Users/fareed/Documents/dev/go/bkpdir/backup-semantic-tokens-20250713-153809/extract-007-working-plan.md
[2025-07-13 15:40:56] [ERROR] Found        1 remaining Unicode icons in /Users/fareed/Documents/dev/go/bkpdir/backup-semantic-tokens-20250713-153809/extract-007-working-plan.md
[2025-07-13 15:40:56] [SUCCESS] Found        2 semantic tokens in /Users/fareed/Documents/dev/go/bkpdir/backup-semantic-tokens-20250713-153809/extract-007-working-plan.md
[2025-07-13 15:40:56] [VALIDATE] Validating migration for /Users/fareed/Documents/dev/go/bkpdir/backup-semantic-tokens-20250713-153809/feature-tracking.md
[2025-07-13 15:40:56] [ERROR] Found       13 remaining Unicode icons in /Users/fareed/Documents/dev/go/bkpdir/backup-semantic-tokens-20250713-153809/feature-tracking.md
[2025-07-13 15:40:56] [SUCCESS] Found      484 semantic tokens in /Users/fareed/Documents/dev/go/bkpdir/backup-semantic-tokens-20250713-153809/feature-tracking.md
[2025-07-13 15:40:56] [VALIDATE] Validating migration for /Users/fareed/Documents/dev/go/bkpdir/backup-semantic-tokens-20250713-153809/working-plan-remove-backup-command.md
[2025-07-13 15:40:56] [ERROR] Found        7 remaining Unicode icons in /Users/fareed/Documents/dev/go/bkpdir/backup-semantic-tokens-20250713-153809/working-plan-remove-backup-command.md
[2025-07-13 15:40:56] [SUCCESS] Found       13 semantic tokens in /Users/fareed/Documents/dev/go/bkpdir/backup-semantic-tokens-20250713-153809/working-plan-remove-backup-command.md
[2025-07-13 15:40:56] [VALIDATE] Validating migration for /Users/fareed/Documents/dev/go/bkpdir/backup-semantic-tokens-20250713-153809/manager.go
[2025-07-13 15:40:56] [ERROR] Found        1 remaining Unicode icons in /Users/fareed/Documents/dev/go/bkpdir/backup-semantic-tokens-20250713-153809/manager.go
[2025-07-13 15:40:56] [VALIDATE] Validating migration for /Users/fareed/Documents/dev/go/bkpdir/backup-semantic-tokens-20250713-153809/performance_test_integration.go
[2025-07-13 15:40:56] [ERROR] Found        2 remaining Unicode icons in /Users/fareed/Documents/dev/go/bkpdir/backup-semantic-tokens-20250713-153809/performance_test_integration.go
[2025-07-13 15:40:56] [VALIDATE] Validating migration for /Users/fareed/Documents/dev/go/bkpdir/backup-semantic-tokens-20250713-153809/DOC-011-implementation-summary.md
[2025-07-13 15:40:56] [ERROR] Found        1 remaining Unicode icons in /Users/fareed/Documents/dev/go/bkpdir/backup-semantic-tokens-20250713-153809/DOC-011-implementation-summary.md
[2025-07-13 15:40:56] [SUCCESS] Found       11 semantic tokens in /Users/fareed/Documents/dev/go/bkpdir/backup-semantic-tokens-20250713-153809/DOC-011-implementation-summary.md
[2025-07-13 15:40:56] [VALIDATE] Validating migration for /Users/fareed/Documents/dev/go/bkpdir/backup-semantic-tokens-20250713-153809/decision-framework-validation-report.md
[2025-07-13 15:40:56] [ERROR] Found        1 remaining Unicode icons in /Users/fareed/Documents/dev/go/bkpdir/backup-semantic-tokens-20250713-153809/decision-framework-validation-report.md
[2025-07-13 15:40:56] [SUCCESS] Found        3 semantic tokens in /Users/fareed/Documents/dev/go/bkpdir/backup-semantic-tokens-20250713-153809/decision-framework-validation-report.md
[2025-07-13 15:40:56] [VALIDATE] Validating migration for /Users/fareed/Documents/dev/go/bkpdir/backup-semantic-tokens-20250713-153809/semantic-token-migration-phase2f-summary.md
[2025-07-13 15:40:56] [ERROR] Found        1 remaining Unicode icons in /Users/fareed/Documents/dev/go/bkpdir/backup-semantic-tokens-20250713-153809/semantic-token-migration-phase2f-summary.md
[2025-07-13 15:40:56] [SUCCESS] Found       29 semantic tokens in /Users/fareed/Documents/dev/go/bkpdir/backup-semantic-tokens-20250713-153809/semantic-token-migration-phase2f-summary.md
[2025-07-13 15:40:56] [VALIDATE] Validating migration for /Users/fareed/Documents/dev/go/bkpdir/backup-semantic-tokens-20250713-153809/system-comparison-analysis.md
[2025-07-13 15:40:56] [ERROR] Found        2 remaining Unicode icons in /Users/fareed/Documents/dev/go/bkpdir/backup-semantic-tokens-20250713-153809/system-comparison-analysis.md
[2025-07-13 15:40:56] [SUCCESS] Found       19 semantic tokens in /Users/fareed/Documents/dev/go/bkpdir/backup-semantic-tokens-20250713-153809/system-comparison-analysis.md
[2025-07-13 15:40:56] [VALIDATE] Validating migration for /Users/fareed/Documents/dev/go/bkpdir/backup-semantic-tokens-20250713-153809/decision-framework-usage-guide.md
[2025-07-13 15:40:56] [ERROR] Found        6 remaining Unicode icons in /Users/fareed/Documents/dev/go/bkpdir/backup-semantic-tokens-20250713-153809/decision-framework-usage-guide.md
[2025-07-13 15:40:56] [SUCCESS] Found       31 semantic tokens in /Users/fareed/Documents/dev/go/bkpdir/backup-semantic-tokens-20250713-153809/decision-framework-usage-guide.md
[2025-07-13 15:40:56] [VALIDATE] Validating migration for /Users/fareed/Documents/dev/go/bkpdir/backup-semantic-tokens-20250713-153809/CFG-006-subtask-8-documentation-plan.md
[2025-07-13 15:40:56] [ERROR] Found        5 remaining Unicode icons in /Users/fareed/Documents/dev/go/bkpdir/backup-semantic-tokens-20250713-153809/CFG-006-subtask-8-documentation-plan.md
[2025-07-13 15:40:56] [SUCCESS] Found       20 semantic tokens in /Users/fareed/Documents/dev/go/bkpdir/backup-semantic-tokens-20250713-153809/CFG-006-subtask-8-documentation-plan.md
[2025-07-13 15:40:56] [VALIDATE] Validating migration for /Users/fareed/Documents/dev/go/bkpdir/backup-semantic-tokens-20250713-153809/SPECIFICATION_AUDIT_REPORT.md
[2025-07-13 15:40:56] [ERROR] Found        1 remaining Unicode icons in /Users/fareed/Documents/dev/go/bkpdir/backup-semantic-tokens-20250713-153809/SPECIFICATION_AUDIT_REPORT.md
[2025-07-13 15:40:56] [SUCCESS] Found       43 semantic tokens in /Users/fareed/Documents/dev/go/bkpdir/backup-semantic-tokens-20250713-153809/SPECIFICATION_AUDIT_REPORT.md
[2025-07-13 15:40:56] [VALIDATE] Validating migration for /Users/fareed/Documents/dev/go/bkpdir/backup-semantic-tokens-20250713-153809/ai-first-error-handling-refactoring-plan.md
[2025-07-13 15:40:56] [SUCCESS] Found       34 semantic tokens in /Users/fareed/Documents/dev/go/bkpdir/backup-semantic-tokens-20250713-153809/ai-first-error-handling-refactoring-plan.md
[2025-07-13 15:40:56] [VALIDATE] Validating migration for /Users/fareed/Documents/dev/go/bkpdir/backup-semantic-tokens-20250713-153809/package-interdependency-mapping.md
[2025-07-13 15:40:56] [ERROR] Found        3 remaining Unicode icons in /Users/fareed/Documents/dev/go/bkpdir/backup-semantic-tokens-20250713-153809/package-interdependency-mapping.md
[2025-07-13 15:40:56] [SUCCESS] Found       43 semantic tokens in /Users/fareed/Documents/dev/go/bkpdir/backup-semantic-tokens-20250713-153809/package-interdependency-mapping.md
[2025-07-13 15:40:56] [VALIDATE] Validating migration for /Users/fareed/Documents/dev/go/bkpdir/backup-semantic-tokens-20250713-153809/unicode-migration-week4-core-files-plan.md
[2025-07-13 15:40:56] [SUCCESS] Found       39 semantic tokens in /Users/fareed/Documents/dev/go/bkpdir/backup-semantic-tokens-20250713-153809/unicode-migration-week4-core-files-plan.md
[2025-07-13 15:40:56] [VALIDATE] Validating migration for /Users/fareed/Documents/dev/go/bkpdir/backup-semantic-tokens-20250713-153809/main.go
[2025-07-13 15:40:56] [ERROR] Found        1 remaining Unicode icons in /Users/fareed/Documents/dev/go/bkpdir/backup-semantic-tokens-20250713-153809/main.go
[2025-07-13 15:40:56] [VALIDATE] Validating migration for /Users/fareed/Documents/dev/go/bkpdir/backup-semantic-tokens-20250713-153809/unicode-migration-phase2-subtask2-token-creation-strategy.md
[2025-07-13 15:40:56] [SUCCESS] Found       18 semantic tokens in /Users/fareed/Documents/dev/go/bkpdir/backup-semantic-tokens-20250713-153809/unicode-migration-phase2-subtask2-token-creation-strategy.md
[2025-07-13 15:40:56] [VALIDATE] Validating migration for /Users/fareed/Documents/dev/go/bkpdir/backup-semantic-tokens-20250713-153809/unicode-migration-phase2-critical-tokens-completion-summary.md
[2025-07-13 15:40:56] [SUCCESS] Found       34 semantic tokens in /Users/fareed/Documents/dev/go/bkpdir/backup-semantic-tokens-20250713-153809/unicode-migration-phase2-critical-tokens-completion-summary.md
[2025-07-13 15:40:56] [VALIDATE] Validating migration for /Users/fareed/Documents/dev/go/bkpdir/formatter_test.go
[2025-07-13 15:40:56] [VALIDATE] Validating migration for /Users/fareed/Documents/dev/go/bkpdir/DEVELOPMENT.md
[2025-07-13 15:40:56] [VALIDATE] Validating migration for /Users/fareed/Documents/dev/go/bkpdir/CFG-006-subtask-8-documentation-plan.md
[2025-07-13 15:40:56] [ERROR] Found        5 remaining Unicode icons in /Users/fareed/Documents/dev/go/bkpdir/CFG-006-subtask-8-documentation-plan.md
[2025-07-13 15:40:56] [SUCCESS] Found       20 semantic tokens in /Users/fareed/Documents/dev/go/bkpdir/CFG-006-subtask-8-documentation-plan.md
[2025-07-13 15:40:56] [VALIDATE] Validating migration for /Users/fareed/Documents/dev/go/bkpdir/SPECIFICATION_AUDIT_REPORT.md
[2025-07-13 15:40:56] [ERROR] Found        1 remaining Unicode icons in /Users/fareed/Documents/dev/go/bkpdir/SPECIFICATION_AUDIT_REPORT.md
[2025-07-13 15:40:56] [SUCCESS] Found       43 semantic tokens in /Users/fareed/Documents/dev/go/bkpdir/SPECIFICATION_AUDIT_REPORT.md
[2025-07-13 15:40:56] [VALIDATE] Validating migration for /Users/fareed/Documents/dev/go/bkpdir/main.go
[2025-07-13 15:40:56] [SUCCESS] Found        5 semantic tokens in /Users/fareed/Documents/dev/go/bkpdir/main.go
[2025-07-13 15:40:56] [VALIDATE] Validating migration for /Users/fareed/Documents/dev/go/bkpdir/example-symlink-config.yml
[2025-07-13 15:40:56] [VALIDATE] Validating migration for /Users/fareed/Documents/dev/go/bkpdir/.bkpdir.yml
[2025-07-13 15:40:56] [VALIDATE] Validating migration for /Users/fareed/Documents/dev/go/bkpdir/backup_test.go
[2025-07-13 15:40:56] [SUCCESS] Found        2 semantic tokens in /Users/fareed/Documents/dev/go/bkpdir/backup_test.go
[2025-07-13 15:40:56] [VALIDATE] Validating migration for /Users/fareed/Documents/dev/go/bkpdir/verify.go
[2025-07-13 15:40:57] [SUCCESS] Found        2 semantic tokens in /Users/fareed/Documents/dev/go/bkpdir/verify.go
[2025-07-13 15:40:57] [VALIDATE] Validating migration for /Users/fareed/Documents/dev/go/bkpdir/comparison_test.go
[2025-07-13 15:40:57] [SUCCESS] Found        1 semantic tokens in /Users/fareed/Documents/dev/go/bkpdir/comparison_test.go
[2025-07-13 15:40:57] [VALIDATE] Validating migration for /Users/fareed/Documents/dev/go/bkpdir/pkg/config/discovery.go
[2025-07-13 15:40:57] [VALIDATE] Validating migration for /Users/fareed/Documents/dev/go/bkpdir/pkg/config/interfaces.go
[2025-07-13 15:40:57] [VALIDATE] Validating migration for /Users/fareed/Documents/dev/go/bkpdir/pkg/config/README.md
[2025-07-13 15:40:57] [SUCCESS] Found        1 semantic tokens in /Users/fareed/Documents/dev/go/bkpdir/pkg/config/README.md
[2025-07-13 15:40:57] [VALIDATE] Validating migration for /Users/fareed/Documents/dev/go/bkpdir/pkg/config/merge_strategies.go
[2025-07-13 15:40:57] [VALIDATE] Validating migration for /Users/fareed/Documents/dev/go/bkpdir/pkg/config/loader.go
[2025-07-13 15:40:57] [VALIDATE] Validating migration for /Users/fareed/Documents/dev/go/bkpdir/pkg/config/utils.go
[2025-07-13 15:40:57] [VALIDATE] Validating migration for /Users/fareed/Documents/dev/go/bkpdir/pkg/config/inheritance.go
[2025-07-13 15:40:57] [VALIDATE] Validating migration for /Users/fareed/Documents/dev/go/bkpdir/pkg/config/config_test.go
[2025-07-13 15:40:57] [SUCCESS] Found        2 semantic tokens in /Users/fareed/Documents/dev/go/bkpdir/pkg/config/config_test.go
[2025-07-13 15:40:57] [VALIDATE] Validating migration for /Users/fareed/Documents/dev/go/bkpdir/pkg/processing/verification.go
[2025-07-13 15:40:57] [VALIDATE] Validating migration for /Users/fareed/Documents/dev/go/bkpdir/pkg/processing/concurrent.go
[2025-07-13 15:40:57] [VALIDATE] Validating migration for /Users/fareed/Documents/dev/go/bkpdir/pkg/processing/processor_test.go
[2025-07-13 15:40:57] [VALIDATE] Validating migration for /Users/fareed/Documents/dev/go/bkpdir/pkg/processing/processor.go
[2025-07-13 15:40:57] [VALIDATE] Validating migration for /Users/fareed/Documents/dev/go/bkpdir/pkg/processing/naming.go
[2025-07-13 15:40:57] [VALIDATE] Validating migration for /Users/fareed/Documents/dev/go/bkpdir/pkg/processing/README.md
[2025-07-13 15:40:57] [SUCCESS] Found        1 semantic tokens in /Users/fareed/Documents/dev/go/bkpdir/pkg/processing/README.md
[2025-07-13 15:40:57] [VALIDATE] Validating migration for /Users/fareed/Documents/dev/go/bkpdir/pkg/processing/pipeline.go
[2025-07-13 15:40:57] [VALIDATE] Validating migration for /Users/fareed/Documents/dev/go/bkpdir/pkg/processing/doc.go
[2025-07-13 15:40:57] [VALIDATE] Validating migration for /Users/fareed/Documents/dev/go/bkpdir/pkg/fileops/fileops.go
[2025-07-13 15:40:57] [VALIDATE] Validating migration for /Users/fareed/Documents/dev/go/bkpdir/pkg/fileops/traversal.go
[2025-07-13 15:40:57] [VALIDATE] Validating migration for /Users/fareed/Documents/dev/go/bkpdir/pkg/fileops/README.md
[2025-07-13 15:40:57] [SUCCESS] Found        2 semantic tokens in /Users/fareed/Documents/dev/go/bkpdir/pkg/fileops/README.md
[2025-07-13 15:40:57] [VALIDATE] Validating migration for /Users/fareed/Documents/dev/go/bkpdir/pkg/fileops/exclusion.go
[2025-07-13 15:40:57] [VALIDATE] Validating migration for /Users/fareed/Documents/dev/go/bkpdir/pkg/fileops/comparison.go
[2025-07-13 15:40:57] [VALIDATE] Validating migration for /Users/fareed/Documents/dev/go/bkpdir/pkg/fileops/validation.go
[2025-07-13 15:40:57] [VALIDATE] Validating migration for /Users/fareed/Documents/dev/go/bkpdir/pkg/fileops/atomic.go
[2025-07-13 15:40:57] [VALIDATE] Validating migration for /Users/fareed/Documents/dev/go/bkpdir/pkg/resources/interfaces.go
[2025-07-13 15:40:57] [VALIDATE] Validating migration for /Users/fareed/Documents/dev/go/bkpdir/pkg/resources/resources_test.go
[2025-07-13 15:40:57] [VALIDATE] Validating migration for /Users/fareed/Documents/dev/go/bkpdir/pkg/resources/README.md
[2025-07-13 15:40:57] [SUCCESS] Found        2 semantic tokens in /Users/fareed/Documents/dev/go/bkpdir/pkg/resources/README.md
[2025-07-13 15:40:57] [VALIDATE] Validating migration for /Users/fareed/Documents/dev/go/bkpdir/pkg/resources/context.go
[2025-07-13 15:40:57] [VALIDATE] Validating migration for /Users/fareed/Documents/dev/go/bkpdir/pkg/cli/version.go
[2025-07-13 15:40:57] [VALIDATE] Validating migration for /Users/fareed/Documents/dev/go/bkpdir/pkg/cli/example_test.go
[2025-07-13 15:40:57] [VALIDATE] Validating migration for /Users/fareed/Documents/dev/go/bkpdir/pkg/cli/types.go
[2025-07-13 15:40:57] [VALIDATE] Validating migration for /Users/fareed/Documents/dev/go/bkpdir/pkg/cli/flags.go
[2025-07-13 15:40:57] [VALIDATE] Validating migration for /Users/fareed/Documents/dev/go/bkpdir/pkg/cli/README.md
[2025-07-13 15:40:57] [SUCCESS] Found        1 semantic tokens in /Users/fareed/Documents/dev/go/bkpdir/pkg/cli/README.md
[2025-07-13 15:40:57] [VALIDATE] Validating migration for /Users/fareed/Documents/dev/go/bkpdir/pkg/cli/context.go
[2025-07-13 15:40:57] [VALIDATE] Validating migration for /Users/fareed/Documents/dev/go/bkpdir/pkg/cli/builder.go
[2025-07-13 15:40:57] [VALIDATE] Validating migration for /Users/fareed/Documents/dev/go/bkpdir/pkg/cli/dryrun.go
[2025-07-13 15:40:57] [VALIDATE] Validating migration for /Users/fareed/Documents/dev/go/bkpdir/pkg/cli/cli_test.go
[2025-07-13 15:40:57] [SUCCESS] Found        2 semantic tokens in /Users/fareed/Documents/dev/go/bkpdir/pkg/cli/cli_test.go
[2025-07-13 15:40:57] [VALIDATE] Validating migration for /Users/fareed/Documents/dev/go/bkpdir/pkg/formatter/patterns.go
[2025-07-13 15:40:57] [VALIDATE] Validating migration for /Users/fareed/Documents/dev/go/bkpdir/pkg/formatter/formatter.go
[2025-07-13 15:40:57] [VALIDATE] Validating migration for /Users/fareed/Documents/dev/go/bkpdir/pkg/formatter/interfaces.go
[2025-07-13 15:40:57] [VALIDATE] Validating migration for /Users/fareed/Documents/dev/go/bkpdir/pkg/formatter/collector.go
[2025-07-13 15:40:57] [VALIDATE] Validating migration for /Users/fareed/Documents/dev/go/bkpdir/pkg/formatter/filestats.go
[2025-07-13 15:40:57] [VALIDATE] Validating migration for /Users/fareed/Documents/dev/go/bkpdir/pkg/formatter/README.md
[2025-07-13 15:40:57] [ERROR] Found        5 remaining Unicode icons in /Users/fareed/Documents/dev/go/bkpdir/pkg/formatter/README.md
[2025-07-13 15:40:57] [SUCCESS] Found        5 semantic tokens in /Users/fareed/Documents/dev/go/bkpdir/pkg/formatter/README.md
[2025-07-13 15:40:57] [VALIDATE] Validating migration for /Users/fareed/Documents/dev/go/bkpdir/pkg/formatter/template.go
[2025-07-13 15:40:57] [VALIDATE] Validating migration for /Users/fareed/Documents/dev/go/bkpdir/pkg/formatter/formatter_test.go
[2025-07-13 15:40:57] [VALIDATE] Validating migration for /Users/fareed/Documents/dev/go/bkpdir/pkg/errors/classification.go
[2025-07-13 15:40:57] [VALIDATE] Validating migration for /Users/fareed/Documents/dev/go/bkpdir/pkg/errors/errors_test.go
[2025-07-13 15:40:57] [SUCCESS] Found        2 semantic tokens in /Users/fareed/Documents/dev/go/bkpdir/pkg/errors/errors_test.go
[2025-07-13 15:40:57] [VALIDATE] Validating migration for /Users/fareed/Documents/dev/go/bkpdir/pkg/errors/interfaces.go
[2025-07-13 15:40:57] [VALIDATE] Validating migration for /Users/fareed/Documents/dev/go/bkpdir/pkg/errors/handlers.go
[2025-07-13 15:40:57] [VALIDATE] Validating migration for /Users/fareed/Documents/dev/go/bkpdir/pkg/errors/README.md
[2025-07-13 15:40:57] [SUCCESS] Found        1 semantic tokens in /Users/fareed/Documents/dev/go/bkpdir/pkg/errors/README.md
[2025-07-13 15:40:57] [VALIDATE] Validating migration for /Users/fareed/Documents/dev/go/bkpdir/pkg/testutil/provider.go
[2025-07-13 15:40:57] [VALIDATE] Validating migration for /Users/fareed/Documents/dev/go/bkpdir/pkg/testutil/config.go
[2025-07-13 15:40:57] [VALIDATE] Validating migration for /Users/fareed/Documents/dev/go/bkpdir/pkg/testutil/interfaces.go
[2025-07-13 15:40:57] [VALIDATE] Validating migration for /Users/fareed/Documents/dev/go/bkpdir/pkg/testutil/testutil_test.go
[2025-07-13 15:40:57] [VALIDATE] Validating migration for /Users/fareed/Documents/dev/go/bkpdir/pkg/testutil/scenarios.go
[2025-07-13 15:40:57] [VALIDATE] Validating migration for /Users/fareed/Documents/dev/go/bkpdir/pkg/testutil/assertions.go
[2025-07-13 15:40:57] [VALIDATE] Validating migration for /Users/fareed/Documents/dev/go/bkpdir/pkg/testutil/filesystem.go
[2025-07-13 15:40:57] [VALIDATE] Validating migration for /Users/fareed/Documents/dev/go/bkpdir/pkg/testutil/README.md
[2025-07-13 15:40:57] [SUCCESS] Found        2 semantic tokens in /Users/fareed/Documents/dev/go/bkpdir/pkg/testutil/README.md
[2025-07-13 15:40:57] [VALIDATE] Validating migration for /Users/fareed/Documents/dev/go/bkpdir/pkg/testutil/doc.go
[2025-07-13 15:40:57] [VALIDATE] Validating migration for /Users/fareed/Documents/dev/go/bkpdir/pkg/testutil/cli.go
[2025-07-13 15:40:57] [VALIDATE] Validating migration for /Users/fareed/Documents/dev/go/bkpdir/pkg/testutil/fixtures.go
[2025-07-13 15:40:57] [VALIDATE] Validating migration for /Users/fareed/Documents/dev/go/bkpdir/pkg/testutil/integration_demo_test.go
[2025-07-13 15:40:57] [VALIDATE] Validating migration for /Users/fareed/Documents/dev/go/bkpdir/main_test.go
[2025-07-13 15:40:57] [SUCCESS] Found        2 semantic tokens in /Users/fareed/Documents/dev/go/bkpdir/main_test.go
[2025-07-13 15:40:57] [VALIDATE] Validating migration for /Users/fareed/Documents/dev/go/bkpdir/errors.go
[2025-07-13 15:40:57] [SUCCESS] Found        2 semantic tokens in /Users/fareed/Documents/dev/go/bkpdir/errors.go
[2025-07-13 15:40:58] [REPORT] Generated migration report: /Users/fareed/Documents/dev/go/bkpdir/semantic-token-migration-simple-report.md
