=== lead-hygiene close-out regression 2026-09-20T02:50:08Z ===
DEBUG: audited 197 Go files, 0 suspect (package leads >= 30 or ZIP fingerprint)
..
----------------------------------------------------------------------
Ran 2 tests in 0.109s

OK
DEBUG: package-level lead hygiene audit
DEBUG: audited 197 Go files, 0 suspect (package leads >= 30 or ZIP fingerprint)
DEBUG: specctl validate
DEBUG: specctl matrix (report)
IMPL-ATOMIC_OPS	IMPL-ATOMIC_OPS::NEWATOMICWRITER		test=false	code=false
IMPL-ATOMIC_OPS	IMPL-ATOMIC_OPS::NEWATOMICWRITER	T001	test=true	code=true
IMPL-ATOMIC_OPS	IMPL-ATOMIC_OPS::NEWATOMICWRITER	T002	test=true	code=true
IMPL-ATOMIC_OPS	IMPL-ATOMIC_OPS::ATOMICWRITER_WRITE		test=false	code=false
IMPL-ATOMIC_OPS	IMPL-ATOMIC_OPS::ATOMICWRITER_WRITE	T001	test=true	code=true
IMPL-ATOMIC_OPS	IMPL-ATOMIC_OPS::ATOMICWRITER_WRITE	T002	test=true	code=true
IMPL-ATOMIC_OPS	IMPL-ATOMIC_OPS::ATOMICWRITER_WRITESTRING		test=false	code=false
IMPL-ATOMIC_OPS	IMPL-ATOMIC_OPS::ATOMICWRITER_WRITESTRING	T001	test=true	code=true
IMPL-ATOMIC_OPS	IMPL-ATOMIC_OPS::ATOMICWRITER_COMMIT		test=false	code=false
IMPL-ATOMIC_OPS	IMPL-ATOMIC_OPS::ATOMICWRITER_COMMIT	T001	test=true	code=true
IMPL-ATOMIC_OPS	IMPL-ATOMIC_OPS::ATOMICWRITER_COMMIT	T002	test=true	code=true
IMPL-ATOMIC_OPS	IMPL-ATOMIC_OPS::ATOMICWRITER_ROLLBACK		test=false	code=false
IMPL-ATOMIC_OPS	IMPL-ATOMIC_OPS::ATOMICWRITER_ROLLBACK	T001	test=true	code=true
IMPL-ATOMIC_OPS	IMPL-ATOMIC_OPS::ATOMICWRITER_CLOSE		test=false	code=false
IMPL-ATOMIC_OPS	IMPL-ATOMIC_OPS::ATOMICWRITER_CLOSE	T001	test=true	code=true
IMPL-ATOMIC_OPS	IMPL-ATOMIC_OPS::ATOMICWRITER_CLEANUP		test=false	code=false
IMPL-ATOMIC_OPS	IMPL-ATOMIC_OPS::ATOMICWRITER_CLEANUP	T001	test=true	code=true
IMPL-ATOMIC_OPS	IMPL-ATOMIC_OPS::ATOMICWRITER_CLEANUP	T002	test=true	code=true
IMPL-ATOMIC_OPS	IMPL-ATOMIC_OPS::ATOMICCOPY		test=false	code=false
IMPL-ATOMIC_OPS	IMPL-ATOMIC_OPS::ATOMICCOPY	T001	test=true	code=true
IMPL-ATOMIC_OPS	IMPL-ATOMIC_OPS::ATOMICCOPY	T002	test=true	code=true
IMPL-ATOMIC_OPS	IMPL-ATOMIC_OPS::ATOMICWRITEFILE		test=false	code=false
IMPL-ATOMIC_OPS	IMPL-ATOMIC_OPS::ATOMICWRITEFILE	T001	test=true	code=true
IMPL-ATOMIC_OPS	IMPL-ATOMIC_OPS::ATOMICWRITEFILE	T002	test=true	code=true
IMPL-ATOMIC_OPS	IMPL-ATOMIC_OPS::ATOMICWRITESTRING		test=false	code=false
IMPL-ATOMIC_OPS	IMPL-ATOMIC_OPS::ATOMICWRITESTRING	T001	test=true	code=true
IMPL-ATOMIC_OPS	IMPL-ATOMIC_OPS::RESOURCE_ATOMICWRITEFILE		test=false	code=false
IMPL-ATOMIC_OPS	IMPL-ATOMIC_OPS::RESOURCE_ATOMICWRITEFILE	T001	test=true	code=true
IMPL-ATOMIC_OPS	IMPL-ATOMIC_OPS::RESOURCE_ATOMICWRITEFILEWITHCONTEXT		test=false	code=false
IMPL-ATOMIC_OPS	IMPL-ATOMIC_OPS::RESOURCE_ATOMICWRITEFILEWITHCONTEXT	T001	test=true	code=true
IMPL-ATOMIC_OPS	IMPL-ATOMIC_OPS::RESOURCE_ATOMICWRITEFILEWITHCONTEXT	T002	test=true	code=true
IMPL-AUTO_DETECTION	IMPL-AUTO_DETECTION::IS_FILE		test=false	code=false
IMPL-AUTO_DETECTION	IMPL-AUTO_DETECTION::IS_FILE	T001	test=true	code=true
IMPL-AUTO_DETECTION	IMPL-AUTO_DETECTION::IS_DIRECTORY		test=false	code=false
IMPL-AUTO_DETECTION	IMPL-AUTO_DETECTION::IS_DIRECTORY	T001	test=true	code=true
IMPL-AUTO_DETECTION	IMPL-AUTO_DETECTION::VALIDATE_PATH		test=false	code=false
IMPL-AUTO_DETECTION	IMPL-AUTO_DETECTION::VALIDATE_PATH	T001	test=true	code=true
IMPL-AUTO_DETECTION	IMPL-AUTO_DETECTION::HANDLE_AUTO_DETECTED_COMMAND		test=false	code=false
IMPL-AUTO_DETECTION	IMPL-AUTO_DETECTION::HANDLE_AUTO_DETECTED_COMMAND	T001	test=true	code=true
IMPL-AUTO_DETECTION	IMPL-AUTO_DETECTION::HANDLE_AUTO_DETECTED_COMMAND	T002	test=true	code=true
IMPL-AUTO_DETECTION	IMPL-AUTO_DETECTION::HANDLE_AUTO_DETECTED_FILE_BACKUP		test=false	code=false
IMPL-AUTO_DETECTION	IMPL-AUTO_DETECTION::HANDLE_AUTO_DETECTED_FILE_BACKUP	T001	test=true	code=true
IMPL-AUTO_DETECTION	IMPL-AUTO_DETECTION::HANDLE_AUTO_DETECTED_FILE_BACKUP	T002	test=true	code=true
IMPL-AUTO_DETECTION	IMPL-AUTO_DETECTION::HANDLE_AUTO_DETECTED_FILE_BACKUP	T003	test=true	code=true
IMPL-AUTO_DETECTION	IMPL-AUTO_DETECTION::HANDLE_AUTO_DETECTED_DIRECTORY_ARCHIVE		test=false	code=false
IMPL-AUTO_DETECTION	IMPL-AUTO_DETECTION::HANDLE_AUTO_DETECTED_DIRECTORY_ARCHIVE	T001	test=true	code=true
IMPL-AUTO_DETECTION	IMPL-AUTO_DETECTION::HANDLE_AUTO_DETECTED_DIRECTORY_ARCHIVE	T002	test=true	code=true
IMPL-AUTO_DETECTION	IMPL-AUTO_DETECTION::HANDLE_AUTO_DETECTED_DIRECTORY_ARCHIVE	T003	test=true	code=true
IMPL-AUTO_DETECTION	IMPL-AUTO_DETECTION::NEW_ROOT_COMMAND		test=false	code=false
IMPL-AUTO_DETECTION	IMPL-AUTO_DETECTION::NEW_ROOT_COMMAND	T001	test=true	code=true
IMPL-AUTO_DETECTION	IMPL-AUTO_DETECTION::NEW_ROOT_COMMAND	T002	test=true	code=true
IMPL-AUTO_DETECTION	IMPL-AUTO_DETECTION::EXECUTE_WITH_AUTO_DETECTION		test=false	code=false
IMPL-AUTO_DETECTION	IMPL-AUTO_DETECTION::EXECUTE_WITH_AUTO_DETECTION	T001	test=true	code=true
IMPL-AUTO_DETECTION	IMPL-AUTO_DETECTION::EXECUTE_WITH_AUTO_DETECTION	T002	test=true	code=true
IMPL-BACKWARD_COMPAT	IMPL-BACKWARD_COMPAT::PROVIDE_TYPE_ALIASES		test=false	code=false
IMPL-BACKWARD_COMPAT	IMPL-BACKWARD_COMPAT::PROVIDE_TYPE_ALIASES	T001	test=true	code=true
IMPL-BACKWARD_COMPAT	IMPL-BACKWARD_COMPAT::PROVIDE_WRAPPER_FUNCTIONS		test=false	code=false
IMPL-BACKWARD_COMPAT	IMPL-BACKWARD_COMPAT::PROVIDE_WRAPPER_FUNCTIONS	T001	test=false	code=false
IMPL-BACKWARD_COMPAT	IMPL-BACKWARD_COMPAT::ISOLATE_VIA_INTERFACES		test=false	code=false
IMPL-BACKWARD_COMPAT	IMPL-BACKWARD_COMPAT::ISOLATE_VIA_INTERFACES	T001	test=false	code=false
IMPL-CFG_006	IMPL-CFG_006::GET_ALL_CONFIG_FIELDS		test=false	code=false
IMPL-CFG_006	IMPL-CFG_006::GET_ALL_CONFIG_FIELDS	T001	test=true	code=true
IMPL-CFG_006	IMPL-CFG_006::GET_ALL_CONFIG_FIELDS	T002	test=true	code=true
IMPL-CFG_006	IMPL-CFG_006::GET_ALL_CONFIG_FIELDS	T003	test=true	code=true
IMPL-CFG_006	IMPL-CFG_006::UPDATE_FIELD_VALUES		test=false	code=false
IMPL-CFG_006	IMPL-CFG_006::UPDATE_FIELD_VALUES	T001	test=true	code=true
IMPL-CFG_006	IMPL-CFG_006::GET_FIELD_VALUE_BY_PATH		test=false	code=false
IMPL-CFG_006	IMPL-CFG_006::GET_FIELD_VALUE_BY_PATH	T001	test=true	code=true
IMPL-CFG_006	IMPL-CFG_006::FORMAT_FIELD_VALUE		test=false	code=false
IMPL-CFG_006	IMPL-CFG_006::FORMAT_FIELD_VALUE	T001	test=true	code=true
IMPL-CFG_006	IMPL-CFG_006::DETERMINE_MERGE_STRATEGY_FOR_FIELD		test=false	code=false
IMPL-CFG_006	IMPL-CFG_006::DETERMINE_MERGE_STRATEGY_FOR_FIELD	T001	test=true	code=true
IMPL-CFG_006	IMPL-CFG_006::DETECT_MERGE_STRATEGY_FROM_FIELD		test=false	code=false
IMPL-CFG_006	IMPL-CFG_006::DETECT_MERGE_STRATEGY_FROM_FIELD	T001	test=true	code=true
IMPL-CFG_006	IMPL-CFG_006::CONFIG_FIELD_CACHE		test=false	code=false
IMPL-CFG_006	IMPL-CFG_006::CONFIG_FIELD_CACHE	T001	test=true	code=true
IMPL-CFG_006	IMPL-CFG_006::EMBEDDED_MINITEST_MERGE_STRATEGY		test=false	code=false
IMPL-CFG_006	IMPL-CFG_006::EMBEDDED_MINITEST_MERGE_STRATEGY	T001	test=true	code=true
IMPL-CFG_HIERARCHY_PRESERVATION	IMPL-CFG_HIERARCHY_PRESERVATION::MERGE_BASIC_SETTINGS_WITH_PRESERVATION		test=false	code=false
IMPL-CFG_HIERARCHY_PRESERVATION	IMPL-CFG_HIERARCHY_PRESERVATION::MERGE_BASIC_SETTINGS_WITH_PRESERVATION	T001	test=false	code=false
IMPL-CFG_HIERARCHY_PRESERVATION	IMPL-CFG_HIERARCHY_PRESERVATION::APPLY_OVERRIDE_WITH_PRESERVATION		test=false	code=false
IMPL-CFG_HIERARCHY_PRESERVATION	IMPL-CFG_HIERARCHY_PRESERVATION::APPLY_OVERRIDE_WITH_PRESERVATION	T001	test=false	code=false
IMPL-CFG_INHERITANCE_PATH_RESOLUTION	IMPL-CFG_INHERITANCE_PATH_RESOLUTION::EXPAND_PATH		test=false	code=false
IMPL-CFG_INHERITANCE_PATH_RESOLUTION	IMPL-CFG_INHERITANCE_PATH_RESOLUTION::EXPAND_PATH	T001	test=true	code=true
IMPL-CFG_INHERITANCE_PATH_RESOLUTION	IMPL-CFG_INHERITANCE_PATH_RESOLUTION::RESOLVE_PATH		test=false	code=false
IMPL-CFG_INHERITANCE_PATH_RESOLUTION	IMPL-CFG_INHERITANCE_PATH_RESOLUTION::RESOLVE_PATH	T001	test=true	code=true
IMPL-CFG_INHERITANCE_PATH_RESOLUTION	IMPL-CFG_INHERITANCE_PATH_RESOLUTION::BUILD_CHAIN_RECURSIVE		test=false	code=false
IMPL-CFG_INHERITANCE_PATH_RESOLUTION	IMPL-CFG_INHERITANCE_PATH_RESOLUTION::BUILD_CHAIN_RECURSIVE	T001	test=true	code=true
IMPL-CFG_INHERITANCE_PATH_RESOLUTION	IMPL-CFG_INHERITANCE_PATH_RESOLUTION::BUILD_CHAIN_RECURSIVE	T002	test=true	code=true
IMPL-CFG_MERGE_BEHAVIOR_REGISTRY	IMPL-CFG_MERGE_BEHAVIOR_REGISTRY::GET_FIELD_MERGE_BEHAVIOR		test=false	code=false
IMPL-CFG_MERGE_BEHAVIOR_REGISTRY	IMPL-CFG_MERGE_BEHAVIOR_REGISTRY::GET_FIELD_MERGE_BEHAVIOR	T001	test=true	code=true
IMPL-CFG_MERGE_BEHAVIOR_REGISTRY	IMPL-CFG_MERGE_BEHAVIOR_REGISTRY::APPLY_REPLACE		test=false	code=false
IMPL-CFG_MERGE_BEHAVIOR_REGISTRY	IMPL-CFG_MERGE_BEHAVIOR_REGISTRY::APPLY_REPLACE	T001	test=true	code=true
IMPL-CFG_MERGE_BEHAVIOR_REGISTRY	IMPL-CFG_MERGE_BEHAVIOR_REGISTRY::APPLY_REPLACE	T002	test=true	code=true
IMPL-CFG_MERGE_PREPEND_PRECEDENCE_FIX	IMPL-CFG_MERGE_PREPEND_PRECEDENCE_FIX::APPLYMERGEOPERATION		test=false	code=false
IMPL-CFG_MERGE_PREPEND_PRECEDENCE_FIX	IMPL-CFG_MERGE_PREPEND_PRECEDENCE_FIX::APPLYMERGEOPERATION	T001	test=true	code=true
IMPL-CFG_MERGE_PREPEND_PRECEDENCE_FIX	IMPL-CFG_MERGE_PREPEND_PRECEDENCE_FIX::APPLYMERGE_SCALAR_PRECEDENCE		test=false	code=false
IMPL-CFG_MERGE_PREPEND_PRECEDENCE_FIX	IMPL-CFG_MERGE_PREPEND_PRECEDENCE_FIX::APPLYMERGE_SCALAR_PRECEDENCE	T001	test=true	code=true
IMPL-CFG_MERGE_PREPEND_PRECEDENCE_FIX	IMPL-CFG_MERGE_PREPEND_PRECEDENCE_FIX::APPLYPREPEND		test=false	code=false
IMPL-CFG_MERGE_PREPEND_PRECEDENCE_FIX	IMPL-CFG_MERGE_PREPEND_PRECEDENCE_FIX::APPLYPREPEND	T001	test=true	code=true
IMPL-CFG_MIXED_MODE_MERGE_FIX	IMPL-CFG_MIXED_MODE_MERGE_FIX::APPLYMERGESTRATEGIES		test=false	code=false
IMPL-CFG_MIXED_MODE_MERGE_FIX	IMPL-CFG_MIXED_MODE_MERGE_FIX::APPLYMERGESTRATEGIES	T001	test=true	code=true
IMPL-CFG_MIXED_SEQUENTIAL_INHERITANCE	IMPL-CFG_MIXED_SEQUENTIAL_INHERITANCE::LOAD_CONFIG_WITH_INHERITANCE		test=false	code=false
IMPL-CFG_MIXED_SEQUENTIAL_INHERITANCE	IMPL-CFG_MIXED_SEQUENTIAL_INHERITANCE::LOAD_CONFIG_WITH_INHERITANCE	T001	test=true	code=true
IMPL-CFG_MIXED_SEQUENTIAL_INHERITANCE	IMPL-CFG_MIXED_SEQUENTIAL_INHERITANCE::LOAD_CONFIG_WITH_INHERITANCE	T002	test=true	code=true
IMPL-CFG_MIXED_SEQUENTIAL_INHERITANCE	IMPL-CFG_MIXED_SEQUENTIAL_INHERITANCE::MERGE_BASIC_SETTINGS		test=false	code=false
IMPL-CFG_MIXED_SEQUENTIAL_INHERITANCE	IMPL-CFG_MIXED_SEQUENTIAL_INHERITANCE::MERGE_BASIC_SETTINGS	T001	test=true	code=true
IMPL-CFG_MIXED_SEQUENTIAL_INHERITANCE	IMPL-CFG_MIXED_SEQUENTIAL_INHERITANCE::APPLY_OVERRIDE		test=false	code=false
IMPL-CFG_MIXED_SEQUENTIAL_INHERITANCE	IMPL-CFG_MIXED_SEQUENTIAL_INHERITANCE::APPLY_OVERRIDE	T001	test=true	code=true
IMPL-CFG_PRECEDENCE_FIX	IMPL-CFG_PRECEDENCE_FIX::LOAD_CONFIG_FALLBACK		test=true	code=true
IMPL-CFG_PRECEDENCE_FIX	IMPL-CFG_PRECEDENCE_FIX::LOAD_CONFIG_FALLBACK	T001	test=true	code=true
IMPL-CFG_PRECEDENCE_FIX	IMPL-CFG_PRECEDENCE_FIX::LOAD_CONFIG_FALLBACK	T002	test=true	code=true
IMPL-CFG_PRECEDENCE_FIX	IMPL-CFG_PRECEDENCE_FIX::MERGE_CONFIGS		test=false	code=false
IMPL-CFG_PRECEDENCE_FIX	IMPL-CFG_PRECEDENCE_FIX::MERGE_CONFIGS	T001	test=true	code=true
IMPL-CFG_PRECEDENCE_FIX	IMPL-CFG_PRECEDENCE_FIX::MERGE_BASIC_SETTINGS		test=false	code=false
IMPL-CFG_PRECEDENCE_FIX	IMPL-CFG_PRECEDENCE_FIX::MERGE_BASIC_SETTINGS	T001	test=true	code=true
IMPL-CFG_PRECEDENCE_FIX	IMPL-CFG_PRECEDENCE_FIX::MERGE_BASIC_SETTINGS	T002	test=true	code=true
IMPL-CFG_QUOTED_KEY_PREFIX	IMPL-CFG_QUOTED_KEY_PREFIX::PROCESSKEYS		test=false	code=false
IMPL-CFG_QUOTED_KEY_PREFIX	IMPL-CFG_QUOTED_KEY_PREFIX::PROCESSKEYS	T001	test=true	code=true
IMPL-CFG_QUOTED_KEY_PREFIX	IMPL-CFG_QUOTED_KEY_PREFIX::EXTRACTSTRATEGY		test=false	code=false
IMPL-CFG_QUOTED_KEY_PREFIX	IMPL-CFG_QUOTED_KEY_PREFIX::EXTRACTSTRATEGY	T001	test=true	code=true
IMPL-CLI_FRAMEWORK	IMPL-CLI_FRAMEWORK::NEWCOMMANDBUILDER		test=false	code=false
IMPL-CLI_FRAMEWORK	IMPL-CLI_FRAMEWORK::NEWCOMMANDBUILDER	T001	test=true	code=true
IMPL-CLI_FRAMEWORK	IMPL-CLI_FRAMEWORK::DEFAULTCOMMANDBUILDER_NEWCOMMAND		test=false	code=false
IMPL-CLI_FRAMEWORK	IMPL-CLI_FRAMEWORK::DEFAULTCOMMANDBUILDER_NEWCOMMAND	T001	test=true	code=true
IMPL-CLI_FRAMEWORK	IMPL-CLI_FRAMEWORK::DEFAULTCOMMANDBUILDER_WITHHANDLER		test=false	code=false
IMPL-CLI_FRAMEWORK	IMPL-CLI_FRAMEWORK::DEFAULTCOMMANDBUILDER_WITHHANDLER	T001	test=true	code=true
IMPL-CLI_FRAMEWORK	IMPL-CLI_FRAMEWORK::DEFAULTCOMMANDBUILDER_WITHSUBCOMMANDS		test=false	code=false
IMPL-CLI_FRAMEWORK	IMPL-CLI_FRAMEWORK::DEFAULTCOMMANDBUILDER_WITHSUBCOMMANDS	T001	test=true	code=true
IMPL-CLI_FRAMEWORK	IMPL-CLI_FRAMEWORK::NEWROOTCOMMANDBUILDER		test=false	code=false
IMPL-CLI_FRAMEWORK	IMPL-CLI_FRAMEWORK::NEWROOTCOMMANDBUILDER	T001	test=true	code=true
IMPL-CLI_FRAMEWORK	IMPL-CLI_FRAMEWORK::DEFAULTROOTCOMMANDBUILDER_NEWROOTCOMMAND		test=false	code=false
IMPL-CLI_FRAMEWORK	IMPL-CLI_FRAMEWORK::DEFAULTROOTCOMMANDBUILDER_NEWROOTCOMMAND	T001	test=true	code=true
IMPL-CLI_FRAMEWORK	IMPL-CLI_FRAMEWORK::DEFAULTROOTCOMMANDBUILDER_BUILDCOMMAND		test=false	code=false
IMPL-CLI_FRAMEWORK	IMPL-CLI_FRAMEWORK::DEFAULTROOTCOMMANDBUILDER_BUILDCOMMAND	T001	test=true	code=true
IMPL-CLI_FRAMEWORK	IMPL-CLI_FRAMEWORK::DEFAULTROOTCOMMANDBUILDER_WITHGLOBALFLAGS		test=false	code=false
IMPL-CLI_FRAMEWORK	IMPL-CLI_FRAMEWORK::DEFAULTROOTCOMMANDBUILDER_WITHGLOBALFLAGS	T001	test=true	code=true
IMPL-CLI_FRAMEWORK	IMPL-CLI_FRAMEWORK::NEWCLIAPP		test=false	code=false
IMPL-CLI_FRAMEWORK	IMPL-CLI_FRAMEWORK::NEWCLIAPP	T001	test=true	code=true
IMPL-CLI_FRAMEWORK	IMPL-CLI_FRAMEWORK::CLIAPP_ADDCOMMAND		test=false	code=false
IMPL-CLI_FRAMEWORK	IMPL-CLI_FRAMEWORK::CLIAPP_ADDCOMMAND	T001	test=true	code=true
IMPL-CLI_FRAMEWORK	IMPL-CLI_FRAMEWORK::CLIAPP_EXECUTE		test=false	code=false
IMPL-CLI_FRAMEWORK	IMPL-CLI_FRAMEWORK::CLIAPP_EXECUTE	T001	test=true	code=true
IMPL-CLI_FRAMEWORK	IMPL-CLI_FRAMEWORK::CLIAPP_EXECUTEWITHCONTEXT		test=false	code=false
IMPL-CLI_FRAMEWORK	IMPL-CLI_FRAMEWORK::CLIAPP_EXECUTEWITHCONTEXT	T001	test=true	code=true
IMPL-CLI_FRAMEWORK	IMPL-CLI_FRAMEWORK::DEFAULTFLAGMANAGER_ADDFLAGS		test=false	code=false
IMPL-CLI_FRAMEWORK	IMPL-CLI_FRAMEWORK::DEFAULTFLAGMANAGER_ADDFLAGS	T001	test=true	code=true
IMPL-CLI_FRAMEWORK	IMPL-CLI_FRAMEWORK::DEFAULTFLAGMANAGER_ADDGLOBALFLAGS		test=false	code=false
IMPL-CLI_FRAMEWORK	IMPL-CLI_FRAMEWORK::DEFAULTFLAGMANAGER_ADDGLOBALFLAGS	T001	test=true	code=true
IMPL-CLI_FRAMEWORK	IMPL-CLI_FRAMEWORK::DEFAULTCONTEXTMANAGER_CREATE		test=false	code=false
IMPL-CLI_FRAMEWORK	IMPL-CLI_FRAMEWORK::DEFAULTCONTEXTMANAGER_CREATE	T001	test=true	code=true
IMPL-CLI_FRAMEWORK	IMPL-CLI_FRAMEWORK::DEFAULTCONTEXTMANAGER_WITHTIMEOUT		test=false	code=false
IMPL-CLI_FRAMEWORK	IMPL-CLI_FRAMEWORK::DEFAULTCONTEXTMANAGER_WITHTIMEOUT	T001	test=true	code=true
IMPL-CLI_FRAMEWORK	IMPL-CLI_FRAMEWORK::DEFAULTCONTEXTMANAGER_HANDLESIGNALS		test=false	code=false
IMPL-CLI_FRAMEWORK	IMPL-CLI_FRAMEWORK::DEFAULTCONTEXTMANAGER_HANDLESIGNALS	T001	test=true	code=true
IMPL-CLI_FRAMEWORK	IMPL-CLI_FRAMEWORK::NEWCANCELLABLEOPERATION		test=false	code=false
IMPL-CLI_FRAMEWORK	IMPL-CLI_FRAMEWORK::NEWCANCELLABLEOPERATION	T001	test=true	code=true
IMPL-CLI_FRAMEWORK	IMPL-CLI_FRAMEWORK::WITHSIGNALHANDLING		test=false	code=false
IMPL-CLI_FRAMEWORK	IMPL-CLI_FRAMEWORK::WITHSIGNALHANDLING	T001	test=true	code=true
IMPL-CLI_FRAMEWORK	IMPL-CLI_FRAMEWORK::DEFAULTDRYRUNMANAGER_EXECUTE		test=false	code=false
IMPL-CLI_FRAMEWORK	IMPL-CLI_FRAMEWORK::DEFAULTDRYRUNMANAGER_EXECUTE	T001	test=true	code=true
IMPL-CLI_FRAMEWORK	IMPL-CLI_FRAMEWORK::DEFAULTVERSIONMANAGER_FORMATVERSION		test=false	code=false
IMPL-CLI_FRAMEWORK	IMPL-CLI_FRAMEWORK::DEFAULTVERSIONMANAGER_FORMATVERSION	T001	test=true	code=true
IMPL-CLI_FRAMEWORK	IMPL-CLI_FRAMEWORK::DEFAULTVERSIONMANAGER_CREATEVERSIONCOMMAND		test=false	code=false
IMPL-CLI_FRAMEWORK	IMPL-CLI_FRAMEWORK::DEFAULTVERSIONMANAGER_CREATEVERSIONCOMMAND	T001	test=true	code=true
IMPL-CODE_STYLE	IMPL-CODE_STYLE::NAMING_RULES		test=false	code=false
IMPL-CODE_STYLE	IMPL-CODE_STYLE::NAMING_RULES	T001	test=false	code=false
IMPL-CODE_STYLE	IMPL-CODE_STYLE::FORMATTING_RULES		test=false	code=false
IMPL-CODE_STYLE	IMPL-CODE_STYLE::FORMATTING_RULES	T001	test=false	code=false
IMPL-CODE_STYLE	IMPL-CODE_STYLE::FORMATTING_RULES	T002	test=false	code=false
IMPL-CODE_STYLE	IMPL-CODE_STYLE::DOCUMENTATION_RULES		test=false	code=false
IMPL-CODE_STYLE	IMPL-CODE_STYLE::DOCUMENTATION_RULES	T001	test=true	code=true
IMPL-CONFIG_DISPLAY_FLATTENING	IMPL-CONFIG_DISPLAY_FLATTENING::REFLECTCONFIGFIELDS_FLAT_DISPLAY		test=false	code=false
IMPL-CONFIG_DISPLAY_FLATTENING	IMPL-CONFIG_DISPLAY_FLATTENING::REFLECTCONFIGFIELDS_FLAT_DISPLAY	T001	test=true	code=true
IMPL-CONFIG_DISPLAY_FLATTENING	IMPL-CONFIG_DISPLAY_FLATTENING::GETALLCONFIGVALUESWITHSOURCES		test=false	code=false
IMPL-CONFIG_DISPLAY_FLATTENING	IMPL-CONFIG_DISPLAY_FLATTENING::GETALLCONFIGVALUESWITHSOURCES	T001	test=true	code=true
IMPL-CONFIG_DISPLAY_FLATTENING	IMPL-CONFIG_DISPLAY_FLATTENING::DETERMINEFIELDCATEGORY		test=false	code=false
IMPL-CONFIG_DISPLAY_FLATTENING	IMPL-CONFIG_DISPLAY_FLATTENING::DETERMINEFIELDCATEGORY	T001	test=true	code=true
IMPL-CONFIG_DISPLAY_FLATTENING	IMPL-CONFIG_DISPLAY_FLATTENING::MERGEGITSETTINGS_LEGACY_FLAT_KEYS		test=false	code=false
IMPL-CONFIG_DISPLAY_FLATTENING	IMPL-CONFIG_DISPLAY_FLATTENING::MERGEGITSETTINGS_LEGACY_FLAT_KEYS	T001	test=true	code=true
IMPL-CONFIG_OUTPUT_GROUPING	IMPL-CONFIG_OUTPUT_GROUPING::GET_FIELD_IMPORTANCE		test=false	code=false
IMPL-CONFIG_OUTPUT_GROUPING	IMPL-CONFIG_OUTPUT_GROUPING::GET_FIELD_IMPORTANCE	T001	test=true	code=true
IMPL-CONFIG_OUTPUT_GROUPING	IMPL-CONFIG_OUTPUT_GROUPING::DISPLAY_CONFIG_GROUPED		test=false	code=false
IMPL-CONFIG_OUTPUT_GROUPING	IMPL-CONFIG_OUTPUT_GROUPING::DISPLAY_CONFIG_GROUPED	T001	test=true	code=true
IMPL-CONFIG_OUTPUT_GROUPING	IMPL-CONFIG_OUTPUT_GROUPING::DISPLAY_CONFIG_GROUPED	T002	test=true	code=true
IMPL-CONFIG_SCHEMA_FLEX	IMPL-CONFIG_SCHEMA_FLEX::GENERIC_CONFIG_LOAD		test=true	code=true
IMPL-CONFIG_SCHEMA_FLEX	IMPL-CONFIG_SCHEMA_FLEX::GENERIC_CONFIG_LOAD	T001	test=true	code=true
IMPL-CONFIG_SCHEMA_FLEX	IMPL-CONFIG_SCHEMA_FLEX::GENERIC_CONFIG_LOAD	T002	test=true	code=true
IMPL-CONFIG_SCHEMA_FLEX	IMPL-CONFIG_SCHEMA_FLEX::CONFIG_ADAPTER_LOAD		test=true	code=true
IMPL-CONFIG_SCHEMA_FLEX	IMPL-CONFIG_SCHEMA_FLEX::CONFIG_ADAPTER_LOAD	T001	test=true	code=true
IMPL-CONFIG_STRUCT	IMPL-CONFIG_STRUCT::CONFIG		test=false	code=false
IMPL-CONFIG_STRUCT	IMPL-CONFIG_STRUCT::CONFIG	T001	test=true	code=true
IMPL-CONFIG_STRUCT	IMPL-CONFIG_STRUCT::CONFIGVALUE		test=false	code=false
IMPL-CONFIG_STRUCT	IMPL-CONFIG_STRUCT::CONFIGVALUE	T001	test=true	code=true
IMPL-CONFIG_STRUCT	IMPL-CONFIG_STRUCT::CONFIGFIELDINFO		test=false	code=false
IMPL-CONFIG_STRUCT	IMPL-CONFIG_STRUCT::CONFIGFIELDINFO	T001	test=true	code=true
IMPL-CONFIG_STRUCT	IMPL-CONFIG_STRUCT::DEFAULTCONFIG		test=false	code=false
IMPL-CONFIG_STRUCT	IMPL-CONFIG_STRUCT::DEFAULTCONFIG	T001	test=true	code=true
IMPL-CONFIG_STRUCT	IMPL-CONFIG_STRUCT::GETCONFIGVALUES		test=false	code=false
IMPL-CONFIG_STRUCT	IMPL-CONFIG_STRUCT::GETCONFIGVALUES	T001	test=true	code=true
IMPL-CONFIG_STRUCT	IMPL-CONFIG_STRUCT::GETCONFIGVALUESWITHSOURCES		test=false	code=false
IMPL-CONFIG_STRUCT	IMPL-CONFIG_STRUCT::GETCONFIGVALUESWITHSOURCES	T001	test=true	code=true
IMPL-CONFIGURABLE_STRINGS	IMPL-CONFIGURABLE_STRINGS::DEFAULT_CONFIG_ERROR_FORMATS		test=true	code=true
IMPL-CONFIGURABLE_STRINGS	IMPL-CONFIGURABLE_STRINGS::DEFAULT_CONFIG_ERROR_FORMATS	T001	test=true	code=true
IMPL-CONFIGURABLE_STRINGS	IMPL-CONFIGURABLE_STRINGS::DEFAULT_CONFIG_ERROR_FORMATS	T002	test=true	code=true
IMPL-CONFIGURABLE_STRINGS	IMPL-CONFIGURABLE_STRINGS::GET_ERROR_FORMAT_STRINGS		test=false	code=false
IMPL-CONFIGURABLE_STRINGS	IMPL-CONFIGURABLE_STRINGS::GET_ERROR_FORMAT_STRINGS	T001	test=true	code=true
IMPL-CONFIGURABLE_STRINGS	IMPL-CONFIGURABLE_STRINGS::FORMAT_DISK_FULL_ERROR		test=false	code=false
IMPL-CONFIGURABLE_STRINGS	IMPL-CONFIGURABLE_STRINGS::FORMAT_DISK_FULL_ERROR	T001	test=true	code=true
IMPL-CONFIGURABLE_STRINGS	IMPL-CONFIGURABLE_STRINGS::HANDLE_ARCHIVE_ERROR		test=false	code=false
IMPL-CONFIGURABLE_STRINGS	IMPL-CONFIGURABLE_STRINGS::HANDLE_ARCHIVE_ERROR	T001	test=true	code=true
IMPL-CONFIGURABLE_STRINGS	IMPL-CONFIGURABLE_STRINGS::HANDLE_ARCHIVE_ERROR	T002	test=true	code=true
IMPL-CONTEXT_OPS	IMPL-CONTEXT_OPS::NEW_CONTEXTUAL_OPERATION		test=false	code=false
IMPL-CONTEXT_OPS	IMPL-CONTEXT_OPS::NEW_CONTEXTUAL_OPERATION	T001	test=true	code=true
IMPL-CONTEXT_OPS	IMPL-CONTEXT_OPS::IS_CANCELLED		test=false	code=false
IMPL-CONTEXT_OPS	IMPL-CONTEXT_OPS::IS_CANCELLED	T001	test=true	code=true
IMPL-CONTEXT_OPS	IMPL-CONTEXT_OPS::CHECK_CONTEXT_AND_CLEANUP		test=false	code=false
IMPL-CONTEXT_OPS	IMPL-CONTEXT_OPS::CHECK_CONTEXT_AND_CLEANUP	T001	test=true	code=true
IMPL-CONTEXT_OPS	IMPL-CONTEXT_OPS::WITH_RESOURCE_MANAGER		test=false	code=false
IMPL-CONTEXT_OPS	IMPL-CONTEXT_OPS::WITH_RESOURCE_MANAGER	T001	test=true	code=true
IMPL-CONTEXT_OPS	IMPL-CONTEXT_OPS::WITH_OPERATION_ID		test=false	code=false
IMPL-CONTEXT_OPS	IMPL-CONTEXT_OPS::WITH_OPERATION_ID	T001	test=true	code=true
IMPL-CONTEXT_OPS	IMPL-CONTEXT_OPS::GET_OPERATION_ID		test=true	code=true
IMPL-CONTEXT_OPS	IMPL-CONTEXT_OPS::GET_OPERATION_ID	T001	test=true	code=true
IMPL-CUSTOMIZABLE_FORMAT_STRINGS	IMPL-CUSTOMIZABLE_FORMAT_STRINGS::VALIDATE_FORMAT_STRING		test=false	code=false
IMPL-CUSTOMIZABLE_FORMAT_STRINGS	IMPL-CUSTOMIZABLE_FORMAT_STRINGS::VALIDATE_FORMAT_STRING	T001	test=true	code=true
IMPL-CUSTOMIZABLE_FORMAT_STRINGS	IMPL-CUSTOMIZABLE_FORMAT_STRINGS::VALIDATE_FORMAT_STRING	T002	test=true	code=true
IMPL-CUSTOMIZABLE_FORMAT_STRINGS	IMPL-CUSTOMIZABLE_FORMAT_STRINGS::GET_EXPECTED_PLACEHOLDERS		test=false	code=false
IMPL-CUSTOMIZABLE_FORMAT_STRINGS	IMPL-CUSTOMIZABLE_FORMAT_STRINGS::GET_EXPECTED_PLACEHOLDERS	T001	test=true	code=true
IMPL-CUSTOMIZABLE_FORMAT_STRINGS	IMPL-CUSTOMIZABLE_FORMAT_STRINGS::EXTRACT_PLACEHOLDERS		test=false	code=false
IMPL-CUSTOMIZABLE_FORMAT_STRINGS	IMPL-CUSTOMIZABLE_FORMAT_STRINGS::EXTRACT_PLACEHOLDERS	T001	test=true	code=true
IMPL-CUSTOMIZABLE_FORMAT_STRINGS	IMPL-CUSTOMIZABLE_FORMAT_STRINGS::VALIDATE_ALL_FORMAT_STRINGS		test=false	code=false
IMPL-CUSTOMIZABLE_FORMAT_STRINGS	IMPL-CUSTOMIZABLE_FORMAT_STRINGS::VALIDATE_ALL_FORMAT_STRINGS	T001	test=true	code=true
IMPL-CUSTOMIZABLE_FORMAT_STRINGS	IMPL-CUSTOMIZABLE_FORMAT_STRINGS::FORMAT_TEMPLATE		test=false	code=false
IMPL-CUSTOMIZABLE_FORMAT_STRINGS	IMPL-CUSTOMIZABLE_FORMAT_STRINGS::FORMAT_TEMPLATE	T001	test=true	code=true
IMPL-CUSTOMIZABLE_FORMAT_STRINGS	IMPL-CUSTOMIZABLE_FORMAT_STRINGS::FORMAT_TEMPLATE	T002	test=true	code=true
IMPL-CUSTOMIZABLE_FORMAT_STRINGS	IMPL-CUSTOMIZABLE_FORMAT_STRINGS::LOAD_CONFIG_VALIDATION_HOOK		test=true	code=true
IMPL-CUSTOMIZABLE_FORMAT_STRINGS	IMPL-CUSTOMIZABLE_FORMAT_STRINGS::LOAD_CONFIG_VALIDATION_HOOK	T001	test=true	code=true
IMPL-CUSTOMIZABLE_FORMAT_STRINGS	IMPL-CUSTOMIZABLE_FORMAT_STRINGS::LOAD_CONFIG_VALIDATION_HOOK	T002	test=true	code=true
IMPL-DATA_MODELS	IMPL-DATA_MODELS::ARCHIVE_CONFIG		test=false	code=false
IMPL-DATA_MODELS	IMPL-DATA_MODELS::ARCHIVE_CONFIG	T001	test=true	code=true
IMPL-DATA_MODELS	IMPL-DATA_MODELS::ARCHIVE		test=false	code=false
IMPL-DATA_MODELS	IMPL-DATA_MODELS::ARCHIVE	T001	test=true	code=true
IMPL-DATA_MODELS	IMPL-DATA_MODELS::ARCHIVE_CONFIG_INTERFACE		test=false	code=false
IMPL-DATA_MODELS	IMPL-DATA_MODELS::ARCHIVE_CONFIG_INTERFACE	T001	test=true	code=true
IMPL-DATA_MODELS	IMPL-DATA_MODELS::ARCHIVE_CREATION_OPTIONS		test=false	code=false
IMPL-DATA_MODELS	IMPL-DATA_MODELS::ARCHIVE_CREATION_OPTIONS	T001	test=true	code=true
IMPL-DATA_MODELS	IMPL-DATA_MODELS::ARCHIVE_FORMATTER_INTERFACE		test=false	code=false
IMPL-DATA_MODELS	IMPL-DATA_MODELS::ARCHIVE_FORMATTER_INTERFACE	T001	test=true	code=true
IMPL-DATA_MODELS	IMPL-DATA_MODELS::CONFIG_TO_ARCHIVE_CONFIG_ADAPTER		test=false	code=false
IMPL-DATA_MODELS	IMPL-DATA_MODELS::CONFIG_TO_ARCHIVE_CONFIG_ADAPTER	T001	test=true	code=true
IMPL-DATA_MODELS	IMPL-DATA_MODELS::OUTPUT_FORMATTER_TO_ARCHIVE_FORMATTER_ADAPTER		test=false	code=false
IMPL-DATA_MODELS	IMPL-DATA_MODELS::OUTPUT_FORMATTER_TO_ARCHIVE_FORMATTER_ADAPTER	T001	test=true	code=true
IMPL-DATA_MODELS	IMPL-DATA_MODELS::OUTPUT_FORMATTER_TO_ARCHIVE_FORMATTER_ADAPTER	T002	test=true	code=true
IMPL-DATA_MODELS	IMPL-DATA_MODELS::INCREMENTAL_ARCHIVE_CONFIG		test=false	code=false
IMPL-DATA_MODELS	IMPL-DATA_MODELS::INCREMENTAL_ARCHIVE_CONFIG	T001	test=true	code=true
IMPL-DATA_MODELS	IMPL-DATA_MODELS::BACKUP_CONFIG_INTERFACE		test=false	code=false
IMPL-DATA_MODELS	IMPL-DATA_MODELS::BACKUP_CONFIG_INTERFACE	T001	test=true	code=true
IMPL-DATA_MODELS	IMPL-DATA_MODELS::BACKUP_FORMATTER_INTERFACE		test=false	code=false
IMPL-DATA_MODELS	IMPL-DATA_MODELS::BACKUP_FORMATTER_INTERFACE	T001	test=true	code=true
IMPL-DATA_MODELS	IMPL-DATA_MODELS::CONFIG_TO_BACKUP_CONFIG_ADAPTER		test=false	code=false
IMPL-DATA_MODELS	IMPL-DATA_MODELS::CONFIG_TO_BACKUP_CONFIG_ADAPTER	T001	test=true	code=true
IMPL-DATA_MODELS	IMPL-DATA_MODELS::OUTPUT_FORMATTER_TO_BACKUP_FORMATTER_ADAPTER		test=false	code=false
IMPL-DATA_MODELS	IMPL-DATA_MODELS::OUTPUT_FORMATTER_TO_BACKUP_FORMATTER_ADAPTER	T001	test=true	code=true
IMPL-DATA_MODELS	IMPL-DATA_MODELS::BACKUP_INFO		test=false	code=false
IMPL-DATA_MODELS	IMPL-DATA_MODELS::BACKUP_INFO	T001	test=true	code=true
IMPL-DATA_MODELS	IMPL-DATA_MODELS::BACKUP		test=false	code=false
IMPL-DATA_MODELS	IMPL-DATA_MODELS::BACKUP	T001	test=true	code=true
IMPL-DATA_MODELS	IMPL-DATA_MODELS::BACKUP_OPTIONS		test=false	code=false
IMPL-DATA_MODELS	IMPL-DATA_MODELS::BACKUP_OPTIONS	T001	test=true	code=true
IMPL-DELAYED_OUTPUT	IMPL-DELAYED_OUTPUT::NEW_OUTPUT_COLLECTOR		test=false	code=false
IMPL-DELAYED_OUTPUT	IMPL-DELAYED_OUTPUT::NEW_OUTPUT_COLLECTOR	T001	test=true	code=true
IMPL-DELAYED_OUTPUT	IMPL-DELAYED_OUTPUT::ADD_STDOUT		test=false	code=false
IMPL-DELAYED_OUTPUT	IMPL-DELAYED_OUTPUT::ADD_STDOUT	T001	test=true	code=true
IMPL-DELAYED_OUTPUT	IMPL-DELAYED_OUTPUT::ADD_STDERR		test=false	code=false
IMPL-DELAYED_OUTPUT	IMPL-DELAYED_OUTPUT::ADD_STDERR	T001	test=true	code=true
IMPL-DELAYED_OUTPUT	IMPL-DELAYED_OUTPUT::GET_MESSAGES		test=false	code=false
IMPL-DELAYED_OUTPUT	IMPL-DELAYED_OUTPUT::GET_MESSAGES	T001	test=true	code=true
IMPL-DELAYED_OUTPUT	IMPL-DELAYED_OUTPUT::FLUSH_ALL		test=false	code=false
IMPL-DELAYED_OUTPUT	IMPL-DELAYED_OUTPUT::FLUSH_ALL	T001	test=true	code=true
IMPL-DELAYED_OUTPUT	IMPL-DELAYED_OUTPUT::FLUSH_ALL	T002	test=true	code=true
IMPL-DELAYED_OUTPUT	IMPL-DELAYED_OUTPUT::FLUSH_STDOUT		test=false	code=false
IMPL-DELAYED_OUTPUT	IMPL-DELAYED_OUTPUT::FLUSH_STDOUT	T001	test=true	code=true
IMPL-DELAYED_OUTPUT	IMPL-DELAYED_OUTPUT::FLUSH_STDERR		test=false	code=false
IMPL-DELAYED_OUTPUT	IMPL-DELAYED_OUTPUT::FLUSH_STDERR	T001	test=true	code=true
IMPL-DELAYED_OUTPUT	IMPL-DELAYED_OUTPUT::CLEAR		test=false	code=false
IMPL-DELAYED_OUTPUT	IMPL-DELAYED_OUTPUT::CLEAR	T001	test=true	code=true
IMPL-DELAYED_OUTPUT	IMPL-DELAYED_OUTPUT::IS_DELAYED_MODE		test=false	code=false
IMPL-DELAYED_OUTPUT	IMPL-DELAYED_OUTPUT::IS_DELAYED_MODE	T001	test=true	code=true
IMPL-DELAYED_OUTPUT	IMPL-DELAYED_OUTPUT::GET_COLLECTOR		test=false	code=false
IMPL-DELAYED_OUTPUT	IMPL-DELAYED_OUTPUT::GET_COLLECTOR	T001	test=true	code=true
IMPL-DELAYED_OUTPUT	IMPL-DELAYED_OUTPUT::SET_COLLECTOR		test=false	code=false
IMPL-DELAYED_OUTPUT	IMPL-DELAYED_OUTPUT::SET_COLLECTOR	T001	test=true	code=true
IMPL-DELAYED_OUTPUT	IMPL-DELAYED_OUTPUT::PRINT_ROUTING		test=true	code=true
IMPL-DELAYED_OUTPUT	IMPL-DELAYED_OUTPUT::PRINT_ROUTING	T001	test=true	code=true
IMPL-DELAYED_OUTPUT	IMPL-DELAYED_OUTPUT::PRINT_ROUTING	T002	test=true	code=true
IMPL-DELAYED_OUTPUT	IMPL-DELAYED_OUTPUT::NEW_OUTPUT_FORMATTER_WITH_COLLECTOR		test=false	code=false
IMPL-DELAYED_OUTPUT	IMPL-DELAYED_OUTPUT::NEW_OUTPUT_FORMATTER_WITH_COLLECTOR	T001	test=true	code=true
IMPL-DEPENDENCY_MGMT	IMPL-DEPENDENCY_MGMT::ENFORCE_DEPENDENCY_RULES		test=false	code=false
IMPL-DEPENDENCY_MGMT	IMPL-DEPENDENCY_MGMT::ENFORCE_DEPENDENCY_RULES	T001	test=false	code=false
IMPL-DEPENDENCY_MGMT	IMPL-DEPENDENCY_MGMT::VERSION_WITH_GO_MODULES		test=false	code=false
IMPL-DEPENDENCY_MGMT	IMPL-DEPENDENCY_MGMT::VERSION_WITH_GO_MODULES	T001	test=false	code=false
IMPL-DIFF_COMMAND	IMPL-DIFF_COMMAND::FIND_LATEST_FULL_ARCHIVE		test=false	code=false
IMPL-DIFF_COMMAND	IMPL-DIFF_COMMAND::FIND_LATEST_FULL_ARCHIVE	T001	test=true	code=true
IMPL-DIFF_COMMAND	IMPL-DIFF_COMMAND::FIND_LATEST_INCREMENTAL_ARCHIVE		test=false	code=false
IMPL-DIFF_COMMAND	IMPL-DIFF_COMMAND::FIND_LATEST_INCREMENTAL_ARCHIVE	T001	test=true	code=true
IMPL-DIFF_COMMAND	IMPL-DIFF_COMMAND::RECONSTRUCT_ARCHIVE_STATE		test=false	code=false
IMPL-DIFF_COMMAND	IMPL-DIFF_COMMAND::RECONSTRUCT_ARCHIVE_STATE	T001	test=true	code=true
IMPL-DIFF_COMMAND	IMPL-DIFF_COMMAND::CALCULATE_DIFF		test=false	code=false
IMPL-DIFF_COMMAND	IMPL-DIFF_COMMAND::CALCULATE_DIFF	T001	test=true	code=true
IMPL-DIFF_COMMAND	IMPL-DIFF_COMMAND::DIFF_CMD		test=false	code=false
IMPL-DIFF_COMMAND	IMPL-DIFF_COMMAND::DIFF_CMD	T001	test=true	code=true
IMPL-DIFF_COMMAND	IMPL-DIFF_COMMAND::FORMAT_DIFF_RESULT		test=false	code=false
IMPL-DIFF_COMMAND	IMPL-DIFF_COMMAND::FORMAT_DIFF_RESULT	T001	test=true	code=true
IMPL-DIFF_COMMAND	IMPL-DIFF_COMMAND::PRINT_DIFF_RESULT		test=false	code=false
IMPL-DIFF_COMMAND	IMPL-DIFF_COMMAND::PRINT_DIFF_RESULT	T001	test=true	code=true
IMPL-DIRECTORY_COMPARISON	IMPL-DIRECTORY_COMPARISON::CREATE_DIRECTORY_SNAPSHOT		test=false	code=false
IMPL-DIRECTORY_COMPARISON	IMPL-DIRECTORY_COMPARISON::CREATE_DIRECTORY_SNAPSHOT	T001	test=true	code=true
IMPL-DIRECTORY_COMPARISON	IMPL-DIRECTORY_COMPARISON::CREATE_ARCHIVE_SNAPSHOT		test=false	code=false
IMPL-DIRECTORY_COMPARISON	IMPL-DIRECTORY_COMPARISON::CREATE_ARCHIVE_SNAPSHOT	T001	test=true	code=true
IMPL-DIRECTORY_COMPARISON	IMPL-DIRECTORY_COMPARISON::COMPARE_SNAPSHOTS		test=false	code=false
IMPL-DIRECTORY_COMPARISON	IMPL-DIRECTORY_COMPARISON::COMPARE_SNAPSHOTS	T001	test=true	code=true
IMPL-DIRECTORY_COMPARISON	IMPL-DIRECTORY_COMPARISON::IS_DIRECTORY_IDENTICAL_TO_ARCHIVE		test=false	code=false
IMPL-DIRECTORY_COMPARISON	IMPL-DIRECTORY_COMPARISON::IS_DIRECTORY_IDENTICAL_TO_ARCHIVE	T001	test=true	code=true
IMPL-DIRECTORY_COMPARISON	IMPL-DIRECTORY_COMPARISON::IS_DIRECTORY_IDENTICAL_TO_ARCHIVE	T002	test=true	code=true
IMPL-DIRECTORY_COMPARISON	IMPL-DIRECTORY_COMPARISON::FIND_MOST_RECENT_ARCHIVE		test=false	code=false
IMPL-DIRECTORY_COMPARISON	IMPL-DIRECTORY_COMPARISON::FIND_MOST_RECENT_ARCHIVE	T001	test=true	code=true
IMPL-DIRECTORY_COMPARISON	IMPL-DIRECTORY_COMPARISON::FIND_MOST_RECENT_ARCHIVE	T002	test=true	code=true
IMPL-DIRECTORY_COMPARISON	IMPL-DIRECTORY_COMPARISON::CHECK_FOR_IDENTICAL_ARCHIVE		test=false	code=false
IMPL-DIRECTORY_COMPARISON	IMPL-DIRECTORY_COMPARISON::CHECK_FOR_IDENTICAL_ARCHIVE	T001	test=true	code=true
IMPL-DIRECTORY_COMPARISON	IMPL-DIRECTORY_COMPARISON::CHECK_FOR_IDENTICAL_ARCHIVE	T002	test=true	code=true
IMPL-DIRECTORY_COMPARISON	IMPL-DIRECTORY_COMPARISON::GET_DIRECTORY_TREE_SUMMARY		test=false	code=false
IMPL-DIRECTORY_COMPARISON	IMPL-DIRECTORY_COMPARISON::GET_DIRECTORY_TREE_SUMMARY	T001	test=true	code=true
IMPL-DIRECTORY_COMPARISON	IMPL-DIRECTORY_COMPARISON::GET_DIRECTORY_TREE_SUMMARY	T002	test=true	code=true
IMPL-DIRECTORY_COMPARISON	IMPL-DIRECTORY_COMPARISON::GET_ARCHIVE_TREE_SUMMARY		test=false	code=false
IMPL-DIRECTORY_COMPARISON	IMPL-DIRECTORY_COMPARISON::GET_ARCHIVE_TREE_SUMMARY	T001	test=true	code=true
IMPL-DIRECTORY_COMPARISON	IMPL-DIRECTORY_COMPARISON::GET_ARCHIVE_TREE_SUMMARY	T002	test=true	code=true
IMPL-DOC_ENHANCEMENT	IMPL-DOC_ENHANCEMENT::MAINTAIN_CROSS_DOCUMENT_CONSISTENCY		test=false	code=false
IMPL-DOC_ENHANCEMENT	IMPL-DOC_ENHANCEMENT::MAINTAIN_CROSS_DOCUMENT_CONSISTENCY	T001	test=false	code=false
IMPL-DOC_ENHANCEMENT	IMPL-DOC_ENHANCEMENT::VALIDATE_DOCUMENTATION_CONSISTENCY		test=false	code=false
IMPL-DOC_ENHANCEMENT	IMPL-DOC_ENHANCEMENT::VALIDATE_DOCUMENTATION_CONSISTENCY	T001	test=false	code=false
IMPL-DOC_ENHANCEMENT	IMPL-DOC_ENHANCEMENT::DEFINE_BEHAVIORAL_CONTRACTS		test=false	code=false
IMPL-DOC_ENHANCEMENT	IMPL-DOC_ENHANCEMENT::DEFINE_BEHAVIORAL_CONTRACTS	T001	test=false	code=false
IMPL-DOC_ENHANCEMENT	IMPL-DOC_ENHANCEMENT::ANALYZE_CHANGE_IMPACT		test=false	code=false
IMPL-DOC_ENHANCEMENT	IMPL-DOC_ENHANCEMENT::ANALYZE_CHANGE_IMPACT	T001	test=false	code=false
IMPL-DUAL_FORMATTING	IMPL-DUAL_FORMATTING::FORMAT_CREATED_ARCHIVE_PRINTF		test=true	code=true
IMPL-DUAL_FORMATTING	IMPL-DUAL_FORMATTING::FORMAT_CREATED_ARCHIVE_PRINTF	T001	test=true	code=true
IMPL-DUAL_FORMATTING	IMPL-DUAL_FORMATTING::FORMAT_LIST_ARCHIVE_DUAL_MODE		test=false	code=false
IMPL-DUAL_FORMATTING	IMPL-DUAL_FORMATTING::FORMAT_LIST_ARCHIVE_DUAL_MODE	T001	test=true	code=true
IMPL-DUAL_FORMATTING	IMPL-DUAL_FORMATTING::FORMAT_LIST_ARCHIVE_DUAL_MODE	T002	test=true	code=true
IMPL-DUAL_FORMATTING	IMPL-DUAL_FORMATTING::FORMAT_CONFIG_VALUE_PRINTF		test=true	code=true
IMPL-DUAL_FORMATTING	IMPL-DUAL_FORMATTING::FORMAT_CONFIG_VALUE_PRINTF	T001	test=true	code=true
IMPL-DUAL_FORMATTING	IMPL-DUAL_FORMATTING::FORMAT_PROVIDER_INTERFACES		test=true	code=true
IMPL-DUAL_FORMATTING	IMPL-DUAL_FORMATTING::FORMAT_PROVIDER_INTERFACES	T001	test=true	code=true
IMPL-DUAL_FORMATTING	IMPL-DUAL_FORMATTING::FORMAT_PROVIDER_INTERFACES	T002	test=true	code=true
IMPL-DUAL_FORMATTING	IMPL-DUAL_FORMATTING::TEMPLATE_FORMATTER_PLACEHOLDERS		test=true	code=true
IMPL-DUAL_FORMATTING	IMPL-DUAL_FORMATTING::TEMPLATE_FORMATTER_PLACEHOLDERS	T001	test=true	code=true
IMPL-DUAL_FORMATTING	IMPL-DUAL_FORMATTING::TEMPLATE_FORMATTER_PLACEHOLDERS	T002	test=true	code=true
IMPL-DUAL_FORMATTING	IMPL-DUAL_FORMATTING::FORMAT_WITH_TEMPLATE		test=false	code=false
IMPL-DUAL_FORMATTING	IMPL-DUAL_FORMATTING::FORMAT_WITH_TEMPLATE	T001	test=true	code=true
IMPL-DUAL_FORMATTING	IMPL-DUAL_FORMATTING::FORMAT_WITH_TEMPLATE	T002	test=true	code=true
IMPL-DUAL_FORMATTING	IMPL-DUAL_FORMATTING::EXTRACT_PATTERN_DATA		test=false	code=false
IMPL-DUAL_FORMATTING	IMPL-DUAL_FORMATTING::EXTRACT_PATTERN_DATA	T001	test=true	code=true
IMPL-DUAL_FORMATTING	IMPL-DUAL_FORMATTING::EXTRACT_PATTERN_DATA	T002	test=true	code=true
IMPL-DUAL_FORMATTING	IMPL-DUAL_FORMATTING::SIMPLE_PLACEHOLDER_REPLACE		test=true	code=true
IMPL-DUAL_FORMATTING	IMPL-DUAL_FORMATTING::SIMPLE_PLACEHOLDER_REPLACE	T001	test=true	code=true
IMPL-DUAL_FORMATTING	IMPL-DUAL_FORMATTING::PRINT_WITH_DELAYED_ROUTING		test=true	code=true
IMPL-DUAL_FORMATTING	IMPL-DUAL_FORMATTING::PRINT_WITH_DELAYED_ROUTING	T001	test=true	code=true
IMPL-EXCLUDE_MERGE_FIX	IMPL-EXCLUDE_MERGE_FIX::APPLY_MERGE_STRATEGIES_EXCLUDE		test=true	code=true
IMPL-EXCLUDE_MERGE_FIX	IMPL-EXCLUDE_MERGE_FIX::APPLY_MERGE_STRATEGIES_EXCLUDE	T001	test=true	code=true
IMPL-EXCLUDE_MERGE_FIX	IMPL-EXCLUDE_MERGE_FIX::APPLY_MERGE_DEDUPE		test=true	code=true
IMPL-EXCLUDE_MERGE_FIX	IMPL-EXCLUDE_MERGE_FIX::APPLY_MERGE_DEDUPE	T001	test=true	code=true
IMPL-EXCLUDE_MERGE_FIX	IMPL-EXCLUDE_MERGE_FIX::SET_CONFIG_FIELD		test=false	code=false
IMPL-EXCLUDE_MERGE_FIX	IMPL-EXCLUDE_MERGE_FIX::SET_CONFIG_FIELD	T001	test=true	code=true
IMPL-EXCLUDE_MERGE_FIX	IMPL-EXCLUDE_MERGE_FIX::IS_KNOWN_CONFIG_FIELD		test=false	code=false
IMPL-EXCLUDE_MERGE_FIX	IMPL-EXCLUDE_MERGE_FIX::IS_KNOWN_CONFIG_FIELD	T001	test=true	code=true
IMPL-EXCLUSION_PATTERNS	IMPL-EXCLUSION_PATTERNS::NEW_PATTERN_MATCHER		test=false	code=false
IMPL-EXCLUSION_PATTERNS	IMPL-EXCLUSION_PATTERNS::NEW_PATTERN_MATCHER	T001	test=true	code=true
IMPL-EXCLUSION_PATTERNS	IMPL-EXCLUSION_PATTERNS::SHOULD_EXCLUDE		test=false	code=false
IMPL-EXCLUSION_PATTERNS	IMPL-EXCLUSION_PATTERNS::SHOULD_EXCLUDE	T001	test=true	code=true
IMPL-EXCLUSION_PATTERNS	IMPL-EXCLUSION_PATTERNS::MATCHES_PATTERN		test=false	code=false
IMPL-EXCLUSION_PATTERNS	IMPL-EXCLUSION_PATTERNS::MATCHES_PATTERN	T001	test=true	code=true
IMPL-EXCLUSION_PATTERNS	IMPL-EXCLUSION_PATTERNS::SHOULD_EXCLUDE_FILE		test=false	code=false
IMPL-EXCLUSION_PATTERNS	IMPL-EXCLUSION_PATTERNS::SHOULD_EXCLUDE_FILE	T001	test=true	code=true
IMPL-EXTRACT_008_DOC_MIGRATION	IMPL-EXTRACT_008_DOC_MIGRATION::EXTRACT_008_DOCUMENTATION_MIGRATION		test=false	code=false
IMPL-EXTRACT_008_DOC_MIGRATION	IMPL-EXTRACT_008_DOC_MIGRATION::EXTRACT_008_DOCUMENTATION_MIGRATION	T001	test=false	code=false
IMPL-EXTRACT_008_DOC_MIGRATION	IMPL-EXTRACT_008_DOC_MIGRATION::EXTRACT_008_DOCUMENTATION_MIGRATION	T002	test=false	code=false
IMPL-EXTRACT_008_DOC_MIGRATION	IMPL-EXTRACT_008_DOC_MIGRATION::EXTRACT_008_DOCUMENTATION_MIGRATION	T003	test=false	code=false
IMPL-EXTRACTION_CHALLENGES	IMPL-EXTRACTION_CHALLENGES::EXTRACT_TEST_UTILITIES		test=false	code=false
IMPL-EXTRACTION_CHALLENGES	IMPL-EXTRACTION_CHALLENGES::EXTRACT_TEST_UTILITIES	T001	test=false	code=false
IMPL-EXTRACTION_CHALLENGES	IMPL-EXTRACTION_CHALLENGES::CREATE_PACKAGE_SPECIFIC_TESTS		test=false	code=false
IMPL-EXTRACTION_CHALLENGES	IMPL-EXTRACTION_CHALLENGES::CREATE_PACKAGE_SPECIFIC_TESTS	T001	test=false	code=false
IMPL-EXTRACTION_CHALLENGES	IMPL-EXTRACTION_CHALLENGES::RESOLVE_CONFIG_COUPLING		test=false	code=false
IMPL-EXTRACTION_CHALLENGES	IMPL-EXTRACTION_CHALLENGES::RESOLVE_CONFIG_COUPLING	T001	test=false	code=false
IMPL-EXTRACTION_PRINCIPLES	IMPL-EXTRACTION_PRINCIPLES::PLAN_EXTRACTION_ORDER		test=false	code=false
IMPL-EXTRACTION_PRINCIPLES	IMPL-EXTRACTION_PRINCIPLES::PLAN_EXTRACTION_ORDER	T001	test=false	code=false
IMPL-FILE_OPERATIONS	IMPL-FILE_OPERATIONS::NEW_TRAVERSER		test=false	code=false
IMPL-FILE_OPERATIONS	IMPL-FILE_OPERATIONS::NEW_TRAVERSER	T001	test=true	code=true
IMPL-FILE_OPERATIONS	IMPL-FILE_OPERATIONS::NEW_TRAVERSER_WITH_PATTERNS		test=false	code=false
IMPL-FILE_OPERATIONS	IMPL-FILE_OPERATIONS::NEW_TRAVERSER_WITH_PATTERNS	T001	test=true	code=true
IMPL-FILE_OPERATIONS	IMPL-FILE_OPERATIONS::WALK		test=false	code=false
IMPL-FILE_OPERATIONS	IMPL-FILE_OPERATIONS::WALK	T001	test=true	code=true
IMPL-FILE_OPERATIONS	IMPL-FILE_OPERATIONS::WALK_WITH_EXCLUSIONS		test=false	code=false
IMPL-FILE_OPERATIONS	IMPL-FILE_OPERATIONS::WALK_WITH_EXCLUSIONS	T001	test=true	code=true
IMPL-FILE_OPERATIONS	IMPL-FILE_OPERATIONS::WALK_WITH_OPTIONS		test=false	code=false
IMPL-FILE_OPERATIONS	IMPL-FILE_OPERATIONS::WALK_WITH_OPTIONS	T001	test=true	code=true
IMPL-FILE_OPERATIONS	IMPL-FILE_OPERATIONS::WALK_WITH_OPTIONS	T002	test=true	code=true
IMPL-FILE_OPERATIONS	IMPL-FILE_OPERATIONS::WALK_RECURSIVE		test=false	code=false
IMPL-FILE_OPERATIONS	IMPL-FILE_OPERATIONS::WALK_RECURSIVE	T001	test=true	code=true
IMPL-FILE_OPERATIONS	IMPL-FILE_OPERATIONS::WALK_RECURSIVE	T002	test=true	code=true
IMPL-FILE_OPERATIONS	IMPL-FILE_OPERATIONS::LIST_FILES		test=false	code=false
IMPL-FILE_OPERATIONS	IMPL-FILE_OPERATIONS::LIST_FILES	T001	test=true	code=true
IMPL-FILE_OPERATIONS	IMPL-FILE_OPERATIONS::LIST_FILES_WITH_EXCLUSIONS		test=false	code=false
IMPL-FILE_OPERATIONS	IMPL-FILE_OPERATIONS::LIST_FILES_WITH_EXCLUSIONS	T001	test=true	code=true
IMPL-FILE_OPERATIONS	IMPL-FILE_OPERATIONS::VALIDATE_PATH		test=false	code=false
IMPL-FILE_OPERATIONS	IMPL-FILE_OPERATIONS::VALIDATE_PATH	T001	test=true	code=true
IMPL-FILE_OPERATIONS	IMPL-FILE_OPERATIONS::VALIDATE_PATH	T002	test=true	code=true
IMPL-FILE_OPERATIONS	IMPL-FILE_OPERATIONS::VALIDATE_EXISTENCE		test=false	code=false
IMPL-FILE_OPERATIONS	IMPL-FILE_OPERATIONS::VALIDATE_EXISTENCE	T001	test=true	code=true
IMPL-FILE_OPERATIONS	IMPL-FILE_OPERATIONS::VALIDATE_READABLE		test=false	code=false
IMPL-FILE_OPERATIONS	IMPL-FILE_OPERATIONS::VALIDATE_READABLE	T001	test=true	code=true
IMPL-FILE_OPERATIONS	IMPL-FILE_OPERATIONS::VALIDATE_WRITABLE		test=false	code=false
IMPL-FILE_OPERATIONS	IMPL-FILE_OPERATIONS::VALIDATE_WRITABLE	T001	test=true	code=true
IMPL-FILE_OPERATIONS	IMPL-FILE_OPERATIONS::IS_SECURE_PATH		test=false	code=false
IMPL-FILE_OPERATIONS	IMPL-FILE_OPERATIONS::IS_SECURE_PATH	T001	test=true	code=true
IMPL-FILE_STATISTICS_TEMPLATE_FIX	IMPL-FILE_STATISTICS_TEMPLATE_FIX::FORMAT_CREATED_ARCHIVE_WITH_STATS		test=false	code=false
IMPL-FILE_STATISTICS_TEMPLATE_FIX	IMPL-FILE_STATISTICS_TEMPLATE_FIX::FORMAT_CREATED_ARCHIVE_WITH_STATS	T001	test=true	code=true
IMPL-FILE_STATISTICS_TEMPLATE_FIX	IMPL-FILE_STATISTICS_TEMPLATE_FIX::FORMAT_INCREMENTAL_CREATED_WITH_STATS		test=false	code=false
IMPL-FILE_STATISTICS_TEMPLATE_FIX	IMPL-FILE_STATISTICS_TEMPLATE_FIX::FORMAT_INCREMENTAL_CREATED_WITH_STATS	T001	test=true	code=true
IMPL-FILE_STATISTICS_TEMPLATE_FIX	IMPL-FILE_STATISTICS_TEMPLATE_FIX::PRINT_CREATED_ARCHIVE_WITH_STATS		test=false	code=false
IMPL-FILE_STATISTICS_TEMPLATE_FIX	IMPL-FILE_STATISTICS_TEMPLATE_FIX::PRINT_CREATED_ARCHIVE_WITH_STATS	T001	test=true	code=true
IMPL-FILE_STATISTICS_TEMPLATE_FIX	IMPL-FILE_STATISTICS_TEMPLATE_FIX::PRINT_INCREMENTAL_CREATED_WITH_STATS		test=false	code=false
IMPL-FILE_STATISTICS_TEMPLATE_FIX	IMPL-FILE_STATISTICS_TEMPLATE_FIX::PRINT_INCREMENTAL_CREATED_WITH_STATS	T001	test=true	code=true
IMPL-FILE_STATISTICS	IMPL-FILE_STATISTICS::GATHER_FILE_STAT_INFO		test=false	code=false
IMPL-FILE_STATISTICS	IMPL-FILE_STATISTICS::GATHER_FILE_STAT_INFO	T001	test=true	code=true
IMPL-FILE_STATISTICS	IMPL-FILE_STATISTICS::GATHER_FILE_STAT_INFO	T002	test=true	code=true
IMPL-FILE_STATISTICS	IMPL-FILE_STATISTICS::FORMAT_HUMAN_SIZE		test=false	code=false
IMPL-FILE_STATISTICS	IMPL-FILE_STATISTICS::FORMAT_HUMAN_SIZE	T001	test=true	code=true
IMPL-FILE_STATISTICS	IMPL-FILE_STATISTICS::GET_FILE_TYPE		test=false	code=false
IMPL-FILE_STATISTICS	IMPL-FILE_STATISTICS::GET_FILE_TYPE	T001	test=true	code=true
IMPL-GIT_CLI	IMPL-GIT_CLI::DEFAULT_CONFIG		test=false	code=false
IMPL-GIT_CLI	IMPL-GIT_CLI::DEFAULT_CONFIG	T001	test=true	code=true
IMPL-GIT_CLI	IMPL-GIT_CLI::EXECUTE_GIT_COMMAND		test=false	code=false
IMPL-GIT_CLI	IMPL-GIT_CLI::EXECUTE_GIT_COMMAND	T001	test=true	code=true
IMPL-GIT_CLI	IMPL-GIT_CLI::EXECUTE_GIT_COMMAND	T002	test=true	code=true
IMPL-GIT_CLI	IMPL-GIT_CLI::IS_REPOSITORY		test=false	code=false
IMPL-GIT_CLI	IMPL-GIT_CLI::IS_REPOSITORY	T001	test=true	code=true
IMPL-GIT_CLI	IMPL-GIT_CLI::GET_BRANCH		test=false	code=false
IMPL-GIT_CLI	IMPL-GIT_CLI::GET_BRANCH	T001	test=true	code=true
IMPL-GIT_CLI	IMPL-GIT_CLI::GET_SHORT_HASH		test=false	code=false
IMPL-GIT_CLI	IMPL-GIT_CLI::GET_SHORT_HASH	T001	test=true	code=true
IMPL-GIT_CLI	IMPL-GIT_CLI::IS_WORKING_DIRECTORY_CLEAN		test=false	code=false
IMPL-GIT_CLI	IMPL-GIT_CLI::IS_WORKING_DIRECTORY_CLEAN	T001	test=true	code=true
IMPL-GIT_CLI	IMPL-GIT_CLI::GET_INFO		test=false	code=false
IMPL-GIT_CLI	IMPL-GIT_CLI::GET_INFO	T001	test=true	code=true
IMPL-GIT_CLI	IMPL-GIT_CLI::GET_INFO	T002	test=true	code=true
IMPL-GIT_CLI	IMPL-GIT_CLI::GET_INFO_WITH_STATUS		test=false	code=false
IMPL-GIT_CLI	IMPL-GIT_CLI::GET_INFO_WITH_STATUS	T001	test=true	code=true
IMPL-GIT_CLI	IMPL-GIT_CLI::GET_INFO_WITH_STATUS	T002	test=true	code=true
IMPL-GIT_CLI	IMPL-GIT_CLI::IS_SUBMODULE		test=false	code=false
IMPL-GIT_CLI	IMPL-GIT_CLI::IS_SUBMODULE	T001	test=true	code=true
IMPL-GIT_CLI	IMPL-GIT_CLI::GET_SUBMODULES		test=false	code=false
IMPL-GIT_CLI	IMPL-GIT_CLI::GET_SUBMODULES	T001	test=true	code=true
IMPL-GIT_CLI	IMPL-GIT_CLI::LEGACY_IS_GIT_REPOSITORY_WRAPPER		test=true	code=true
IMPL-GIT_CLI	IMPL-GIT_CLI::LEGACY_IS_GIT_REPOSITORY_WRAPPER	T001	test=true	code=true
IMPL-GIT_DIRTY_CONFIG	IMPL-GIT_DIRTY_CONFIG::GENERATE_FULL_ARCHIVE_NAME_FROM_CONFIG		test=false	code=false
IMPL-GIT_DIRTY_CONFIG	IMPL-GIT_DIRTY_CONFIG::GENERATE_FULL_ARCHIVE_NAME_FROM_CONFIG	T001	test=true	code=true
IMPL-GIT_DIRTY_CONFIG	IMPL-GIT_DIRTY_CONFIG::GENERATE_INCREMENTAL_ARCHIVE_NAME		test=false	code=false
IMPL-GIT_DIRTY_CONFIG	IMPL-GIT_DIRTY_CONFIG::GENERATE_INCREMENTAL_ARCHIVE_NAME	T001	test=true	code=true
IMPL-GIT_DIRTY_CONFIG	IMPL-GIT_DIRTY_CONFIG::GENERATE_FULL_ARCHIVE_NAME		test=false	code=false
IMPL-GIT_DIRTY_CONFIG	IMPL-GIT_DIRTY_CONFIG::GENERATE_FULL_ARCHIVE_NAME	T001	test=true	code=true
IMPL-GIT_DIRTY_CONFIG	IMPL-GIT_DIRTY_CONFIG::MERGE_SHOW_GIT_DIRTY_STATUS		test=false	code=false
IMPL-GIT_DIRTY_CONFIG	IMPL-GIT_DIRTY_CONFIG::MERGE_SHOW_GIT_DIRTY_STATUS	T001	test=true	code=true
IMPL-INCREMENTAL_DUPLICATE_PREVENTION	IMPL-INCREMENTAL_DUPLICATE_PREVENTION::CREATE_INCREMENTAL_ARCHIVE		test=false	code=false
IMPL-INCREMENTAL_DUPLICATE_PREVENTION	IMPL-INCREMENTAL_DUPLICATE_PREVENTION::CREATE_INCREMENTAL_ARCHIVE	T001	test=true	code=true
IMPL-INCREMENTAL_DUPLICATE_PREVENTION	IMPL-INCREMENTAL_DUPLICATE_PREVENTION::CREATE_INCREMENTAL_ARCHIVE	T002	test=true	code=true
IMPL-INCREMENTAL_DUPLICATE_PREVENTION	IMPL-INCREMENTAL_DUPLICATE_PREVENTION::PRINT_INCREMENTAL_SKIPPED_NO_CHANGES		test=false	code=false
IMPL-INCREMENTAL_DUPLICATE_PREVENTION	IMPL-INCREMENTAL_DUPLICATE_PREVENTION::PRINT_INCREMENTAL_SKIPPED_NO_CHANGES	T001	test=true	code=true
IMPL-INTERFACE_DRIVEN	IMPL-INTERFACE_DRIVEN::DISCOVER_CONSUMER_SURFACE		test=false	code=false
IMPL-INTERFACE_DRIVEN	IMPL-INTERFACE_DRIVEN::DISCOVER_CONSUMER_SURFACE	T001	test=false	code=false
IMPL-INTERFACE_DRIVEN	IMPL-INTERFACE_DRIVEN::DEFINE_INTERFACE_IN_CONSUMER		test=false	code=false
IMPL-INTERFACE_DRIVEN	IMPL-INTERFACE_DRIVEN::DEFINE_INTERFACE_IN_CONSUMER	T001	test=false	code=false
IMPL-INTERFACE_DRIVEN	IMPL-INTERFACE_DRIVEN::IMPLEMENT_AND_REGISTER		test=false	code=false
IMPL-INTERFACE_DRIVEN	IMPL-INTERFACE_DRIVEN::IMPLEMENT_AND_REGISTER	T001	test=false	code=false
IMPL-INTERFACE_DRIVEN	IMPL-INTERFACE_DRIVEN::VERIFY_WITH_MOCKS		test=false	code=false
IMPL-INTERFACE_DRIVEN	IMPL-INTERFACE_DRIVEN::VERIFY_WITH_MOCKS	T001	test=false	code=false
IMPL-INTERFACE_FIRST	IMPL-INTERFACE_FIRST::DESIGN_PACKAGE_INTERFACES		test=false	code=false
IMPL-INTERFACE_FIRST	IMPL-INTERFACE_FIRST::DESIGN_PACKAGE_INTERFACES	T001	test=false	code=false
IMPL-INTERFACE_FIRST	IMPL-INTERFACE_FIRST::IMPLEMENT_AGAINST_INTERFACES		test=false	code=false
IMPL-INTERFACE_FIRST	IMPL-INTERFACE_FIRST::IMPLEMENT_AGAINST_INTERFACES	T001	test=false	code=false
IMPL-INTERFACE_FIRST	IMPL-INTERFACE_FIRST::ENABLE_INDEPENDENT_TESTING		test=false	code=false
IMPL-INTERFACE_FIRST	IMPL-INTERFACE_FIRST::ENABLE_INDEPENDENT_TESTING	T001	test=true	code=true
IMPL-INTERFACE_FIRST	IMPL-INTERFACE_FIRST::VERSION_INTERFACE_EVOLUTION		test=false	code=false
IMPL-INTERFACE_FIRST	IMPL-INTERFACE_FIRST::VERSION_INTERFACE_EVOLUTION	T001	test=false	code=false
IMPL-LARGE_FILE_CHALLENGE	IMPL-LARGE_FILE_CHALLENGE::LARGE_FILE_DECOMPOSITION		test=false	code=false
IMPL-LARGE_FILE_CHALLENGE	IMPL-LARGE_FILE_CHALLENGE::LARGE_FILE_DECOMPOSITION	T001	test=false	code=false
IMPL-LARGE_FILE_DECOMP	IMPL-LARGE_FILE_DECOMP::IDENTIFY_COMPONENT_BOUNDARIES		test=false	code=false
IMPL-LARGE_FILE_DECOMP	IMPL-LARGE_FILE_DECOMP::IDENTIFY_COMPONENT_BOUNDARIES	T001	test=false	code=false
IMPL-LARGE_FILE_DECOMP	IMPL-LARGE_FILE_DECOMP::EXTRACT_WITH_INTERFACE_COMPAT		test=false	code=false
IMPL-LARGE_FILE_DECOMP	IMPL-LARGE_FILE_DECOMP::EXTRACT_WITH_INTERFACE_COMPAT	T001	test=false	code=false
IMPL-LARGE_FILE_DECOMP	IMPL-LARGE_FILE_DECOMP::VERIFY_DECOMPOSITION_WITH_TESTS		test=false	code=false
IMPL-LARGE_FILE_DECOMP	IMPL-LARGE_FILE_DECOMP::VERIFY_DECOMPOSITION_WITH_TESTS	T001	test=false	code=false
IMPL-LAYERED_EXTRACTION	IMPL-LAYERED_EXTRACTION::EXTRACT_INFRASTRUCTURE_LAYER		test=false	code=false
IMPL-LAYERED_EXTRACTION	IMPL-LAYERED_EXTRACTION::EXTRACT_INFRASTRUCTURE_LAYER	T001	test=false	code=false
IMPL-LAYERED_EXTRACTION	IMPL-LAYERED_EXTRACTION::EXTRACT_UTILITIES_LAYER		test=false	code=false
IMPL-LAYERED_EXTRACTION	IMPL-LAYERED_EXTRACTION::EXTRACT_UTILITIES_LAYER	T001	test=false	code=false
IMPL-LAYERED_EXTRACTION	IMPL-LAYERED_EXTRACTION::EXTRACT_FRAMEWORK_LAYER		test=false	code=false
IMPL-LAYERED_EXTRACTION	IMPL-LAYERED_EXTRACTION::EXTRACT_FRAMEWORK_LAYER	T001	test=false	code=false
IMPL-LAYERED_EXTRACTION	IMPL-LAYERED_EXTRACTION::EXTRACT_PATTERNS_LAYER		test=false	code=false
IMPL-LAYERED_EXTRACTION	IMPL-LAYERED_EXTRACTION::EXTRACT_PATTERNS_LAYER	T001	test=false	code=false
IMPL-LIST_FORMAT_SAFETY	IMPL-LIST_FORMAT_SAFETY::FORMAT_LIST_ARCHIVE		test=false	code=false
IMPL-LIST_FORMAT_SAFETY	IMPL-LIST_FORMAT_SAFETY::FORMAT_LIST_ARCHIVE	T001	test=true	code=true
IMPL-LIST_FORMAT_SAFETY	IMPL-LIST_FORMAT_SAFETY::FORMAT_LIST_BACKUP		test=false	code=false
IMPL-LIST_FORMAT_SAFETY	IMPL-LIST_FORMAT_SAFETY::FORMAT_LIST_BACKUP	T001	test=true	code=true
IMPL-LIST_FORMAT_SAFETY	IMPL-LIST_FORMAT_SAFETY::FORMAT_LIST_ARCHIVE_WITH_EXTRACTION		test=false	code=false
IMPL-LIST_FORMAT_SAFETY	IMPL-LIST_FORMAT_SAFETY::FORMAT_LIST_ARCHIVE_WITH_EXTRACTION	T001	test=true	code=true
IMPL-LIST_FORMAT_SAFETY	IMPL-LIST_FORMAT_SAFETY::FORMAT_LIST_ARCHIVE_SIMPLE		test=false	code=false
IMPL-LIST_FORMAT_SAFETY	IMPL-LIST_FORMAT_SAFETY::FORMAT_LIST_ARCHIVE_SIMPLE	T001	test=true	code=true
IMPL-LIST_FORMAT_SAFETY	IMPL-LIST_FORMAT_SAFETY::FORMAT_WITH_CONTEXT		test=false	code=false
IMPL-LIST_FORMAT_SAFETY	IMPL-LIST_FORMAT_SAFETY::FORMAT_WITH_CONTEXT	T001	test=true	code=true
IMPL-LIST_LIMIT	IMPL-LIST_LIMIT::REGISTER_LIMIT_FLAG		test=true	code=true
IMPL-LIST_LIMIT	IMPL-LIST_LIMIT::REGISTER_LIMIT_FLAG	T001	test=true	code=true
IMPL-LIST_LIMIT	IMPL-LIST_LIMIT::HANDLE_LIST_COMMAND		test=false	code=false
IMPL-LIST_LIMIT	IMPL-LIST_LIMIT::HANDLE_LIST_COMMAND	T001	test=true	code=true
IMPL-LIST_LIMIT	IMPL-LIST_LIMIT::LIST_ARCHIVES_ENHANCED		test=false	code=false
IMPL-LIST_LIMIT	IMPL-LIST_LIMIT::LIST_ARCHIVES_ENHANCED	T001	test=true	code=true
IMPL-LIST_LIMIT	IMPL-LIST_LIMIT::HANDLE_LIST_FILE_BACKUPS_COMMAND		test=false	code=false
IMPL-LIST_LIMIT	IMPL-LIST_LIMIT::HANDLE_LIST_FILE_BACKUPS_COMMAND	T001	test=true	code=true
IMPL-LIST_LIMIT	IMPL-LIST_LIMIT::LIST_FILE_BACKUPS_ENHANCED		test=false	code=false
IMPL-LIST_LIMIT	IMPL-LIST_LIMIT::LIST_FILE_BACKUPS_ENHANCED	T001	test=true	code=true
IMPL-LIST_LIMIT	IMPL-LIST_LIMIT::COMMAND_HANDLER_LIST		test=true	code=true
IMPL-LIST_LIMIT	IMPL-LIST_LIMIT::COMMAND_HANDLER_LIST	T001	test=true	code=true
IMPL-MCP_FEEDBACK_TOOLS	IMPL-MCP_FEEDBACK_TOOLS::GET_FEEDBACK_PATH		test=false	code=false
IMPL-MCP_FEEDBACK_TOOLS	IMPL-MCP_FEEDBACK_TOOLS::GET_FEEDBACK_PATH	T001	test=true	code=true
IMPL-MCP_FEEDBACK_TOOLS	IMPL-MCP_FEEDBACK_TOOLS::LOAD_FEEDBACK		test=false	code=false
IMPL-MCP_FEEDBACK_TOOLS	IMPL-MCP_FEEDBACK_TOOLS::LOAD_FEEDBACK	T001	test=false	code=false
IMPL-MCP_FEEDBACK_TOOLS	IMPL-MCP_FEEDBACK_TOOLS::APPEND_ENTRY		test=false	code=false
IMPL-MCP_FEEDBACK_TOOLS	IMPL-MCP_FEEDBACK_TOOLS::APPEND_ENTRY	T001	test=false	code=false
IMPL-MCP_FEEDBACK_TOOLS	IMPL-MCP_FEEDBACK_TOOLS::EXPORT_ENTRIES		test=false	code=false
IMPL-MCP_FEEDBACK_TOOLS	IMPL-MCP_FEEDBACK_TOOLS::EXPORT_ENTRIES	T001	test=false	code=false
IMPL-MCP_FEEDBACK_TOOLS	IMPL-MCP_FEEDBACK_TOOLS::MCP_HANDLER_ADD		test=false	code=false
IMPL-MCP_FEEDBACK_TOOLS	IMPL-MCP_FEEDBACK_TOOLS::MCP_HANDLER_ADD	T001	test=false	code=false
IMPL-MCP_FEEDBACK_TOOLS	IMPL-MCP_FEEDBACK_TOOLS::MCP_HANDLER_EXPORT		test=false	code=false
IMPL-MCP_FEEDBACK_TOOLS	IMPL-MCP_FEEDBACK_TOOLS::MCP_HANDLER_EXPORT	T001	test=false	code=false
IMPL-MODULE_VALIDATION	IMPL-MODULE_VALIDATION::IDENTIFY_MODULES		test=false	code=false
IMPL-MODULE_VALIDATION	IMPL-MODULE_VALIDATION::IDENTIFY_MODULES	T001	test=false	code=false
IMPL-MODULE_VALIDATION	IMPL-MODULE_VALIDATION::DEVELOP_INDEPENDENTLY		test=false	code=false
IMPL-MODULE_VALIDATION	IMPL-MODULE_VALIDATION::DEVELOP_INDEPENDENTLY	T001	test=false	code=false
IMPL-MODULE_VALIDATION	IMPL-MODULE_VALIDATION::VALIDATE_INDEPENDENTLY		test=false	code=false
IMPL-MODULE_VALIDATION	IMPL-MODULE_VALIDATION::VALIDATE_INDEPENDENTLY	T001	test=false	code=false
IMPL-MODULE_VALIDATION	IMPL-MODULE_VALIDATION::DOCUMENT_VALIDATION		test=false	code=false
IMPL-MODULE_VALIDATION	IMPL-MODULE_VALIDATION::DOCUMENT_VALIDATION	T001	test=true	code=true
IMPL-MODULE_VALIDATION	IMPL-MODULE_VALIDATION::INTEGRATE_AFTER_VALIDATION		test=false	code=false
IMPL-MODULE_VALIDATION	IMPL-MODULE_VALIDATION::INTEGRATE_AFTER_VALIDATION	T001	test=true	code=true
IMPL-PACKAGE_EXTRACTION	IMPL-PACKAGE_EXTRACTION::EXTRACT_PHASE		test=false	code=false
IMPL-PACKAGE_EXTRACTION	IMPL-PACKAGE_EXTRACTION::EXTRACT_PHASE	T001	test=true	code=true
IMPL-PACKAGE_EXTRACTION	IMPL-PACKAGE_EXTRACTION::MAINTAIN_LEGACY_COMPATIBILITY		test=false	code=false
IMPL-PACKAGE_EXTRACTION	IMPL-PACKAGE_EXTRACTION::MAINTAIN_LEGACY_COMPATIBILITY	T001	test=true	code=true
IMPL-PROCESSING_PATTERNS	IMPL-PROCESSING_PATTERNS::PIPELINE_EXECUTE		test=false	code=false
IMPL-PROCESSING_PATTERNS	IMPL-PROCESSING_PATTERNS::PIPELINE_EXECUTE	T001	test=true	code=true
IMPL-PROCESSING_PATTERNS	IMPL-PROCESSING_PATTERNS::EXECUTE_STAGE_WITH_RETRIES		test=false	code=false
IMPL-PROCESSING_PATTERNS	IMPL-PROCESSING_PATTERNS::EXECUTE_STAGE_WITH_RETRIES	T001	test=true	code=true
IMPL-PROCESSING_PATTERNS	IMPL-PROCESSING_PATTERNS::CONCURRENT_PROCESS		test=false	code=false
IMPL-PROCESSING_PATTERNS	IMPL-PROCESSING_PATTERNS::CONCURRENT_PROCESS	T001	test=true	code=true
IMPL-PROCESSING_PATTERNS	IMPL-PROCESSING_PATTERNS::WORKER_RUN		test=true	code=true
IMPL-PROCESSING_PATTERNS	IMPL-PROCESSING_PATTERNS::WORKER_RUN	T001	test=true	code=true
IMPL-PROCESSING_PATTERNS	IMPL-PROCESSING_PATTERNS::PROCESS_TASK		test=false	code=false
IMPL-PROCESSING_PATTERNS	IMPL-PROCESSING_PATTERNS::PROCESS_TASK	T001	test=true	code=true
IMPL-PROCESSING_PATTERNS	IMPL-PROCESSING_PATTERNS::NAMING_GENERATE_NAME		test=false	code=false
IMPL-PROCESSING_PATTERNS	IMPL-PROCESSING_PATTERNS::NAMING_GENERATE_NAME	T001	test=true	code=true
IMPL-PROCESSING_PATTERNS	IMPL-PROCESSING_PATTERNS::NAMING_PARSE_NAME		test=false	code=false
IMPL-PROCESSING_PATTERNS	IMPL-PROCESSING_PATTERNS::NAMING_PARSE_NAME	T001	test=true	code=true
IMPL-PROCESSING_PATTERNS	IMPL-PROCESSING_PATTERNS::NEW_PIPELINE		test=false	code=false
IMPL-PROCESSING_PATTERNS	IMPL-PROCESSING_PATTERNS::NEW_PIPELINE	T001	test=true	code=true
IMPL-PROCESSING_PATTERNS	IMPL-PROCESSING_PATTERNS::NEW_CONCURRENT_PROCESSOR		test=false	code=false
IMPL-PROCESSING_PATTERNS	IMPL-PROCESSING_PATTERNS::NEW_CONCURRENT_PROCESSOR	T001	test=true	code=true
IMPL-REFACTOR_PREP	IMPL-REFACTOR_PREP::DEFINE_INTERFACES_BEFORE_EXTRACTION		test=false	code=false
IMPL-REFACTOR_PREP	IMPL-REFACTOR_PREP::DEFINE_INTERFACES_BEFORE_EXTRACTION	T001	test=true	code=true
IMPL-REFACTOR_PREP	IMPL-REFACTOR_PREP::DECOMPOSE_LARGE_FILES		test=false	code=false
IMPL-REFACTOR_PREP	IMPL-REFACTOR_PREP::DECOMPOSE_LARGE_FILES	T001	test=true	code=true
IMPL-REFACTOR_PREP	IMPL-REFACTOR_PREP::ANALYZE_AND_CLEANUP_DEPENDENCIES		test=false	code=false
IMPL-REFACTOR_PREP	IMPL-REFACTOR_PREP::ANALYZE_AND_CLEANUP_DEPENDENCIES	T001	test=false	code=false
IMPL-RESOURCE_MANAGER	IMPL-RESOURCE_MANAGER::ADD_RESOURCE		test=false	code=false
IMPL-RESOURCE_MANAGER	IMPL-RESOURCE_MANAGER::ADD_RESOURCE	T001	test=true	code=true
IMPL-RESOURCE_MANAGER	IMPL-RESOURCE_MANAGER::ADD_TEMP_RESOURCES		test=false	code=false
IMPL-RESOURCE_MANAGER	IMPL-RESOURCE_MANAGER::ADD_TEMP_RESOURCES	T001	test=true	code=true
IMPL-RESOURCE_MANAGER	IMPL-RESOURCE_MANAGER::REMOVE_RESOURCE		test=false	code=false
IMPL-RESOURCE_MANAGER	IMPL-RESOURCE_MANAGER::REMOVE_RESOURCE	T001	test=true	code=true
IMPL-RESOURCE_MANAGER	IMPL-RESOURCE_MANAGER::CLEANUP		test=false	code=false
IMPL-RESOURCE_MANAGER	IMPL-RESOURCE_MANAGER::CLEANUP	T001	test=true	code=true
IMPL-RESOURCE_MANAGER	IMPL-RESOURCE_MANAGER::CLEANUP_WITH_PANIC_RECOVERY		test=false	code=false
IMPL-RESOURCE_MANAGER	IMPL-RESOURCE_MANAGER::CLEANUP_WITH_PANIC_RECOVERY	T001	test=true	code=true
IMPL-RESOURCE_MANAGER	IMPL-RESOURCE_MANAGER::CLEANUP_WITH_CONTEXT		test=false	code=false
IMPL-RESOURCE_MANAGER	IMPL-RESOURCE_MANAGER::CLEANUP_WITH_CONTEXT	T001	test=true	code=true
IMPL-SEMANTIC_CROSS_REF	IMPL-SEMANTIC_CROSS_REF::BUILD_FEATURE_REFERENCE_BLOCKS		test=false	code=false
IMPL-SEMANTIC_CROSS_REF	IMPL-SEMANTIC_CROSS_REF::BUILD_FEATURE_REFERENCE_BLOCKS	T001	test=false	code=false
IMPL-SEMANTIC_CROSS_REF	IMPL-SEMANTIC_CROSS_REF::VALIDATE_LINK_INTEGRITY		test=false	code=false
IMPL-SEMANTIC_CROSS_REF	IMPL-SEMANTIC_CROSS_REF::VALIDATE_LINK_INTEGRITY	T001	test=false	code=false
IMPL-SEMANTIC_CROSS_REF	IMPL-SEMANTIC_CROSS_REF::ENFORCE_CROSS_REFERENCE_CONSISTENCY		test=false	code=false
IMPL-SEMANTIC_CROSS_REF	IMPL-SEMANTIC_CROSS_REF::ENFORCE_CROSS_REFERENCE_CONSISTENCY	T001	test=false	code=false
IMPL-SPEC_CTL	IMPL-SPEC_CTL::VALIDATE_COMMAND		test=false	code=false
IMPL-SPEC_CTL	IMPL-SPEC_CTL::VALIDATE_COMMAND	T001	test=true	code=true
IMPL-SPEC_CTL	IMPL-SPEC_CTL::VALIDATE_COMMAND	T002	test=true	code=true
IMPL-SPEC_CTL	IMPL-SPEC_CTL::VALIDATE_COMMAND	T003	test=true	code=true
IMPL-SPEC_CTL	IMPL-SPEC_CTL::MATRIX_COMMAND		test=false	code=false
IMPL-SPEC_CTL	IMPL-SPEC_CTL::MATRIX_COMMAND	T001	test=false	code=false
IMPL-SPEC_CTL	IMPL-SPEC_CTL::MATRIX_COMMAND	T002	test=false	code=false
IMPL-SPEC_CTL	IMPL-SPEC_CTL::MATRIX_COMMAND	T003	test=false	code=false
IMPL-SPEC_CTL	IMPL-SPEC_CTL::MATRIX_COMMAND	T004	test=false	code=false
IMPL-SPEC_CTL	IMPL-SPEC_CTL::MATRIX_COMMAND	T005	test=false	code=false
IMPL-SPEC_CTL	IMPL-SPEC_CTL::CHECK_LEADS_COMMAND		test=false	code=false
IMPL-SPEC_CTL	IMPL-SPEC_CTL::CHECK_LEADS_COMMAND	T001	test=false	code=false
IMPL-SPEC_CTL	IMPL-SPEC_CTL::CHECK_LEADS_COMMAND	T002	test=false	code=false
IMPL-STDD_VIS_ASSETS	IMPL-STDD_VIS_ASSETS::LAYERED_FLOW_DIAGRAM		test=false	code=false
IMPL-STDD_VIS_ASSETS	IMPL-STDD_VIS_ASSETS::LAYERED_FLOW_DIAGRAM	T001	test=false	code=false
IMPL-STDD_VIS_ASSETS	IMPL-STDD_VIS_ASSETS::TIMELINE_ANIMATION		test=false	code=false
IMPL-STDD_VIS_ASSETS	IMPL-STDD_VIS_ASSETS::TIMELINE_ANIMATION	T001	test=false	code=false
IMPL-STDD_VIS_ASSETS	IMPL-STDD_VIS_ASSETS::VISUAL_VALIDATION		test=false	code=false
IMPL-STDD_VIS_ASSETS	IMPL-STDD_VIS_ASSETS::VISUAL_VALIDATION	T001	test=true	code=true
IMPL-STDD_VIS_DATA_PIPELINE	IMPL-STDD_VIS_DATA_PIPELINE::INGEST_SOURCES		test=false	code=false
IMPL-STDD_VIS_DATA_PIPELINE	IMPL-STDD_VIS_DATA_PIPELINE::INGEST_SOURCES	T001	test=true	code=true
IMPL-STDD_VIS_DATA_PIPELINE	IMPL-STDD_VIS_DATA_PIPELINE::NORMALIZE_GRAPH		test=false	code=false
IMPL-STDD_VIS_DATA_PIPELINE	IMPL-STDD_VIS_DATA_PIPELINE::NORMALIZE_GRAPH	T001	test=false	code=false
IMPL-STDD_VIS_DATA_PIPELINE	IMPL-STDD_VIS_DATA_PIPELINE::EXPORT_ARTIFACTS		test=false	code=false
IMPL-STDD_VIS_DATA_PIPELINE	IMPL-STDD_VIS_DATA_PIPELINE::EXPORT_ARTIFACTS	T001	test=false	code=false
IMPL-STDD_VIS_DATA_PIPELINE	IMPL-STDD_VIS_DATA_PIPELINE::PIPELINE_VALIDATION		test=false	code=false
IMPL-STDD_VIS_DATA_PIPELINE	IMPL-STDD_VIS_DATA_PIPELINE::PIPELINE_VALIDATION	T001	test=true	code=true
IMPL-STRUCTURED_ERRORS	IMPL-STRUCTURED_ERRORS::ARCHIVEERROR_ERROR		test=false	code=false
IMPL-STRUCTURED_ERRORS	IMPL-STRUCTURED_ERRORS::ARCHIVEERROR_ERROR	T001	test=true	code=true
IMPL-STRUCTURED_ERRORS	IMPL-STRUCTURED_ERRORS::ARCHIVEERROR_UNWRAP		test=false	code=false
IMPL-STRUCTURED_ERRORS	IMPL-STRUCTURED_ERRORS::ARCHIVEERROR_UNWRAP	T001	test=true	code=true
IMPL-STRUCTURED_ERRORS	IMPL-STRUCTURED_ERRORS::BACKUPERROR_ERROR		test=false	code=false
IMPL-STRUCTURED_ERRORS	IMPL-STRUCTURED_ERRORS::BACKUPERROR_ERROR	T001	test=true	code=true
IMPL-STRUCTURED_ERRORS	IMPL-STRUCTURED_ERRORS::NEWARCHIVEERROR		test=false	code=false
IMPL-STRUCTURED_ERRORS	IMPL-STRUCTURED_ERRORS::NEWARCHIVEERROR	T001	test=true	code=true
IMPL-STRUCTURED_ERRORS	IMPL-STRUCTURED_ERRORS::NEWARCHIVEERRORWITHCAUSE		test=false	code=false
IMPL-STRUCTURED_ERRORS	IMPL-STRUCTURED_ERRORS::NEWARCHIVEERRORWITHCAUSE	T001	test=true	code=true
IMPL-STRUCTURED_ERRORS	IMPL-STRUCTURED_ERRORS::NEWARCHIVEERRORWITHCONTEXT		test=false	code=false
IMPL-STRUCTURED_ERRORS	IMPL-STRUCTURED_ERRORS::NEWARCHIVEERRORWITHCONTEXT	T001	test=true	code=true
IMPL-STRUCTURED_ERRORS	IMPL-STRUCTURED_ERRORS::NEWBACKUPERROR		test=false	code=false
IMPL-STRUCTURED_ERRORS	IMPL-STRUCTURED_ERRORS::NEWBACKUPERROR	T001	test=true	code=true
IMPL-STRUCTURED_ERRORS	IMPL-STRUCTURED_ERRORS::NEWBACKUPERRORWITHCAUSE		test=false	code=false
IMPL-STRUCTURED_ERRORS	IMPL-STRUCTURED_ERRORS::NEWBACKUPERRORWITHCAUSE	T001	test=true	code=true
IMPL-STRUCTURED_ERRORS	IMPL-STRUCTURED_ERRORS::NEWBACKUPERRORWITHCONTEXT		test=false	code=false
IMPL-STRUCTURED_ERRORS	IMPL-STRUCTURED_ERRORS::NEWBACKUPERRORWITHCONTEXT	T001	test=true	code=true
IMPL-STRUCTURED_ERRORS	IMPL-STRUCTURED_ERRORS::ISDISKFULLERROR		test=false	code=false
IMPL-STRUCTURED_ERRORS	IMPL-STRUCTURED_ERRORS::ISDISKFULLERROR	T001	test=true	code=true
IMPL-STRUCTURED_ERRORS	IMPL-STRUCTURED_ERRORS::ISPERMISSIONERROR		test=false	code=false
IMPL-STRUCTURED_ERRORS	IMPL-STRUCTURED_ERRORS::ISPERMISSIONERROR	T001	test=true	code=true
IMPL-STRUCTURED_ERRORS	IMPL-STRUCTURED_ERRORS::ISDIRECTORYNOTFOUNDERROR		test=false	code=false
IMPL-STRUCTURED_ERRORS	IMPL-STRUCTURED_ERRORS::ISDIRECTORYNOTFOUNDERROR	T001	test=true	code=true
IMPL-STRUCTURED_ERRORS	IMPL-STRUCTURED_ERRORS::HANDLEERROR		test=false	code=false
IMPL-STRUCTURED_ERRORS	IMPL-STRUCTURED_ERRORS::HANDLEERROR	T001	test=true	code=true
IMPL-STRUCTURED_ERRORS	IMPL-STRUCTURED_ERRORS::CLASSIFYERROR		test=false	code=false
IMPL-STRUCTURED_ERRORS	IMPL-STRUCTURED_ERRORS::CLASSIFYERROR	T001	test=true	code=true
IMPL-TEST_CFG_005_P1	IMPL-TEST_CFG_005_P1::TESTMULTIPLEINHERITANCESOURCES		test=false	code=false
IMPL-TEST_CFG_005_P1	IMPL-TEST_CFG_005_P1::TESTMULTIPLEINHERITANCESOURCES	T001	test=true	code=true
IMPL-TEST_CFG_005_P1	IMPL-TEST_CFG_005_P1::TESTRELATIVEPATHINHERITANCE		test=true	code=true
IMPL-TEST_CFG_005_P1	IMPL-TEST_CFG_005_P1::TESTRELATIVEPATHINHERITANCE	T001	test=true	code=true
IMPL-TEST_CFG_005_P1	IMPL-TEST_CFG_005_P1::TESTHOMEDIRECTORYEXPANSION		test=true	code=true
IMPL-TEST_CFG_005_P1	IMPL-TEST_CFG_005_P1::TESTHOMEDIRECTORYEXPANSION	T001	test=true	code=true
IMPL-TEST_CFG_005_P1	IMPL-TEST_CFG_005_P1::TESTMISSINGINHERITANCEFILE		test=false	code=false
IMPL-TEST_CFG_005_P1	IMPL-TEST_CFG_005_P1::TESTMISSINGINHERITANCEFILE	T001	test=true	code=true
IMPL-TEST_CFG_005_P1	IMPL-TEST_CFG_005_P1::TESTINVALIDYAMLHANDLING		test=false	code=false
IMPL-TEST_CFG_005_P1	IMPL-TEST_CFG_005_P1::TESTINVALIDYAMLHANDLING	T001	test=true	code=true
IMPL-TEST_CFG_005_P1	IMPL-TEST_CFG_005_P1::TESTDEEPINHERITANCECHAIN		test=false	code=false
IMPL-TEST_CFG_005_P1	IMPL-TEST_CFG_005_P1::TESTDEEPINHERITANCECHAIN	T001	test=true	code=true
IMPL-TEST_CFG_005_P1	IMPL-TEST_CFG_005_P1::TESTTYPEMISMATCHHANDLING		test=false	code=false
IMPL-TEST_CFG_005_P1	IMPL-TEST_CFG_005_P1::TESTTYPEMISMATCHHANDLING	T001	test=true	code=true
IMPL-TEST_CFG_005_P1	IMPL-TEST_CFG_005_P1::TESTNULLVALUEHANDLING		test=false	code=false
IMPL-TEST_CFG_005_P1	IMPL-TEST_CFG_005_P1::TESTNULLVALUEHANDLING	T001	test=true	code=true
IMPL-TEST_CFG_005_P1	IMPL-TEST_CFG_005_P1::TESTWHITESPACESTRINGHANDLING		test=false	code=false
IMPL-TEST_CFG_005_P1	IMPL-TEST_CFG_005_P1::TESTWHITESPACESTRINGHANDLING	T001	test=true	code=true
IMPL-TEST_COVERAGE	IMPL-TEST_COVERAGE::TEST_OUTPUT_COLLECTOR		test=false	code=false
IMPL-TEST_COVERAGE	IMPL-TEST_COVERAGE::TEST_OUTPUT_COLLECTOR	T001	test=true	code=true
IMPL-TEST_COVERAGE	IMPL-TEST_COVERAGE::TEST_DELAYED_OUTPUT_MODE		test=false	code=false
IMPL-TEST_COVERAGE	IMPL-TEST_COVERAGE::TEST_DELAYED_OUTPUT_MODE	T001	test=true	code=true
IMPL-TEST_COVERAGE	IMPL-TEST_COVERAGE::TEST_TEMPLATE_FORMATTER		test=false	code=false
IMPL-TEST_COVERAGE	IMPL-TEST_COVERAGE::TEST_TEMPLATE_FORMATTER	T001	test=true	code=true
IMPL-TEST_COVERAGE	IMPL-TEST_COVERAGE::TEST_ERROR_AND_DEFAULT_FORMATTER		test=false	code=false
IMPL-TEST_COVERAGE	IMPL-TEST_COVERAGE::TEST_ERROR_AND_DEFAULT_FORMATTER	T001	test=true	code=true
IMPL-TEST_COVERAGE	IMPL-TEST_COVERAGE::TEST_FILE_STATS_AND_COMPAT		test=true	code=true
IMPL-TEST_COVERAGE	IMPL-TEST_COVERAGE::TEST_FILE_STATS_AND_COMPAT	T001	test=true	code=true
IMPL-TEST_COVERAGE	IMPL-TEST_COVERAGE::TEST_INTERFACE_COMPLIANCE		test=false	code=false
IMPL-TEST_COVERAGE	IMPL-TEST_COVERAGE::TEST_INTERFACE_COMPLIANCE	T001	test=true	code=true
IMPL-TEST_DEFAULT_STRATEGY_EDGES	IMPL-TEST_DEFAULT_STRATEGY_EDGES::TESTDEFAULTSTRATEGYEDGECASES		test=false	code=false
IMPL-TEST_DEFAULT_STRATEGY_EDGES	IMPL-TEST_DEFAULT_STRATEGY_EDGES::TESTDEFAULTSTRATEGYEDGECASES	T001	test=true	code=true
IMPL-TEST_EMPTY_STRING_HANDLING	IMPL-TEST_EMPTY_STRING_HANDLING::TESTEMPTYSTRINGHANDLING		test=false	code=false
IMPL-TEST_EMPTY_STRING_HANDLING	IMPL-TEST_EMPTY_STRING_HANDLING::TESTEMPTYSTRINGHANDLING	T001	test=true	code=true
IMPL-TEST_EXCLUDE_MERGE	IMPL-TEST_EXCLUDE_MERGE::TESTEXCLUDEPATTERNSMERGE		test=false	code=false
IMPL-TEST_EXCLUDE_MERGE	IMPL-TEST_EXCLUDE_MERGE::TESTEXCLUDEPATTERNSMERGE	T001	test=true	code=true
IMPL-TEST_PREPEND_ORDERING	IMPL-TEST_PREPEND_ORDERING::TESTPREPENDSTRATEGYORDERING		test=false	code=false
IMPL-TEST_PREPEND_ORDERING	IMPL-TEST_PREPEND_ORDERING::TESTPREPENDSTRATEGYORDERING	T001	test=true	code=true
IMPL-TEST_UNICODE_HANDLING	IMPL-TEST_UNICODE_HANDLING::TESTUNICODEHANDLING		test=false	code=false
IMPL-TEST_UNICODE_HANDLING	IMPL-TEST_UNICODE_HANDLING::TESTUNICODEHANDLING	T001	test=true	code=true
IMPL-TEST_UNICODE_HANDLING	IMPL-TEST_UNICODE_HANDLING::TESTSPECIALCHARACTERSINPATHS		test=false	code=false
IMPL-TEST_UNICODE_HANDLING	IMPL-TEST_UNICODE_HANDLING::TESTSPECIALCHARACTERSINPATHS	T001	test=true	code=true
IMPL-TESTING_COMPLEXITY	IMPL-TESTING_COMPLEXITY::TESTING_COMPLEXITY_CHALLENGE		test=false	code=false
IMPL-TESTING_COMPLEXITY	IMPL-TESTING_COMPLEXITY::TESTING_COMPLEXITY_CHALLENGE	T001	test=false	code=false
IMPL-TESTING	IMPL-TESTING::TABLE_DRIVEN_UNIT_TESTS		test=true	code=true
IMPL-TESTING	IMPL-TESTING::TABLE_DRIVEN_UNIT_TESTS	T001	test=true	code=true
IMPL-TESTING	IMPL-TESTING::TESTUTIL_FILESYSTEM		test=true	code=true
IMPL-TESTING	IMPL-TESTING::TESTUTIL_FILESYSTEM	T001	test=true	code=true
IMPL-TESTING	IMPL-TESTING::TESTUTIL_FIXTURES		test=true	code=true
IMPL-TESTING	IMPL-TESTING::TESTUTIL_FIXTURES	T001	test=true	code=true
IMPL-TESTING	IMPL-TESTING::TESTUTIL_ASSERTIONS		test=true	code=true
IMPL-TESTING	IMPL-TESTING::TESTUTIL_ASSERTIONS	T001	test=true	code=true
IMPL-TESTING	IMPL-TESTING::INTERNAL_SCENARIO_HELPERS		test=true	code=true
IMPL-TESTING	IMPL-TESTING::INTERNAL_SCENARIO_HELPERS	T001	test=true	code=true
IMPL-TIED_FILES	IMPL-TIED_FILES::TIED_FILE_CREATION		test=false	code=false
IMPL-TIED_FILES	IMPL-TIED_FILES::TIED_FILE_CREATION	T001	test=true	code=true
IMPL-TOKEN_COVERAGE_AUDIT	IMPL-TOKEN_COVERAGE_AUDIT::AUDIT_MODULE_COVERAGE		test=false	code=false
IMPL-TOKEN_COVERAGE_AUDIT	IMPL-TOKEN_COVERAGE_AUDIT::AUDIT_MODULE_COVERAGE	T001	test=false	code=false
IMPL-TOKEN_COVERAGE_AUDIT	IMPL-TOKEN_COVERAGE_AUDIT::RUN_FULL_AUDIT		test=false	code=false
IMPL-TOKEN_COVERAGE_AUDIT	IMPL-TOKEN_COVERAGE_AUDIT::RUN_FULL_AUDIT	T001	test=true	code=true
IMPL-TOKEN_MIGRATION_COMPLETE	IMPL-TOKEN_MIGRATION_COMPLETE::ARCHIVE_MIGRATION_ARTIFACTS		test=false	code=false
IMPL-TOKEN_MIGRATION_COMPLETE	IMPL-TOKEN_MIGRATION_COMPLETE::ARCHIVE_MIGRATION_ARTIFACTS	T001	test=false	code=false
IMPL-TOKEN_MIGRATION_COMPLETE	IMPL-TOKEN_MIGRATION_COMPLETE::GENERATE_TOKEN_INVENTORY		test=false	code=false
IMPL-TOKEN_MIGRATION_COMPLETE	IMPL-TOKEN_MIGRATION_COMPLETE::GENERATE_TOKEN_INVENTORY	T001	test=false	code=false
IMPL-TOKEN_MIGRATION_COMPLETE	IMPL-TOKEN_MIGRATION_COMPLETE::RENDER_TOKEN_TABLES		test=false	code=false
IMPL-TOKEN_MIGRATION_COMPLETE	IMPL-TOKEN_MIGRATION_COMPLETE::RENDER_TOKEN_TABLES	T001	test=false	code=false
IMPL-TOKEN_MIGRATION_COMPLETE	IMPL-TOKEN_MIGRATION_COMPLETE::VALIDATE_TRACEABILITY		test=false	code=false
IMPL-TOKEN_MIGRATION_COMPLETE	IMPL-TOKEN_MIGRATION_COMPLETE::VALIDATE_TRACEABILITY	T001	test=true	code=true
IMPL-TOKEN_SYSTEM	IMPL-TOKEN_SYSTEM::STRUCTURED_EXTRACTION		test=true	code=true
IMPL-TOKEN_SYSTEM	IMPL-TOKEN_SYSTEM::STRUCTURED_EXTRACTION	T001	test=true	code=true
IMPL-TOKEN_SYSTEM	IMPL-TOKEN_SYSTEM::STRUCTURED_EXTRACTION	T002	test=true	code=true
IMPL-TOKEN_SYSTEM	IMPL-TOKEN_SYSTEM::CROSS_LINK_SYNTHESIS		test=true	code=true
IMPL-TOKEN_SYSTEM	IMPL-TOKEN_SYSTEM::CROSS_LINK_SYNTHESIS	T001	test=true	code=true
IMPL-TOKEN_SYSTEM	IMPL-TOKEN_SYSTEM::REGISTRY_AUTHORING		test=false	code=false
IMPL-TOKEN_SYSTEM	IMPL-TOKEN_SYSTEM::REGISTRY_AUTHORING	T001	test=true	code=true
IMPL-TOKEN_SYSTEM	IMPL-TOKEN_SYSTEM::YAML_DECOMMISSIONING		test=false	code=false
IMPL-TOKEN_SYSTEM	IMPL-TOKEN_SYSTEM::YAML_DECOMMISSIONING	T001	test=true	code=true
IMPL-TRACEABILITY	IMPL-TRACEABILITY::GENERATE_FEATURE_FINGERPRINTS		test=true	code=true
IMPL-TRACEABILITY	IMPL-TRACEABILITY::GENERATE_FEATURE_FINGERPRINTS	T001	test=true	code=true
IMPL-TRACEABILITY	IMPL-TRACEABILITY::DEFINE_BEHAVIORAL_CONTRACTS		test=false	code=false
IMPL-TRACEABILITY	IMPL-TRACEABILITY::DEFINE_BEHAVIORAL_CONTRACTS	T001	test=true	code=true
IMPL-TRACEABILITY	IMPL-TRACEABILITY::BUILD_DEPENDENCY_GRAPH		test=false	code=false
IMPL-TRACEABILITY	IMPL-TRACEABILITY::BUILD_DEPENDENCY_GRAPH	T001	test=true	code=true
IMPL-ZERO_BREAKING	IMPL-ZERO_BREAKING::PRESERVE_EXISTING_TESTS		test=false	code=false
IMPL-ZERO_BREAKING	IMPL-ZERO_BREAKING::PRESERVE_EXISTING_TESTS	T001	test=false	code=false
IMPL-ZERO_BREAKING	IMPL-ZERO_BREAKING::MAINTAIN_COMPREHENSIVE_COVERAGE		test=false	code=false
IMPL-ZERO_BREAKING	IMPL-ZERO_BREAKING::MAINTAIN_COMPREHENSIVE_COVERAGE	T001	test=false	code=false
IMPL-ZERO_BREAKING	IMPL-ZERO_BREAKING::VERIFY_BEHAVIOR_AT_EACH_STEP		test=false	code=false
IMPL-ZERO_BREAKING	IMPL-ZERO_BREAKING::VERIFY_BEHAVIOR_AT_EACH_STEP	T001	test=true	code=true
IMPL-ZIP_FORMAT	IMPL-ZIP_FORMAT::CREATE_FULL_ARCHIVE		test=false	code=false
IMPL-ZIP_FORMAT	IMPL-ZIP_FORMAT::CREATE_FULL_ARCHIVE	T001	test=true	code=true
IMPL-ZIP_FORMAT	IMPL-ZIP_FORMAT::CREATE_AND_VERIFY_ARCHIVE		test=false	code=false
IMPL-ZIP_FORMAT	IMPL-ZIP_FORMAT::CREATE_AND_VERIFY_ARCHIVE	T001	test=true	code=true
IMPL-ZIP_FORMAT	IMPL-ZIP_FORMAT::CREATE_ZIP_ARCHIVE		test=false	code=false
IMPL-ZIP_FORMAT	IMPL-ZIP_FORMAT::CREATE_ZIP_ARCHIVE	T001	test=true	code=true
IMPL-ZIP_FORMAT	IMPL-ZIP_FORMAT::ADD_FILE_TO_ZIP		test=false	code=false
IMPL-ZIP_FORMAT	IMPL-ZIP_FORMAT::ADD_FILE_TO_ZIP	T001	test=true	code=true
IMPL-ZIP_FORMAT	IMPL-ZIP_FORMAT::GENERATE_ARCHIVE_NAME		test=false	code=false
IMPL-ZIP_FORMAT	IMPL-ZIP_FORMAT::GENERATE_ARCHIVE_NAME	T001	test=true	code=true
IMPL-ZIP_FORMAT	IMPL-ZIP_FORMAT::GENERATE_FULL_ARCHIVE_NAME		test=false	code=false
IMPL-ZIP_FORMAT	IMPL-ZIP_FORMAT::GENERATE_FULL_ARCHIVE_NAME	T001	test=true	code=true
IMPL-ZIP_FORMAT	IMPL-ZIP_FORMAT::GENERATE_INCREMENTAL_ARCHIVE_NAME		test=false	code=false
IMPL-ZIP_FORMAT	IMPL-ZIP_FORMAT::GENERATE_INCREMENTAL_ARCHIVE_NAME	T001	test=true	code=true
IMPL-ZIP_FORMAT	IMPL-ZIP_FORMAT::COLLECT_FILES_TO_ARCHIVE		test=false	code=false
IMPL-ZIP_FORMAT	IMPL-ZIP_FORMAT::COLLECT_FILES_TO_ARCHIVE	T001	test=true	code=true
IMPL-ZIP_FORMAT	IMPL-ZIP_FORMAT::LIST_ARCHIVES		test=false	code=false
IMPL-ZIP_FORMAT	IMPL-ZIP_FORMAT::LIST_ARCHIVES	T001	test=true	code=true
DEBUG: specctl matrix --check-coverage (formal_spec only)
IMPL-ATOMIC_OPS	IMPL-ATOMIC_OPS::NEWATOMICWRITER		test=false	code=false
IMPL-ATOMIC_OPS	IMPL-ATOMIC_OPS::NEWATOMICWRITER	T001	test=true	code=true
IMPL-ATOMIC_OPS	IMPL-ATOMIC_OPS::NEWATOMICWRITER	T002	test=true	code=true
IMPL-ATOMIC_OPS	IMPL-ATOMIC_OPS::ATOMICWRITER_WRITE		test=false	code=false
IMPL-ATOMIC_OPS	IMPL-ATOMIC_OPS::ATOMICWRITER_WRITE	T001	test=true	code=true
IMPL-ATOMIC_OPS	IMPL-ATOMIC_OPS::ATOMICWRITER_WRITE	T002	test=true	code=true
IMPL-ATOMIC_OPS	IMPL-ATOMIC_OPS::ATOMICWRITER_WRITESTRING		test=false	code=false
IMPL-ATOMIC_OPS	IMPL-ATOMIC_OPS::ATOMICWRITER_WRITESTRING	T001	test=true	code=true
IMPL-ATOMIC_OPS	IMPL-ATOMIC_OPS::ATOMICWRITER_COMMIT		test=false	code=false
IMPL-ATOMIC_OPS	IMPL-ATOMIC_OPS::ATOMICWRITER_COMMIT	T001	test=true	code=true
IMPL-ATOMIC_OPS	IMPL-ATOMIC_OPS::ATOMICWRITER_COMMIT	T002	test=true	code=true
IMPL-ATOMIC_OPS	IMPL-ATOMIC_OPS::ATOMICWRITER_ROLLBACK		test=false	code=false
IMPL-ATOMIC_OPS	IMPL-ATOMIC_OPS::ATOMICWRITER_ROLLBACK	T001	test=true	code=true
IMPL-ATOMIC_OPS	IMPL-ATOMIC_OPS::ATOMICWRITER_CLOSE		test=false	code=false
IMPL-ATOMIC_OPS	IMPL-ATOMIC_OPS::ATOMICWRITER_CLOSE	T001	test=true	code=true
IMPL-ATOMIC_OPS	IMPL-ATOMIC_OPS::ATOMICWRITER_CLEANUP		test=false	code=false
IMPL-ATOMIC_OPS	IMPL-ATOMIC_OPS::ATOMICWRITER_CLEANUP	T001	test=true	code=true
IMPL-ATOMIC_OPS	IMPL-ATOMIC_OPS::ATOMICWRITER_CLEANUP	T002	test=true	code=true
IMPL-ATOMIC_OPS	IMPL-ATOMIC_OPS::ATOMICCOPY		test=false	code=false
IMPL-ATOMIC_OPS	IMPL-ATOMIC_OPS::ATOMICCOPY	T001	test=true	code=true
IMPL-ATOMIC_OPS	IMPL-ATOMIC_OPS::ATOMICCOPY	T002	test=true	code=true
IMPL-ATOMIC_OPS	IMPL-ATOMIC_OPS::ATOMICWRITEFILE		test=false	code=false
IMPL-ATOMIC_OPS	IMPL-ATOMIC_OPS::ATOMICWRITEFILE	T001	test=true	code=true
IMPL-ATOMIC_OPS	IMPL-ATOMIC_OPS::ATOMICWRITEFILE	T002	test=true	code=true
IMPL-ATOMIC_OPS	IMPL-ATOMIC_OPS::ATOMICWRITESTRING		test=false	code=false
IMPL-ATOMIC_OPS	IMPL-ATOMIC_OPS::ATOMICWRITESTRING	T001	test=true	code=true
IMPL-ATOMIC_OPS	IMPL-ATOMIC_OPS::RESOURCE_ATOMICWRITEFILE		test=false	code=false
IMPL-ATOMIC_OPS	IMPL-ATOMIC_OPS::RESOURCE_ATOMICWRITEFILE	T001	test=true	code=true
IMPL-ATOMIC_OPS	IMPL-ATOMIC_OPS::RESOURCE_ATOMICWRITEFILEWITHCONTEXT		test=false	code=false
IMPL-ATOMIC_OPS	IMPL-ATOMIC_OPS::RESOURCE_ATOMICWRITEFILEWITHCONTEXT	T001	test=true	code=true
IMPL-ATOMIC_OPS	IMPL-ATOMIC_OPS::RESOURCE_ATOMICWRITEFILEWITHCONTEXT	T002	test=true	code=true
IMPL-AUTO_DETECTION	IMPL-AUTO_DETECTION::IS_FILE		test=false	code=false
IMPL-AUTO_DETECTION	IMPL-AUTO_DETECTION::IS_FILE	T001	test=true	code=true
IMPL-AUTO_DETECTION	IMPL-AUTO_DETECTION::IS_DIRECTORY		test=false	code=false
IMPL-AUTO_DETECTION	IMPL-AUTO_DETECTION::IS_DIRECTORY	T001	test=true	code=true
IMPL-AUTO_DETECTION	IMPL-AUTO_DETECTION::VALIDATE_PATH		test=false	code=false
IMPL-AUTO_DETECTION	IMPL-AUTO_DETECTION::VALIDATE_PATH	T001	test=true	code=true
IMPL-AUTO_DETECTION	IMPL-AUTO_DETECTION::HANDLE_AUTO_DETECTED_COMMAND		test=false	code=false
IMPL-AUTO_DETECTION	IMPL-AUTO_DETECTION::HANDLE_AUTO_DETECTED_COMMAND	T001	test=true	code=true
IMPL-AUTO_DETECTION	IMPL-AUTO_DETECTION::HANDLE_AUTO_DETECTED_COMMAND	T002	test=true	code=true
IMPL-AUTO_DETECTION	IMPL-AUTO_DETECTION::HANDLE_AUTO_DETECTED_FILE_BACKUP		test=false	code=false
IMPL-AUTO_DETECTION	IMPL-AUTO_DETECTION::HANDLE_AUTO_DETECTED_FILE_BACKUP	T001	test=true	code=true
IMPL-AUTO_DETECTION	IMPL-AUTO_DETECTION::HANDLE_AUTO_DETECTED_FILE_BACKUP	T002	test=true	code=true
IMPL-AUTO_DETECTION	IMPL-AUTO_DETECTION::HANDLE_AUTO_DETECTED_FILE_BACKUP	T003	test=true	code=true
IMPL-AUTO_DETECTION	IMPL-AUTO_DETECTION::HANDLE_AUTO_DETECTED_DIRECTORY_ARCHIVE		test=false	code=false
IMPL-AUTO_DETECTION	IMPL-AUTO_DETECTION::HANDLE_AUTO_DETECTED_DIRECTORY_ARCHIVE	T001	test=true	code=true
IMPL-AUTO_DETECTION	IMPL-AUTO_DETECTION::HANDLE_AUTO_DETECTED_DIRECTORY_ARCHIVE	T002	test=true	code=true
IMPL-AUTO_DETECTION	IMPL-AUTO_DETECTION::HANDLE_AUTO_DETECTED_DIRECTORY_ARCHIVE	T003	test=true	code=true
IMPL-AUTO_DETECTION	IMPL-AUTO_DETECTION::NEW_ROOT_COMMAND		test=false	code=false
IMPL-AUTO_DETECTION	IMPL-AUTO_DETECTION::NEW_ROOT_COMMAND	T001	test=true	code=true
IMPL-AUTO_DETECTION	IMPL-AUTO_DETECTION::NEW_ROOT_COMMAND	T002	test=true	code=true
IMPL-AUTO_DETECTION	IMPL-AUTO_DETECTION::EXECUTE_WITH_AUTO_DETECTION		test=false	code=false
IMPL-AUTO_DETECTION	IMPL-AUTO_DETECTION::EXECUTE_WITH_AUTO_DETECTION	T001	test=true	code=true
IMPL-AUTO_DETECTION	IMPL-AUTO_DETECTION::EXECUTE_WITH_AUTO_DETECTION	T002	test=true	code=true
IMPL-BACKWARD_COMPAT	IMPL-BACKWARD_COMPAT::PROVIDE_TYPE_ALIASES		test=false	code=false
IMPL-BACKWARD_COMPAT	IMPL-BACKWARD_COMPAT::PROVIDE_TYPE_ALIASES	T001	test=true	code=true
IMPL-BACKWARD_COMPAT	IMPL-BACKWARD_COMPAT::PROVIDE_WRAPPER_FUNCTIONS		test=false	code=false
IMPL-BACKWARD_COMPAT	IMPL-BACKWARD_COMPAT::PROVIDE_WRAPPER_FUNCTIONS	T001	test=false	code=false
IMPL-BACKWARD_COMPAT	IMPL-BACKWARD_COMPAT::ISOLATE_VIA_INTERFACES		test=false	code=false
IMPL-BACKWARD_COMPAT	IMPL-BACKWARD_COMPAT::ISOLATE_VIA_INTERFACES	T001	test=false	code=false
IMPL-CFG_006	IMPL-CFG_006::GET_ALL_CONFIG_FIELDS		test=false	code=false
IMPL-CFG_006	IMPL-CFG_006::GET_ALL_CONFIG_FIELDS	T001	test=true	code=true
IMPL-CFG_006	IMPL-CFG_006::GET_ALL_CONFIG_FIELDS	T002	test=true	code=true
IMPL-CFG_006	IMPL-CFG_006::GET_ALL_CONFIG_FIELDS	T003	test=true	code=true
IMPL-CFG_006	IMPL-CFG_006::UPDATE_FIELD_VALUES		test=false	code=false
IMPL-CFG_006	IMPL-CFG_006::UPDATE_FIELD_VALUES	T001	test=true	code=true
IMPL-CFG_006	IMPL-CFG_006::GET_FIELD_VALUE_BY_PATH		test=false	code=false
IMPL-CFG_006	IMPL-CFG_006::GET_FIELD_VALUE_BY_PATH	T001	test=true	code=true
IMPL-CFG_006	IMPL-CFG_006::FORMAT_FIELD_VALUE		test=false	code=false
IMPL-CFG_006	IMPL-CFG_006::FORMAT_FIELD_VALUE	T001	test=true	code=true
IMPL-CFG_006	IMPL-CFG_006::DETERMINE_MERGE_STRATEGY_FOR_FIELD		test=false	code=false
IMPL-CFG_006	IMPL-CFG_006::DETERMINE_MERGE_STRATEGY_FOR_FIELD	T001	test=true	code=true
IMPL-CFG_006	IMPL-CFG_006::DETECT_MERGE_STRATEGY_FROM_FIELD		test=false	code=false
IMPL-CFG_006	IMPL-CFG_006::DETECT_MERGE_STRATEGY_FROM_FIELD	T001	test=true	code=true
IMPL-CFG_006	IMPL-CFG_006::CONFIG_FIELD_CACHE		test=false	code=false
IMPL-CFG_006	IMPL-CFG_006::CONFIG_FIELD_CACHE	T001	test=true	code=true
IMPL-CFG_006	IMPL-CFG_006::EMBEDDED_MINITEST_MERGE_STRATEGY		test=false	code=false
IMPL-CFG_006	IMPL-CFG_006::EMBEDDED_MINITEST_MERGE_STRATEGY	T001	test=true	code=true
IMPL-CFG_HIERARCHY_PRESERVATION	IMPL-CFG_HIERARCHY_PRESERVATION::MERGE_BASIC_SETTINGS_WITH_PRESERVATION		test=false	code=false
IMPL-CFG_HIERARCHY_PRESERVATION	IMPL-CFG_HIERARCHY_PRESERVATION::MERGE_BASIC_SETTINGS_WITH_PRESERVATION	T001	test=false	code=false
IMPL-CFG_HIERARCHY_PRESERVATION	IMPL-CFG_HIERARCHY_PRESERVATION::APPLY_OVERRIDE_WITH_PRESERVATION		test=false	code=false
IMPL-CFG_HIERARCHY_PRESERVATION	IMPL-CFG_HIERARCHY_PRESERVATION::APPLY_OVERRIDE_WITH_PRESERVATION	T001	test=false	code=false
IMPL-CFG_INHERITANCE_PATH_RESOLUTION	IMPL-CFG_INHERITANCE_PATH_RESOLUTION::EXPAND_PATH		test=false	code=false
IMPL-CFG_INHERITANCE_PATH_RESOLUTION	IMPL-CFG_INHERITANCE_PATH_RESOLUTION::EXPAND_PATH	T001	test=true	code=true
IMPL-CFG_INHERITANCE_PATH_RESOLUTION	IMPL-CFG_INHERITANCE_PATH_RESOLUTION::RESOLVE_PATH		test=false	code=false
IMPL-CFG_INHERITANCE_PATH_RESOLUTION	IMPL-CFG_INHERITANCE_PATH_RESOLUTION::RESOLVE_PATH	T001	test=true	code=true
IMPL-CFG_INHERITANCE_PATH_RESOLUTION	IMPL-CFG_INHERITANCE_PATH_RESOLUTION::BUILD_CHAIN_RECURSIVE		test=false	code=false
IMPL-CFG_INHERITANCE_PATH_RESOLUTION	IMPL-CFG_INHERITANCE_PATH_RESOLUTION::BUILD_CHAIN_RECURSIVE	T001	test=true	code=true
IMPL-CFG_INHERITANCE_PATH_RESOLUTION	IMPL-CFG_INHERITANCE_PATH_RESOLUTION::BUILD_CHAIN_RECURSIVE	T002	test=true	code=true
IMPL-CFG_MERGE_BEHAVIOR_REGISTRY	IMPL-CFG_MERGE_BEHAVIOR_REGISTRY::GET_FIELD_MERGE_BEHAVIOR		test=false	code=false
IMPL-CFG_MERGE_BEHAVIOR_REGISTRY	IMPL-CFG_MERGE_BEHAVIOR_REGISTRY::GET_FIELD_MERGE_BEHAVIOR	T001	test=true	code=true
IMPL-CFG_MERGE_BEHAVIOR_REGISTRY	IMPL-CFG_MERGE_BEHAVIOR_REGISTRY::APPLY_REPLACE		test=false	code=false
IMPL-CFG_MERGE_BEHAVIOR_REGISTRY	IMPL-CFG_MERGE_BEHAVIOR_REGISTRY::APPLY_REPLACE	T001	test=true	code=true
IMPL-CFG_MERGE_BEHAVIOR_REGISTRY	IMPL-CFG_MERGE_BEHAVIOR_REGISTRY::APPLY_REPLACE	T002	test=true	code=true
IMPL-CFG_MERGE_PREPEND_PRECEDENCE_FIX	IMPL-CFG_MERGE_PREPEND_PRECEDENCE_FIX::APPLYMERGEOPERATION		test=false	code=false
IMPL-CFG_MERGE_PREPEND_PRECEDENCE_FIX	IMPL-CFG_MERGE_PREPEND_PRECEDENCE_FIX::APPLYMERGEOPERATION	T001	test=true	code=true
IMPL-CFG_MERGE_PREPEND_PRECEDENCE_FIX	IMPL-CFG_MERGE_PREPEND_PRECEDENCE_FIX::APPLYMERGE_SCALAR_PRECEDENCE		test=false	code=false
IMPL-CFG_MERGE_PREPEND_PRECEDENCE_FIX	IMPL-CFG_MERGE_PREPEND_PRECEDENCE_FIX::APPLYMERGE_SCALAR_PRECEDENCE	T001	test=true	code=true
IMPL-CFG_MERGE_PREPEND_PRECEDENCE_FIX	IMPL-CFG_MERGE_PREPEND_PRECEDENCE_FIX::APPLYPREPEND		test=false	code=false
IMPL-CFG_MERGE_PREPEND_PRECEDENCE_FIX	IMPL-CFG_MERGE_PREPEND_PRECEDENCE_FIX::APPLYPREPEND	T001	test=true	code=true
IMPL-CFG_MIXED_MODE_MERGE_FIX	IMPL-CFG_MIXED_MODE_MERGE_FIX::APPLYMERGESTRATEGIES		test=false	code=false
IMPL-CFG_MIXED_MODE_MERGE_FIX	IMPL-CFG_MIXED_MODE_MERGE_FIX::APPLYMERGESTRATEGIES	T001	test=true	code=true
IMPL-CFG_MIXED_SEQUENTIAL_INHERITANCE	IMPL-CFG_MIXED_SEQUENTIAL_INHERITANCE::LOAD_CONFIG_WITH_INHERITANCE		test=false	code=false
IMPL-CFG_MIXED_SEQUENTIAL_INHERITANCE	IMPL-CFG_MIXED_SEQUENTIAL_INHERITANCE::LOAD_CONFIG_WITH_INHERITANCE	T001	test=true	code=true
IMPL-CFG_MIXED_SEQUENTIAL_INHERITANCE	IMPL-CFG_MIXED_SEQUENTIAL_INHERITANCE::LOAD_CONFIG_WITH_INHERITANCE	T002	test=true	code=true
IMPL-CFG_MIXED_SEQUENTIAL_INHERITANCE	IMPL-CFG_MIXED_SEQUENTIAL_INHERITANCE::MERGE_BASIC_SETTINGS		test=false	code=false
IMPL-CFG_MIXED_SEQUENTIAL_INHERITANCE	IMPL-CFG_MIXED_SEQUENTIAL_INHERITANCE::MERGE_BASIC_SETTINGS	T001	test=true	code=true
IMPL-CFG_MIXED_SEQUENTIAL_INHERITANCE	IMPL-CFG_MIXED_SEQUENTIAL_INHERITANCE::APPLY_OVERRIDE		test=false	code=false
IMPL-CFG_MIXED_SEQUENTIAL_INHERITANCE	IMPL-CFG_MIXED_SEQUENTIAL_INHERITANCE::APPLY_OVERRIDE	T001	test=true	code=true
IMPL-CFG_PRECEDENCE_FIX	IMPL-CFG_PRECEDENCE_FIX::LOAD_CONFIG_FALLBACK		test=true	code=true
IMPL-CFG_PRECEDENCE_FIX	IMPL-CFG_PRECEDENCE_FIX::LOAD_CONFIG_FALLBACK	T001	test=true	code=true
IMPL-CFG_PRECEDENCE_FIX	IMPL-CFG_PRECEDENCE_FIX::LOAD_CONFIG_FALLBACK	T002	test=true	code=true
IMPL-CFG_PRECEDENCE_FIX	IMPL-CFG_PRECEDENCE_FIX::MERGE_CONFIGS		test=false	code=false
IMPL-CFG_PRECEDENCE_FIX	IMPL-CFG_PRECEDENCE_FIX::MERGE_CONFIGS	T001	test=true	code=true
IMPL-CFG_PRECEDENCE_FIX	IMPL-CFG_PRECEDENCE_FIX::MERGE_BASIC_SETTINGS		test=false	code=false
IMPL-CFG_PRECEDENCE_FIX	IMPL-CFG_PRECEDENCE_FIX::MERGE_BASIC_SETTINGS	T001	test=true	code=true
IMPL-CFG_PRECEDENCE_FIX	IMPL-CFG_PRECEDENCE_FIX::MERGE_BASIC_SETTINGS	T002	test=true	code=true
IMPL-CFG_QUOTED_KEY_PREFIX	IMPL-CFG_QUOTED_KEY_PREFIX::PROCESSKEYS		test=false	code=false
IMPL-CFG_QUOTED_KEY_PREFIX	IMPL-CFG_QUOTED_KEY_PREFIX::PROCESSKEYS	T001	test=true	code=true
IMPL-CFG_QUOTED_KEY_PREFIX	IMPL-CFG_QUOTED_KEY_PREFIX::EXTRACTSTRATEGY		test=false	code=false
IMPL-CFG_QUOTED_KEY_PREFIX	IMPL-CFG_QUOTED_KEY_PREFIX::EXTRACTSTRATEGY	T001	test=true	code=true
IMPL-CLI_FRAMEWORK	IMPL-CLI_FRAMEWORK::NEWCOMMANDBUILDER		test=false	code=false
IMPL-CLI_FRAMEWORK	IMPL-CLI_FRAMEWORK::NEWCOMMANDBUILDER	T001	test=true	code=true
IMPL-CLI_FRAMEWORK	IMPL-CLI_FRAMEWORK::DEFAULTCOMMANDBUILDER_NEWCOMMAND		test=false	code=false
IMPL-CLI_FRAMEWORK	IMPL-CLI_FRAMEWORK::DEFAULTCOMMANDBUILDER_NEWCOMMAND	T001	test=true	code=true
IMPL-CLI_FRAMEWORK	IMPL-CLI_FRAMEWORK::DEFAULTCOMMANDBUILDER_WITHHANDLER		test=false	code=false
IMPL-CLI_FRAMEWORK	IMPL-CLI_FRAMEWORK::DEFAULTCOMMANDBUILDER_WITHHANDLER	T001	test=true	code=true
IMPL-CLI_FRAMEWORK	IMPL-CLI_FRAMEWORK::DEFAULTCOMMANDBUILDER_WITHSUBCOMMANDS		test=false	code=false
IMPL-CLI_FRAMEWORK	IMPL-CLI_FRAMEWORK::DEFAULTCOMMANDBUILDER_WITHSUBCOMMANDS	T001	test=true	code=true
IMPL-CLI_FRAMEWORK	IMPL-CLI_FRAMEWORK::NEWROOTCOMMANDBUILDER		test=false	code=false
IMPL-CLI_FRAMEWORK	IMPL-CLI_FRAMEWORK::NEWROOTCOMMANDBUILDER	T001	test=true	code=true
IMPL-CLI_FRAMEWORK	IMPL-CLI_FRAMEWORK::DEFAULTROOTCOMMANDBUILDER_NEWROOTCOMMAND		test=false	code=false
IMPL-CLI_FRAMEWORK	IMPL-CLI_FRAMEWORK::DEFAULTROOTCOMMANDBUILDER_NEWROOTCOMMAND	T001	test=true	code=true
IMPL-CLI_FRAMEWORK	IMPL-CLI_FRAMEWORK::DEFAULTROOTCOMMANDBUILDER_BUILDCOMMAND		test=false	code=false
IMPL-CLI_FRAMEWORK	IMPL-CLI_FRAMEWORK::DEFAULTROOTCOMMANDBUILDER_BUILDCOMMAND	T001	test=true	code=true
IMPL-CLI_FRAMEWORK	IMPL-CLI_FRAMEWORK::DEFAULTROOTCOMMANDBUILDER_WITHGLOBALFLAGS		test=false	code=false
IMPL-CLI_FRAMEWORK	IMPL-CLI_FRAMEWORK::DEFAULTROOTCOMMANDBUILDER_WITHGLOBALFLAGS	T001	test=true	code=true
IMPL-CLI_FRAMEWORK	IMPL-CLI_FRAMEWORK::NEWCLIAPP		test=false	code=false
IMPL-CLI_FRAMEWORK	IMPL-CLI_FRAMEWORK::NEWCLIAPP	T001	test=true	code=true
IMPL-CLI_FRAMEWORK	IMPL-CLI_FRAMEWORK::CLIAPP_ADDCOMMAND		test=false	code=false
IMPL-CLI_FRAMEWORK	IMPL-CLI_FRAMEWORK::CLIAPP_ADDCOMMAND	T001	test=true	code=true
IMPL-CLI_FRAMEWORK	IMPL-CLI_FRAMEWORK::CLIAPP_EXECUTE		test=false	code=false
IMPL-CLI_FRAMEWORK	IMPL-CLI_FRAMEWORK::CLIAPP_EXECUTE	T001	test=true	code=true
IMPL-CLI_FRAMEWORK	IMPL-CLI_FRAMEWORK::CLIAPP_EXECUTEWITHCONTEXT		test=false	code=false
IMPL-CLI_FRAMEWORK	IMPL-CLI_FRAMEWORK::CLIAPP_EXECUTEWITHCONTEXT	T001	test=true	code=true
IMPL-CLI_FRAMEWORK	IMPL-CLI_FRAMEWORK::DEFAULTFLAGMANAGER_ADDFLAGS		test=false	code=false
IMPL-CLI_FRAMEWORK	IMPL-CLI_FRAMEWORK::DEFAULTFLAGMANAGER_ADDFLAGS	T001	test=true	code=true
IMPL-CLI_FRAMEWORK	IMPL-CLI_FRAMEWORK::DEFAULTFLAGMANAGER_ADDGLOBALFLAGS		test=false	code=false
IMPL-CLI_FRAMEWORK	IMPL-CLI_FRAMEWORK::DEFAULTFLAGMANAGER_ADDGLOBALFLAGS	T001	test=true	code=true
IMPL-CLI_FRAMEWORK	IMPL-CLI_FRAMEWORK::DEFAULTCONTEXTMANAGER_CREATE		test=false	code=false
IMPL-CLI_FRAMEWORK	IMPL-CLI_FRAMEWORK::DEFAULTCONTEXTMANAGER_CREATE	T001	test=true	code=true
IMPL-CLI_FRAMEWORK	IMPL-CLI_FRAMEWORK::DEFAULTCONTEXTMANAGER_WITHTIMEOUT		test=false	code=false
IMPL-CLI_FRAMEWORK	IMPL-CLI_FRAMEWORK::DEFAULTCONTEXTMANAGER_WITHTIMEOUT	T001	test=true	code=true
IMPL-CLI_FRAMEWORK	IMPL-CLI_FRAMEWORK::DEFAULTCONTEXTMANAGER_HANDLESIGNALS		test=false	code=false
IMPL-CLI_FRAMEWORK	IMPL-CLI_FRAMEWORK::DEFAULTCONTEXTMANAGER_HANDLESIGNALS	T001	test=true	code=true
IMPL-CLI_FRAMEWORK	IMPL-CLI_FRAMEWORK::NEWCANCELLABLEOPERATION		test=false	code=false
IMPL-CLI_FRAMEWORK	IMPL-CLI_FRAMEWORK::NEWCANCELLABLEOPERATION	T001	test=true	code=true
IMPL-CLI_FRAMEWORK	IMPL-CLI_FRAMEWORK::WITHSIGNALHANDLING		test=false	code=false
IMPL-CLI_FRAMEWORK	IMPL-CLI_FRAMEWORK::WITHSIGNALHANDLING	T001	test=true	code=true
IMPL-CLI_FRAMEWORK	IMPL-CLI_FRAMEWORK::DEFAULTDRYRUNMANAGER_EXECUTE		test=false	code=false
IMPL-CLI_FRAMEWORK	IMPL-CLI_FRAMEWORK::DEFAULTDRYRUNMANAGER_EXECUTE	T001	test=true	code=true
IMPL-CLI_FRAMEWORK	IMPL-CLI_FRAMEWORK::DEFAULTVERSIONMANAGER_FORMATVERSION		test=false	code=false
IMPL-CLI_FRAMEWORK	IMPL-CLI_FRAMEWORK::DEFAULTVERSIONMANAGER_FORMATVERSION	T001	test=true	code=true
IMPL-CLI_FRAMEWORK	IMPL-CLI_FRAMEWORK::DEFAULTVERSIONMANAGER_CREATEVERSIONCOMMAND		test=false	code=false
IMPL-CLI_FRAMEWORK	IMPL-CLI_FRAMEWORK::DEFAULTVERSIONMANAGER_CREATEVERSIONCOMMAND	T001	test=true	code=true
IMPL-CODE_STYLE	IMPL-CODE_STYLE::NAMING_RULES		test=false	code=false
IMPL-CODE_STYLE	IMPL-CODE_STYLE::NAMING_RULES	T001	test=false	code=false
IMPL-CODE_STYLE	IMPL-CODE_STYLE::FORMATTING_RULES		test=false	code=false
IMPL-CODE_STYLE	IMPL-CODE_STYLE::FORMATTING_RULES	T001	test=false	code=false
IMPL-CODE_STYLE	IMPL-CODE_STYLE::FORMATTING_RULES	T002	test=false	code=false
IMPL-CODE_STYLE	IMPL-CODE_STYLE::DOCUMENTATION_RULES		test=false	code=false
IMPL-CODE_STYLE	IMPL-CODE_STYLE::DOCUMENTATION_RULES	T001	test=true	code=true
IMPL-CONFIG_DISPLAY_FLATTENING	IMPL-CONFIG_DISPLAY_FLATTENING::REFLECTCONFIGFIELDS_FLAT_DISPLAY		test=false	code=false
IMPL-CONFIG_DISPLAY_FLATTENING	IMPL-CONFIG_DISPLAY_FLATTENING::REFLECTCONFIGFIELDS_FLAT_DISPLAY	T001	test=true	code=true
IMPL-CONFIG_DISPLAY_FLATTENING	IMPL-CONFIG_DISPLAY_FLATTENING::GETALLCONFIGVALUESWITHSOURCES		test=false	code=false
IMPL-CONFIG_DISPLAY_FLATTENING	IMPL-CONFIG_DISPLAY_FLATTENING::GETALLCONFIGVALUESWITHSOURCES	T001	test=true	code=true
IMPL-CONFIG_DISPLAY_FLATTENING	IMPL-CONFIG_DISPLAY_FLATTENING::DETERMINEFIELDCATEGORY		test=false	code=false
IMPL-CONFIG_DISPLAY_FLATTENING	IMPL-CONFIG_DISPLAY_FLATTENING::DETERMINEFIELDCATEGORY	T001	test=true	code=true
IMPL-CONFIG_DISPLAY_FLATTENING	IMPL-CONFIG_DISPLAY_FLATTENING::MERGEGITSETTINGS_LEGACY_FLAT_KEYS		test=false	code=false
IMPL-CONFIG_DISPLAY_FLATTENING	IMPL-CONFIG_DISPLAY_FLATTENING::MERGEGITSETTINGS_LEGACY_FLAT_KEYS	T001	test=true	code=true
IMPL-CONFIG_OUTPUT_GROUPING	IMPL-CONFIG_OUTPUT_GROUPING::GET_FIELD_IMPORTANCE		test=false	code=false
IMPL-CONFIG_OUTPUT_GROUPING	IMPL-CONFIG_OUTPUT_GROUPING::GET_FIELD_IMPORTANCE	T001	test=true	code=true
IMPL-CONFIG_OUTPUT_GROUPING	IMPL-CONFIG_OUTPUT_GROUPING::DISPLAY_CONFIG_GROUPED		test=false	code=false
IMPL-CONFIG_OUTPUT_GROUPING	IMPL-CONFIG_OUTPUT_GROUPING::DISPLAY_CONFIG_GROUPED	T001	test=true	code=true
IMPL-CONFIG_OUTPUT_GROUPING	IMPL-CONFIG_OUTPUT_GROUPING::DISPLAY_CONFIG_GROUPED	T002	test=true	code=true
IMPL-CONFIG_SCHEMA_FLEX	IMPL-CONFIG_SCHEMA_FLEX::GENERIC_CONFIG_LOAD		test=true	code=true
IMPL-CONFIG_SCHEMA_FLEX	IMPL-CONFIG_SCHEMA_FLEX::GENERIC_CONFIG_LOAD	T001	test=true	code=true
IMPL-CONFIG_SCHEMA_FLEX	IMPL-CONFIG_SCHEMA_FLEX::GENERIC_CONFIG_LOAD	T002	test=true	code=true
IMPL-CONFIG_SCHEMA_FLEX	IMPL-CONFIG_SCHEMA_FLEX::CONFIG_ADAPTER_LOAD		test=true	code=true
IMPL-CONFIG_SCHEMA_FLEX	IMPL-CONFIG_SCHEMA_FLEX::CONFIG_ADAPTER_LOAD	T001	test=true	code=true
IMPL-CONFIG_STRUCT	IMPL-CONFIG_STRUCT::CONFIG		test=false	code=false
IMPL-CONFIG_STRUCT	IMPL-CONFIG_STRUCT::CONFIG	T001	test=true	code=true
IMPL-CONFIG_STRUCT	IMPL-CONFIG_STRUCT::CONFIGVALUE		test=false	code=false
IMPL-CONFIG_STRUCT	IMPL-CONFIG_STRUCT::CONFIGVALUE	T001	test=true	code=true
IMPL-CONFIG_STRUCT	IMPL-CONFIG_STRUCT::CONFIGFIELDINFO		test=false	code=false
IMPL-CONFIG_STRUCT	IMPL-CONFIG_STRUCT::CONFIGFIELDINFO	T001	test=true	code=true
IMPL-CONFIG_STRUCT	IMPL-CONFIG_STRUCT::DEFAULTCONFIG		test=false	code=false
IMPL-CONFIG_STRUCT	IMPL-CONFIG_STRUCT::DEFAULTCONFIG	T001	test=true	code=true
IMPL-CONFIG_STRUCT	IMPL-CONFIG_STRUCT::GETCONFIGVALUES		test=false	code=false
IMPL-CONFIG_STRUCT	IMPL-CONFIG_STRUCT::GETCONFIGVALUES	T001	test=true	code=true
IMPL-CONFIG_STRUCT	IMPL-CONFIG_STRUCT::GETCONFIGVALUESWITHSOURCES		test=false	code=false
IMPL-CONFIG_STRUCT	IMPL-CONFIG_STRUCT::GETCONFIGVALUESWITHSOURCES	T001	test=true	code=true
IMPL-CONFIGURABLE_STRINGS	IMPL-CONFIGURABLE_STRINGS::DEFAULT_CONFIG_ERROR_FORMATS		test=true	code=true
IMPL-CONFIGURABLE_STRINGS	IMPL-CONFIGURABLE_STRINGS::DEFAULT_CONFIG_ERROR_FORMATS	T001	test=true	code=true
IMPL-CONFIGURABLE_STRINGS	IMPL-CONFIGURABLE_STRINGS::DEFAULT_CONFIG_ERROR_FORMATS	T002	test=true	code=true
IMPL-CONFIGURABLE_STRINGS	IMPL-CONFIGURABLE_STRINGS::GET_ERROR_FORMAT_STRINGS		test=false	code=false
IMPL-CONFIGURABLE_STRINGS	IMPL-CONFIGURABLE_STRINGS::GET_ERROR_FORMAT_STRINGS	T001	test=true	code=true
IMPL-CONFIGURABLE_STRINGS	IMPL-CONFIGURABLE_STRINGS::FORMAT_DISK_FULL_ERROR		test=false	code=false
IMPL-CONFIGURABLE_STRINGS	IMPL-CONFIGURABLE_STRINGS::FORMAT_DISK_FULL_ERROR	T001	test=true	code=true
IMPL-CONFIGURABLE_STRINGS	IMPL-CONFIGURABLE_STRINGS::HANDLE_ARCHIVE_ERROR		test=false	code=false
IMPL-CONFIGURABLE_STRINGS	IMPL-CONFIGURABLE_STRINGS::HANDLE_ARCHIVE_ERROR	T001	test=true	code=true
IMPL-CONFIGURABLE_STRINGS	IMPL-CONFIGURABLE_STRINGS::HANDLE_ARCHIVE_ERROR	T002	test=true	code=true
IMPL-CONTEXT_OPS	IMPL-CONTEXT_OPS::NEW_CONTEXTUAL_OPERATION		test=false	code=false
IMPL-CONTEXT_OPS	IMPL-CONTEXT_OPS::NEW_CONTEXTUAL_OPERATION	T001	test=true	code=true
IMPL-CONTEXT_OPS	IMPL-CONTEXT_OPS::IS_CANCELLED		test=false	code=false
IMPL-CONTEXT_OPS	IMPL-CONTEXT_OPS::IS_CANCELLED	T001	test=true	code=true
IMPL-CONTEXT_OPS	IMPL-CONTEXT_OPS::CHECK_CONTEXT_AND_CLEANUP		test=false	code=false
IMPL-CONTEXT_OPS	IMPL-CONTEXT_OPS::CHECK_CONTEXT_AND_CLEANUP	T001	test=true	code=true
IMPL-CONTEXT_OPS	IMPL-CONTEXT_OPS::WITH_RESOURCE_MANAGER		test=false	code=false
IMPL-CONTEXT_OPS	IMPL-CONTEXT_OPS::WITH_RESOURCE_MANAGER	T001	test=true	code=true
IMPL-CONTEXT_OPS	IMPL-CONTEXT_OPS::WITH_OPERATION_ID		test=false	code=false
IMPL-CONTEXT_OPS	IMPL-CONTEXT_OPS::WITH_OPERATION_ID	T001	test=true	code=true
IMPL-CONTEXT_OPS	IMPL-CONTEXT_OPS::GET_OPERATION_ID		test=true	code=true
IMPL-CONTEXT_OPS	IMPL-CONTEXT_OPS::GET_OPERATION_ID	T001	test=true	code=true
IMPL-CUSTOMIZABLE_FORMAT_STRINGS	IMPL-CUSTOMIZABLE_FORMAT_STRINGS::VALIDATE_FORMAT_STRING		test=false	code=false
IMPL-CUSTOMIZABLE_FORMAT_STRINGS	IMPL-CUSTOMIZABLE_FORMAT_STRINGS::VALIDATE_FORMAT_STRING	T001	test=true	code=true
IMPL-CUSTOMIZABLE_FORMAT_STRINGS	IMPL-CUSTOMIZABLE_FORMAT_STRINGS::VALIDATE_FORMAT_STRING	T002	test=true	code=true
IMPL-CUSTOMIZABLE_FORMAT_STRINGS	IMPL-CUSTOMIZABLE_FORMAT_STRINGS::GET_EXPECTED_PLACEHOLDERS		test=false	code=false
IMPL-CUSTOMIZABLE_FORMAT_STRINGS	IMPL-CUSTOMIZABLE_FORMAT_STRINGS::GET_EXPECTED_PLACEHOLDERS	T001	test=true	code=true
IMPL-CUSTOMIZABLE_FORMAT_STRINGS	IMPL-CUSTOMIZABLE_FORMAT_STRINGS::EXTRACT_PLACEHOLDERS		test=false	code=false
IMPL-CUSTOMIZABLE_FORMAT_STRINGS	IMPL-CUSTOMIZABLE_FORMAT_STRINGS::EXTRACT_PLACEHOLDERS	T001	test=true	code=true
IMPL-CUSTOMIZABLE_FORMAT_STRINGS	IMPL-CUSTOMIZABLE_FORMAT_STRINGS::VALIDATE_ALL_FORMAT_STRINGS		test=false	code=false
IMPL-CUSTOMIZABLE_FORMAT_STRINGS	IMPL-CUSTOMIZABLE_FORMAT_STRINGS::VALIDATE_ALL_FORMAT_STRINGS	T001	test=true	code=true
IMPL-CUSTOMIZABLE_FORMAT_STRINGS	IMPL-CUSTOMIZABLE_FORMAT_STRINGS::FORMAT_TEMPLATE		test=false	code=false
IMPL-CUSTOMIZABLE_FORMAT_STRINGS	IMPL-CUSTOMIZABLE_FORMAT_STRINGS::FORMAT_TEMPLATE	T001	test=true	code=true
IMPL-CUSTOMIZABLE_FORMAT_STRINGS	IMPL-CUSTOMIZABLE_FORMAT_STRINGS::FORMAT_TEMPLATE	T002	test=true	code=true
IMPL-CUSTOMIZABLE_FORMAT_STRINGS	IMPL-CUSTOMIZABLE_FORMAT_STRINGS::LOAD_CONFIG_VALIDATION_HOOK		test=true	code=true
IMPL-CUSTOMIZABLE_FORMAT_STRINGS	IMPL-CUSTOMIZABLE_FORMAT_STRINGS::LOAD_CONFIG_VALIDATION_HOOK	T001	test=true	code=true
IMPL-CUSTOMIZABLE_FORMAT_STRINGS	IMPL-CUSTOMIZABLE_FORMAT_STRINGS::LOAD_CONFIG_VALIDATION_HOOK	T002	test=true	code=true
IMPL-DATA_MODELS	IMPL-DATA_MODELS::ARCHIVE_CONFIG		test=false	code=false
IMPL-DATA_MODELS	IMPL-DATA_MODELS::ARCHIVE_CONFIG	T001	test=true	code=true
IMPL-DATA_MODELS	IMPL-DATA_MODELS::ARCHIVE		test=false	code=false
IMPL-DATA_MODELS	IMPL-DATA_MODELS::ARCHIVE	T001	test=true	code=true
IMPL-DATA_MODELS	IMPL-DATA_MODELS::ARCHIVE_CONFIG_INTERFACE		test=false	code=false
IMPL-DATA_MODELS	IMPL-DATA_MODELS::ARCHIVE_CONFIG_INTERFACE	T001	test=true	code=true
IMPL-DATA_MODELS	IMPL-DATA_MODELS::ARCHIVE_CREATION_OPTIONS		test=false	code=false
IMPL-DATA_MODELS	IMPL-DATA_MODELS::ARCHIVE_CREATION_OPTIONS	T001	test=true	code=true
IMPL-DATA_MODELS	IMPL-DATA_MODELS::ARCHIVE_FORMATTER_INTERFACE		test=false	code=false
IMPL-DATA_MODELS	IMPL-DATA_MODELS::ARCHIVE_FORMATTER_INTERFACE	T001	test=true	code=true
IMPL-DATA_MODELS	IMPL-DATA_MODELS::CONFIG_TO_ARCHIVE_CONFIG_ADAPTER		test=false	code=false
IMPL-DATA_MODELS	IMPL-DATA_MODELS::CONFIG_TO_ARCHIVE_CONFIG_ADAPTER	T001	test=true	code=true
IMPL-DATA_MODELS	IMPL-DATA_MODELS::OUTPUT_FORMATTER_TO_ARCHIVE_FORMATTER_ADAPTER		test=false	code=false
IMPL-DATA_MODELS	IMPL-DATA_MODELS::OUTPUT_FORMATTER_TO_ARCHIVE_FORMATTER_ADAPTER	T001	test=true	code=true
IMPL-DATA_MODELS	IMPL-DATA_MODELS::OUTPUT_FORMATTER_TO_ARCHIVE_FORMATTER_ADAPTER	T002	test=true	code=true
IMPL-DATA_MODELS	IMPL-DATA_MODELS::INCREMENTAL_ARCHIVE_CONFIG		test=false	code=false
IMPL-DATA_MODELS	IMPL-DATA_MODELS::INCREMENTAL_ARCHIVE_CONFIG	T001	test=true	code=true
IMPL-DATA_MODELS	IMPL-DATA_MODELS::BACKUP_CONFIG_INTERFACE		test=false	code=false
IMPL-DATA_MODELS	IMPL-DATA_MODELS::BACKUP_CONFIG_INTERFACE	T001	test=true	code=true
IMPL-DATA_MODELS	IMPL-DATA_MODELS::BACKUP_FORMATTER_INTERFACE		test=false	code=false
IMPL-DATA_MODELS	IMPL-DATA_MODELS::BACKUP_FORMATTER_INTERFACE	T001	test=true	code=true
IMPL-DATA_MODELS	IMPL-DATA_MODELS::CONFIG_TO_BACKUP_CONFIG_ADAPTER		test=false	code=false
IMPL-DATA_MODELS	IMPL-DATA_MODELS::CONFIG_TO_BACKUP_CONFIG_ADAPTER	T001	test=true	code=true
IMPL-DATA_MODELS	IMPL-DATA_MODELS::OUTPUT_FORMATTER_TO_BACKUP_FORMATTER_ADAPTER		test=false	code=false
IMPL-DATA_MODELS	IMPL-DATA_MODELS::OUTPUT_FORMATTER_TO_BACKUP_FORMATTER_ADAPTER	T001	test=true	code=true
IMPL-DATA_MODELS	IMPL-DATA_MODELS::BACKUP_INFO		test=false	code=false
IMPL-DATA_MODELS	IMPL-DATA_MODELS::BACKUP_INFO	T001	test=true	code=true
IMPL-DATA_MODELS	IMPL-DATA_MODELS::BACKUP		test=false	code=false
IMPL-DATA_MODELS	IMPL-DATA_MODELS::BACKUP	T001	test=true	code=true
IMPL-DATA_MODELS	IMPL-DATA_MODELS::BACKUP_OPTIONS		test=false	code=false
IMPL-DATA_MODELS	IMPL-DATA_MODELS::BACKUP_OPTIONS	T001	test=true	code=true
IMPL-DELAYED_OUTPUT	IMPL-DELAYED_OUTPUT::NEW_OUTPUT_COLLECTOR		test=false	code=false
IMPL-DELAYED_OUTPUT	IMPL-DELAYED_OUTPUT::NEW_OUTPUT_COLLECTOR	T001	test=true	code=true
IMPL-DELAYED_OUTPUT	IMPL-DELAYED_OUTPUT::ADD_STDOUT		test=false	code=false
IMPL-DELAYED_OUTPUT	IMPL-DELAYED_OUTPUT::ADD_STDOUT	T001	test=true	code=true
IMPL-DELAYED_OUTPUT	IMPL-DELAYED_OUTPUT::ADD_STDERR		test=false	code=false
IMPL-DELAYED_OUTPUT	IMPL-DELAYED_OUTPUT::ADD_STDERR	T001	test=true	code=true
IMPL-DELAYED_OUTPUT	IMPL-DELAYED_OUTPUT::GET_MESSAGES		test=false	code=false
IMPL-DELAYED_OUTPUT	IMPL-DELAYED_OUTPUT::GET_MESSAGES	T001	test=true	code=true
IMPL-DELAYED_OUTPUT	IMPL-DELAYED_OUTPUT::FLUSH_ALL		test=false	code=false
IMPL-DELAYED_OUTPUT	IMPL-DELAYED_OUTPUT::FLUSH_ALL	T001	test=true	code=true
IMPL-DELAYED_OUTPUT	IMPL-DELAYED_OUTPUT::FLUSH_ALL	T002	test=true	code=true
IMPL-DELAYED_OUTPUT	IMPL-DELAYED_OUTPUT::FLUSH_STDOUT		test=false	code=false
IMPL-DELAYED_OUTPUT	IMPL-DELAYED_OUTPUT::FLUSH_STDOUT	T001	test=true	code=true
IMPL-DELAYED_OUTPUT	IMPL-DELAYED_OUTPUT::FLUSH_STDERR		test=false	code=false
IMPL-DELAYED_OUTPUT	IMPL-DELAYED_OUTPUT::FLUSH_STDERR	T001	test=true	code=true
IMPL-DELAYED_OUTPUT	IMPL-DELAYED_OUTPUT::CLEAR		test=false	code=false
IMPL-DELAYED_OUTPUT	IMPL-DELAYED_OUTPUT::CLEAR	T001	test=true	code=true
IMPL-DELAYED_OUTPUT	IMPL-DELAYED_OUTPUT::IS_DELAYED_MODE		test=false	code=false
IMPL-DELAYED_OUTPUT	IMPL-DELAYED_OUTPUT::IS_DELAYED_MODE	T001	test=true	code=true
IMPL-DELAYED_OUTPUT	IMPL-DELAYED_OUTPUT::GET_COLLECTOR		test=false	code=false
IMPL-DELAYED_OUTPUT	IMPL-DELAYED_OUTPUT::GET_COLLECTOR	T001	test=true	code=true
IMPL-DELAYED_OUTPUT	IMPL-DELAYED_OUTPUT::SET_COLLECTOR		test=false	code=false
IMPL-DELAYED_OUTPUT	IMPL-DELAYED_OUTPUT::SET_COLLECTOR	T001	test=true	code=true
IMPL-DELAYED_OUTPUT	IMPL-DELAYED_OUTPUT::PRINT_ROUTING		test=true	code=true
IMPL-DELAYED_OUTPUT	IMPL-DELAYED_OUTPUT::PRINT_ROUTING	T001	test=true	code=true
IMPL-DELAYED_OUTPUT	IMPL-DELAYED_OUTPUT::PRINT_ROUTING	T002	test=true	code=true
IMPL-DELAYED_OUTPUT	IMPL-DELAYED_OUTPUT::NEW_OUTPUT_FORMATTER_WITH_COLLECTOR		test=false	code=false
IMPL-DELAYED_OUTPUT	IMPL-DELAYED_OUTPUT::NEW_OUTPUT_FORMATTER_WITH_COLLECTOR	T001	test=true	code=true
IMPL-DEPENDENCY_MGMT	IMPL-DEPENDENCY_MGMT::ENFORCE_DEPENDENCY_RULES		test=false	code=false
IMPL-DEPENDENCY_MGMT	IMPL-DEPENDENCY_MGMT::ENFORCE_DEPENDENCY_RULES	T001	test=false	code=false
IMPL-DEPENDENCY_MGMT	IMPL-DEPENDENCY_MGMT::VERSION_WITH_GO_MODULES		test=false	code=false
IMPL-DEPENDENCY_MGMT	IMPL-DEPENDENCY_MGMT::VERSION_WITH_GO_MODULES	T001	test=false	code=false
IMPL-DIFF_COMMAND	IMPL-DIFF_COMMAND::FIND_LATEST_FULL_ARCHIVE		test=false	code=false
IMPL-DIFF_COMMAND	IMPL-DIFF_COMMAND::FIND_LATEST_FULL_ARCHIVE	T001	test=true	code=true
IMPL-DIFF_COMMAND	IMPL-DIFF_COMMAND::FIND_LATEST_INCREMENTAL_ARCHIVE		test=false	code=false
IMPL-DIFF_COMMAND	IMPL-DIFF_COMMAND::FIND_LATEST_INCREMENTAL_ARCHIVE	T001	test=true	code=true
IMPL-DIFF_COMMAND	IMPL-DIFF_COMMAND::RECONSTRUCT_ARCHIVE_STATE		test=false	code=false
IMPL-DIFF_COMMAND	IMPL-DIFF_COMMAND::RECONSTRUCT_ARCHIVE_STATE	T001	test=true	code=true
IMPL-DIFF_COMMAND	IMPL-DIFF_COMMAND::CALCULATE_DIFF		test=false	code=false
IMPL-DIFF_COMMAND	IMPL-DIFF_COMMAND::CALCULATE_DIFF	T001	test=true	code=true
IMPL-DIFF_COMMAND	IMPL-DIFF_COMMAND::DIFF_CMD		test=false	code=false
IMPL-DIFF_COMMAND	IMPL-DIFF_COMMAND::DIFF_CMD	T001	test=true	code=true
IMPL-DIFF_COMMAND	IMPL-DIFF_COMMAND::FORMAT_DIFF_RESULT		test=false	code=false
IMPL-DIFF_COMMAND	IMPL-DIFF_COMMAND::FORMAT_DIFF_RESULT	T001	test=true	code=true
IMPL-DIFF_COMMAND	IMPL-DIFF_COMMAND::PRINT_DIFF_RESULT		test=false	code=false
IMPL-DIFF_COMMAND	IMPL-DIFF_COMMAND::PRINT_DIFF_RESULT	T001	test=true	code=true
IMPL-DIRECTORY_COMPARISON	IMPL-DIRECTORY_COMPARISON::CREATE_DIRECTORY_SNAPSHOT		test=false	code=false
IMPL-DIRECTORY_COMPARISON	IMPL-DIRECTORY_COMPARISON::CREATE_DIRECTORY_SNAPSHOT	T001	test=true	code=true
IMPL-DIRECTORY_COMPARISON	IMPL-DIRECTORY_COMPARISON::CREATE_ARCHIVE_SNAPSHOT		test=false	code=false
IMPL-DIRECTORY_COMPARISON	IMPL-DIRECTORY_COMPARISON::CREATE_ARCHIVE_SNAPSHOT	T001	test=true	code=true
IMPL-DIRECTORY_COMPARISON	IMPL-DIRECTORY_COMPARISON::COMPARE_SNAPSHOTS		test=false	code=false
IMPL-DIRECTORY_COMPARISON	IMPL-DIRECTORY_COMPARISON::COMPARE_SNAPSHOTS	T001	test=true	code=true
IMPL-DIRECTORY_COMPARISON	IMPL-DIRECTORY_COMPARISON::IS_DIRECTORY_IDENTICAL_TO_ARCHIVE		test=false	code=false
IMPL-DIRECTORY_COMPARISON	IMPL-DIRECTORY_COMPARISON::IS_DIRECTORY_IDENTICAL_TO_ARCHIVE	T001	test=true	code=true
IMPL-DIRECTORY_COMPARISON	IMPL-DIRECTORY_COMPARISON::IS_DIRECTORY_IDENTICAL_TO_ARCHIVE	T002	test=true	code=true
IMPL-DIRECTORY_COMPARISON	IMPL-DIRECTORY_COMPARISON::FIND_MOST_RECENT_ARCHIVE		test=false	code=false
IMPL-DIRECTORY_COMPARISON	IMPL-DIRECTORY_COMPARISON::FIND_MOST_RECENT_ARCHIVE	T001	test=true	code=true
IMPL-DIRECTORY_COMPARISON	IMPL-DIRECTORY_COMPARISON::FIND_MOST_RECENT_ARCHIVE	T002	test=true	code=true
IMPL-DIRECTORY_COMPARISON	IMPL-DIRECTORY_COMPARISON::CHECK_FOR_IDENTICAL_ARCHIVE		test=false	code=false
IMPL-DIRECTORY_COMPARISON	IMPL-DIRECTORY_COMPARISON::CHECK_FOR_IDENTICAL_ARCHIVE	T001	test=true	code=true
IMPL-DIRECTORY_COMPARISON	IMPL-DIRECTORY_COMPARISON::CHECK_FOR_IDENTICAL_ARCHIVE	T002	test=true	code=true
IMPL-DIRECTORY_COMPARISON	IMPL-DIRECTORY_COMPARISON::GET_DIRECTORY_TREE_SUMMARY		test=false	code=false
IMPL-DIRECTORY_COMPARISON	IMPL-DIRECTORY_COMPARISON::GET_DIRECTORY_TREE_SUMMARY	T001	test=true	code=true
IMPL-DIRECTORY_COMPARISON	IMPL-DIRECTORY_COMPARISON::GET_DIRECTORY_TREE_SUMMARY	T002	test=true	code=true
IMPL-DIRECTORY_COMPARISON	IMPL-DIRECTORY_COMPARISON::GET_ARCHIVE_TREE_SUMMARY		test=false	code=false
IMPL-DIRECTORY_COMPARISON	IMPL-DIRECTORY_COMPARISON::GET_ARCHIVE_TREE_SUMMARY	T001	test=true	code=true
IMPL-DIRECTORY_COMPARISON	IMPL-DIRECTORY_COMPARISON::GET_ARCHIVE_TREE_SUMMARY	T002	test=true	code=true
IMPL-DOC_ENHANCEMENT	IMPL-DOC_ENHANCEMENT::MAINTAIN_CROSS_DOCUMENT_CONSISTENCY		test=false	code=false
IMPL-DOC_ENHANCEMENT	IMPL-DOC_ENHANCEMENT::MAINTAIN_CROSS_DOCUMENT_CONSISTENCY	T001	test=false	code=false
IMPL-DOC_ENHANCEMENT	IMPL-DOC_ENHANCEMENT::VALIDATE_DOCUMENTATION_CONSISTENCY		test=false	code=false
IMPL-DOC_ENHANCEMENT	IMPL-DOC_ENHANCEMENT::VALIDATE_DOCUMENTATION_CONSISTENCY	T001	test=false	code=false
IMPL-DOC_ENHANCEMENT	IMPL-DOC_ENHANCEMENT::DEFINE_BEHAVIORAL_CONTRACTS		test=false	code=false
IMPL-DOC_ENHANCEMENT	IMPL-DOC_ENHANCEMENT::DEFINE_BEHAVIORAL_CONTRACTS	T001	test=false	code=false
IMPL-DOC_ENHANCEMENT	IMPL-DOC_ENHANCEMENT::ANALYZE_CHANGE_IMPACT		test=false	code=false
IMPL-DOC_ENHANCEMENT	IMPL-DOC_ENHANCEMENT::ANALYZE_CHANGE_IMPACT	T001	test=false	code=false
IMPL-DUAL_FORMATTING	IMPL-DUAL_FORMATTING::FORMAT_CREATED_ARCHIVE_PRINTF		test=true	code=true
IMPL-DUAL_FORMATTING	IMPL-DUAL_FORMATTING::FORMAT_CREATED_ARCHIVE_PRINTF	T001	test=true	code=true
IMPL-DUAL_FORMATTING	IMPL-DUAL_FORMATTING::FORMAT_LIST_ARCHIVE_DUAL_MODE		test=false	code=false
IMPL-DUAL_FORMATTING	IMPL-DUAL_FORMATTING::FORMAT_LIST_ARCHIVE_DUAL_MODE	T001	test=true	code=true
IMPL-DUAL_FORMATTING	IMPL-DUAL_FORMATTING::FORMAT_LIST_ARCHIVE_DUAL_MODE	T002	test=true	code=true
IMPL-DUAL_FORMATTING	IMPL-DUAL_FORMATTING::FORMAT_CONFIG_VALUE_PRINTF		test=true	code=true
IMPL-DUAL_FORMATTING	IMPL-DUAL_FORMATTING::FORMAT_CONFIG_VALUE_PRINTF	T001	test=true	code=true
IMPL-DUAL_FORMATTING	IMPL-DUAL_FORMATTING::FORMAT_PROVIDER_INTERFACES		test=true	code=true
IMPL-DUAL_FORMATTING	IMPL-DUAL_FORMATTING::FORMAT_PROVIDER_INTERFACES	T001	test=true	code=true
IMPL-DUAL_FORMATTING	IMPL-DUAL_FORMATTING::FORMAT_PROVIDER_INTERFACES	T002	test=true	code=true
IMPL-DUAL_FORMATTING	IMPL-DUAL_FORMATTING::TEMPLATE_FORMATTER_PLACEHOLDERS		test=true	code=true
IMPL-DUAL_FORMATTING	IMPL-DUAL_FORMATTING::TEMPLATE_FORMATTER_PLACEHOLDERS	T001	test=true	code=true
IMPL-DUAL_FORMATTING	IMPL-DUAL_FORMATTING::TEMPLATE_FORMATTER_PLACEHOLDERS	T002	test=true	code=true
IMPL-DUAL_FORMATTING	IMPL-DUAL_FORMATTING::FORMAT_WITH_TEMPLATE		test=false	code=false
IMPL-DUAL_FORMATTING	IMPL-DUAL_FORMATTING::FORMAT_WITH_TEMPLATE	T001	test=true	code=true
IMPL-DUAL_FORMATTING	IMPL-DUAL_FORMATTING::FORMAT_WITH_TEMPLATE	T002	test=true	code=true
IMPL-DUAL_FORMATTING	IMPL-DUAL_FORMATTING::EXTRACT_PATTERN_DATA		test=false	code=false
IMPL-DUAL_FORMATTING	IMPL-DUAL_FORMATTING::EXTRACT_PATTERN_DATA	T001	test=true	code=true
IMPL-DUAL_FORMATTING	IMPL-DUAL_FORMATTING::EXTRACT_PATTERN_DATA	T002	test=true	code=true
IMPL-DUAL_FORMATTING	IMPL-DUAL_FORMATTING::SIMPLE_PLACEHOLDER_REPLACE		test=true	code=true
IMPL-DUAL_FORMATTING	IMPL-DUAL_FORMATTING::SIMPLE_PLACEHOLDER_REPLACE	T001	test=true	code=true
IMPL-DUAL_FORMATTING	IMPL-DUAL_FORMATTING::PRINT_WITH_DELAYED_ROUTING		test=true	code=true
IMPL-DUAL_FORMATTING	IMPL-DUAL_FORMATTING::PRINT_WITH_DELAYED_ROUTING	T001	test=true	code=true
IMPL-EXCLUDE_MERGE_FIX	IMPL-EXCLUDE_MERGE_FIX::APPLY_MERGE_STRATEGIES_EXCLUDE		test=true	code=true
IMPL-EXCLUDE_MERGE_FIX	IMPL-EXCLUDE_MERGE_FIX::APPLY_MERGE_STRATEGIES_EXCLUDE	T001	test=true	code=true
IMPL-EXCLUDE_MERGE_FIX	IMPL-EXCLUDE_MERGE_FIX::APPLY_MERGE_DEDUPE		test=true	code=true
IMPL-EXCLUDE_MERGE_FIX	IMPL-EXCLUDE_MERGE_FIX::APPLY_MERGE_DEDUPE	T001	test=true	code=true
IMPL-EXCLUDE_MERGE_FIX	IMPL-EXCLUDE_MERGE_FIX::SET_CONFIG_FIELD		test=false	code=false
IMPL-EXCLUDE_MERGE_FIX	IMPL-EXCLUDE_MERGE_FIX::SET_CONFIG_FIELD	T001	test=true	code=true
IMPL-EXCLUDE_MERGE_FIX	IMPL-EXCLUDE_MERGE_FIX::IS_KNOWN_CONFIG_FIELD		test=false	code=false
IMPL-EXCLUDE_MERGE_FIX	IMPL-EXCLUDE_MERGE_FIX::IS_KNOWN_CONFIG_FIELD	T001	test=true	code=true
IMPL-EXCLUSION_PATTERNS	IMPL-EXCLUSION_PATTERNS::NEW_PATTERN_MATCHER		test=false	code=false
IMPL-EXCLUSION_PATTERNS	IMPL-EXCLUSION_PATTERNS::NEW_PATTERN_MATCHER	T001	test=true	code=true
IMPL-EXCLUSION_PATTERNS	IMPL-EXCLUSION_PATTERNS::SHOULD_EXCLUDE		test=false	code=false
IMPL-EXCLUSION_PATTERNS	IMPL-EXCLUSION_PATTERNS::SHOULD_EXCLUDE	T001	test=true	code=true
IMPL-EXCLUSION_PATTERNS	IMPL-EXCLUSION_PATTERNS::MATCHES_PATTERN		test=false	code=false
IMPL-EXCLUSION_PATTERNS	IMPL-EXCLUSION_PATTERNS::MATCHES_PATTERN	T001	test=true	code=true
IMPL-EXCLUSION_PATTERNS	IMPL-EXCLUSION_PATTERNS::SHOULD_EXCLUDE_FILE		test=false	code=false
IMPL-EXCLUSION_PATTERNS	IMPL-EXCLUSION_PATTERNS::SHOULD_EXCLUDE_FILE	T001	test=true	code=true
IMPL-EXTRACT_008_DOC_MIGRATION	IMPL-EXTRACT_008_DOC_MIGRATION::EXTRACT_008_DOCUMENTATION_MIGRATION		test=false	code=false
IMPL-EXTRACT_008_DOC_MIGRATION	IMPL-EXTRACT_008_DOC_MIGRATION::EXTRACT_008_DOCUMENTATION_MIGRATION	T001	test=false	code=false
IMPL-EXTRACT_008_DOC_MIGRATION	IMPL-EXTRACT_008_DOC_MIGRATION::EXTRACT_008_DOCUMENTATION_MIGRATION	T002	test=false	code=false
IMPL-EXTRACT_008_DOC_MIGRATION	IMPL-EXTRACT_008_DOC_MIGRATION::EXTRACT_008_DOCUMENTATION_MIGRATION	T003	test=false	code=false
IMPL-EXTRACTION_CHALLENGES	IMPL-EXTRACTION_CHALLENGES::EXTRACT_TEST_UTILITIES		test=false	code=false
IMPL-EXTRACTION_CHALLENGES	IMPL-EXTRACTION_CHALLENGES::EXTRACT_TEST_UTILITIES	T001	test=false	code=false
IMPL-EXTRACTION_CHALLENGES	IMPL-EXTRACTION_CHALLENGES::CREATE_PACKAGE_SPECIFIC_TESTS		test=false	code=false
IMPL-EXTRACTION_CHALLENGES	IMPL-EXTRACTION_CHALLENGES::CREATE_PACKAGE_SPECIFIC_TESTS	T001	test=false	code=false
IMPL-EXTRACTION_CHALLENGES	IMPL-EXTRACTION_CHALLENGES::RESOLVE_CONFIG_COUPLING		test=false	code=false
IMPL-EXTRACTION_CHALLENGES	IMPL-EXTRACTION_CHALLENGES::RESOLVE_CONFIG_COUPLING	T001	test=false	code=false
IMPL-EXTRACTION_PRINCIPLES	IMPL-EXTRACTION_PRINCIPLES::PLAN_EXTRACTION_ORDER		test=false	code=false
IMPL-EXTRACTION_PRINCIPLES	IMPL-EXTRACTION_PRINCIPLES::PLAN_EXTRACTION_ORDER	T001	test=false	code=false
IMPL-FILE_OPERATIONS	IMPL-FILE_OPERATIONS::NEW_TRAVERSER		test=false	code=false
IMPL-FILE_OPERATIONS	IMPL-FILE_OPERATIONS::NEW_TRAVERSER	T001	test=true	code=true
IMPL-FILE_OPERATIONS	IMPL-FILE_OPERATIONS::NEW_TRAVERSER_WITH_PATTERNS		test=false	code=false
IMPL-FILE_OPERATIONS	IMPL-FILE_OPERATIONS::NEW_TRAVERSER_WITH_PATTERNS	T001	test=true	code=true
IMPL-FILE_OPERATIONS	IMPL-FILE_OPERATIONS::WALK		test=false	code=false
IMPL-FILE_OPERATIONS	IMPL-FILE_OPERATIONS::WALK	T001	test=true	code=true
IMPL-FILE_OPERATIONS	IMPL-FILE_OPERATIONS::WALK_WITH_EXCLUSIONS		test=false	code=false
IMPL-FILE_OPERATIONS	IMPL-FILE_OPERATIONS::WALK_WITH_EXCLUSIONS	T001	test=true	code=true
IMPL-FILE_OPERATIONS	IMPL-FILE_OPERATIONS::WALK_WITH_OPTIONS		test=false	code=false
IMPL-FILE_OPERATIONS	IMPL-FILE_OPERATIONS::WALK_WITH_OPTIONS	T001	test=true	code=true
IMPL-FILE_OPERATIONS	IMPL-FILE_OPERATIONS::WALK_WITH_OPTIONS	T002	test=true	code=true
IMPL-FILE_OPERATIONS	IMPL-FILE_OPERATIONS::WALK_RECURSIVE		test=false	code=false
IMPL-FILE_OPERATIONS	IMPL-FILE_OPERATIONS::WALK_RECURSIVE	T001	test=true	code=true
IMPL-FILE_OPERATIONS	IMPL-FILE_OPERATIONS::WALK_RECURSIVE	T002	test=true	code=true
IMPL-FILE_OPERATIONS	IMPL-FILE_OPERATIONS::LIST_FILES		test=false	code=false
IMPL-FILE_OPERATIONS	IMPL-FILE_OPERATIONS::LIST_FILES	T001	test=true	code=true
IMPL-FILE_OPERATIONS	IMPL-FILE_OPERATIONS::LIST_FILES_WITH_EXCLUSIONS		test=false	code=false
IMPL-FILE_OPERATIONS	IMPL-FILE_OPERATIONS::LIST_FILES_WITH_EXCLUSIONS	T001	test=true	code=true
IMPL-FILE_OPERATIONS	IMPL-FILE_OPERATIONS::VALIDATE_PATH		test=false	code=false
IMPL-FILE_OPERATIONS	IMPL-FILE_OPERATIONS::VALIDATE_PATH	T001	test=true	code=true
IMPL-FILE_OPERATIONS	IMPL-FILE_OPERATIONS::VALIDATE_PATH	T002	test=true	code=true
IMPL-FILE_OPERATIONS	IMPL-FILE_OPERATIONS::VALIDATE_EXISTENCE		test=false	code=false
IMPL-FILE_OPERATIONS	IMPL-FILE_OPERATIONS::VALIDATE_EXISTENCE	T001	test=true	code=true
IMPL-FILE_OPERATIONS	IMPL-FILE_OPERATIONS::VALIDATE_READABLE		test=false	code=false
IMPL-FILE_OPERATIONS	IMPL-FILE_OPERATIONS::VALIDATE_READABLE	T001	test=true	code=true
IMPL-FILE_OPERATIONS	IMPL-FILE_OPERATIONS::VALIDATE_WRITABLE		test=false	code=false
IMPL-FILE_OPERATIONS	IMPL-FILE_OPERATIONS::VALIDATE_WRITABLE	T001	test=true	code=true
IMPL-FILE_OPERATIONS	IMPL-FILE_OPERATIONS::IS_SECURE_PATH		test=false	code=false
IMPL-FILE_OPERATIONS	IMPL-FILE_OPERATIONS::IS_SECURE_PATH	T001	test=true	code=true
IMPL-FILE_STATISTICS_TEMPLATE_FIX	IMPL-FILE_STATISTICS_TEMPLATE_FIX::FORMAT_CREATED_ARCHIVE_WITH_STATS		test=false	code=false
IMPL-FILE_STATISTICS_TEMPLATE_FIX	IMPL-FILE_STATISTICS_TEMPLATE_FIX::FORMAT_CREATED_ARCHIVE_WITH_STATS	T001	test=true	code=true
IMPL-FILE_STATISTICS_TEMPLATE_FIX	IMPL-FILE_STATISTICS_TEMPLATE_FIX::FORMAT_INCREMENTAL_CREATED_WITH_STATS		test=false	code=false
IMPL-FILE_STATISTICS_TEMPLATE_FIX	IMPL-FILE_STATISTICS_TEMPLATE_FIX::FORMAT_INCREMENTAL_CREATED_WITH_STATS	T001	test=true	code=true
IMPL-FILE_STATISTICS_TEMPLATE_FIX	IMPL-FILE_STATISTICS_TEMPLATE_FIX::PRINT_CREATED_ARCHIVE_WITH_STATS		test=false	code=false
IMPL-FILE_STATISTICS_TEMPLATE_FIX	IMPL-FILE_STATISTICS_TEMPLATE_FIX::PRINT_CREATED_ARCHIVE_WITH_STATS	T001	test=true	code=true
IMPL-FILE_STATISTICS_TEMPLATE_FIX	IMPL-FILE_STATISTICS_TEMPLATE_FIX::PRINT_INCREMENTAL_CREATED_WITH_STATS		test=false	code=false
IMPL-FILE_STATISTICS_TEMPLATE_FIX	IMPL-FILE_STATISTICS_TEMPLATE_FIX::PRINT_INCREMENTAL_CREATED_WITH_STATS	T001	test=true	code=true
IMPL-FILE_STATISTICS	IMPL-FILE_STATISTICS::GATHER_FILE_STAT_INFO		test=false	code=false
IMPL-FILE_STATISTICS	IMPL-FILE_STATISTICS::GATHER_FILE_STAT_INFO	T001	test=true	code=true
IMPL-FILE_STATISTICS	IMPL-FILE_STATISTICS::GATHER_FILE_STAT_INFO	T002	test=true	code=true
IMPL-FILE_STATISTICS	IMPL-FILE_STATISTICS::FORMAT_HUMAN_SIZE		test=false	code=false
IMPL-FILE_STATISTICS	IMPL-FILE_STATISTICS::FORMAT_HUMAN_SIZE	T001	test=true	code=true
IMPL-FILE_STATISTICS	IMPL-FILE_STATISTICS::GET_FILE_TYPE		test=false	code=false
IMPL-FILE_STATISTICS	IMPL-FILE_STATISTICS::GET_FILE_TYPE	T001	test=true	code=true
IMPL-GIT_CLI	IMPL-GIT_CLI::DEFAULT_CONFIG		test=false	code=false
IMPL-GIT_CLI	IMPL-GIT_CLI::DEFAULT_CONFIG	T001	test=true	code=true
IMPL-GIT_CLI	IMPL-GIT_CLI::EXECUTE_GIT_COMMAND		test=false	code=false
IMPL-GIT_CLI	IMPL-GIT_CLI::EXECUTE_GIT_COMMAND	T001	test=true	code=true
IMPL-GIT_CLI	IMPL-GIT_CLI::EXECUTE_GIT_COMMAND	T002	test=true	code=true
IMPL-GIT_CLI	IMPL-GIT_CLI::IS_REPOSITORY		test=false	code=false
IMPL-GIT_CLI	IMPL-GIT_CLI::IS_REPOSITORY	T001	test=true	code=true
IMPL-GIT_CLI	IMPL-GIT_CLI::GET_BRANCH		test=false	code=false
IMPL-GIT_CLI	IMPL-GIT_CLI::GET_BRANCH	T001	test=true	code=true
IMPL-GIT_CLI	IMPL-GIT_CLI::GET_SHORT_HASH		test=false	code=false
IMPL-GIT_CLI	IMPL-GIT_CLI::GET_SHORT_HASH	T001	test=true	code=true
IMPL-GIT_CLI	IMPL-GIT_CLI::IS_WORKING_DIRECTORY_CLEAN		test=false	code=false
IMPL-GIT_CLI	IMPL-GIT_CLI::IS_WORKING_DIRECTORY_CLEAN	T001	test=true	code=true
IMPL-GIT_CLI	IMPL-GIT_CLI::GET_INFO		test=false	code=false
IMPL-GIT_CLI	IMPL-GIT_CLI::GET_INFO	T001	test=true	code=true
IMPL-GIT_CLI	IMPL-GIT_CLI::GET_INFO	T002	test=true	code=true
IMPL-GIT_CLI	IMPL-GIT_CLI::GET_INFO_WITH_STATUS		test=false	code=false
IMPL-GIT_CLI	IMPL-GIT_CLI::GET_INFO_WITH_STATUS	T001	test=true	code=true
IMPL-GIT_CLI	IMPL-GIT_CLI::GET_INFO_WITH_STATUS	T002	test=true	code=true
IMPL-GIT_CLI	IMPL-GIT_CLI::IS_SUBMODULE		test=false	code=false
IMPL-GIT_CLI	IMPL-GIT_CLI::IS_SUBMODULE	T001	test=true	code=true
IMPL-GIT_CLI	IMPL-GIT_CLI::GET_SUBMODULES		test=false	code=false
IMPL-GIT_CLI	IMPL-GIT_CLI::GET_SUBMODULES	T001	test=true	code=true
IMPL-GIT_CLI	IMPL-GIT_CLI::LEGACY_IS_GIT_REPOSITORY_WRAPPER		test=true	code=true
IMPL-GIT_CLI	IMPL-GIT_CLI::LEGACY_IS_GIT_REPOSITORY_WRAPPER	T001	test=true	code=true
IMPL-GIT_DIRTY_CONFIG	IMPL-GIT_DIRTY_CONFIG::GENERATE_FULL_ARCHIVE_NAME_FROM_CONFIG		test=false	code=false
IMPL-GIT_DIRTY_CONFIG	IMPL-GIT_DIRTY_CONFIG::GENERATE_FULL_ARCHIVE_NAME_FROM_CONFIG	T001	test=true	code=true
IMPL-GIT_DIRTY_CONFIG	IMPL-GIT_DIRTY_CONFIG::GENERATE_INCREMENTAL_ARCHIVE_NAME		test=false	code=false
IMPL-GIT_DIRTY_CONFIG	IMPL-GIT_DIRTY_CONFIG::GENERATE_INCREMENTAL_ARCHIVE_NAME	T001	test=true	code=true
IMPL-GIT_DIRTY_CONFIG	IMPL-GIT_DIRTY_CONFIG::GENERATE_FULL_ARCHIVE_NAME		test=false	code=false
IMPL-GIT_DIRTY_CONFIG	IMPL-GIT_DIRTY_CONFIG::GENERATE_FULL_ARCHIVE_NAME	T001	test=true	code=true
IMPL-GIT_DIRTY_CONFIG	IMPL-GIT_DIRTY_CONFIG::MERGE_SHOW_GIT_DIRTY_STATUS		test=false	code=false
IMPL-GIT_DIRTY_CONFIG	IMPL-GIT_DIRTY_CONFIG::MERGE_SHOW_GIT_DIRTY_STATUS	T001	test=true	code=true
IMPL-INCREMENTAL_DUPLICATE_PREVENTION	IMPL-INCREMENTAL_DUPLICATE_PREVENTION::CREATE_INCREMENTAL_ARCHIVE		test=false	code=false
IMPL-INCREMENTAL_DUPLICATE_PREVENTION	IMPL-INCREMENTAL_DUPLICATE_PREVENTION::CREATE_INCREMENTAL_ARCHIVE	T001	test=true	code=true
IMPL-INCREMENTAL_DUPLICATE_PREVENTION	IMPL-INCREMENTAL_DUPLICATE_PREVENTION::CREATE_INCREMENTAL_ARCHIVE	T002	test=true	code=true
IMPL-INCREMENTAL_DUPLICATE_PREVENTION	IMPL-INCREMENTAL_DUPLICATE_PREVENTION::PRINT_INCREMENTAL_SKIPPED_NO_CHANGES		test=false	code=false
IMPL-INCREMENTAL_DUPLICATE_PREVENTION	IMPL-INCREMENTAL_DUPLICATE_PREVENTION::PRINT_INCREMENTAL_SKIPPED_NO_CHANGES	T001	test=true	code=true
IMPL-INTERFACE_DRIVEN	IMPL-INTERFACE_DRIVEN::DISCOVER_CONSUMER_SURFACE		test=false	code=false
IMPL-INTERFACE_DRIVEN	IMPL-INTERFACE_DRIVEN::DISCOVER_CONSUMER_SURFACE	T001	test=false	code=false
IMPL-INTERFACE_DRIVEN	IMPL-INTERFACE_DRIVEN::DEFINE_INTERFACE_IN_CONSUMER		test=false	code=false
IMPL-INTERFACE_DRIVEN	IMPL-INTERFACE_DRIVEN::DEFINE_INTERFACE_IN_CONSUMER	T001	test=false	code=false
IMPL-INTERFACE_DRIVEN	IMPL-INTERFACE_DRIVEN::IMPLEMENT_AND_REGISTER		test=false	code=false
IMPL-INTERFACE_DRIVEN	IMPL-INTERFACE_DRIVEN::IMPLEMENT_AND_REGISTER	T001	test=false	code=false
IMPL-INTERFACE_DRIVEN	IMPL-INTERFACE_DRIVEN::VERIFY_WITH_MOCKS		test=false	code=false
IMPL-INTERFACE_DRIVEN	IMPL-INTERFACE_DRIVEN::VERIFY_WITH_MOCKS	T001	test=false	code=false
IMPL-INTERFACE_FIRST	IMPL-INTERFACE_FIRST::DESIGN_PACKAGE_INTERFACES		test=false	code=false
IMPL-INTERFACE_FIRST	IMPL-INTERFACE_FIRST::DESIGN_PACKAGE_INTERFACES	T001	test=false	code=false
IMPL-INTERFACE_FIRST	IMPL-INTERFACE_FIRST::IMPLEMENT_AGAINST_INTERFACES		test=false	code=false
IMPL-INTERFACE_FIRST	IMPL-INTERFACE_FIRST::IMPLEMENT_AGAINST_INTERFACES	T001	test=false	code=false
IMPL-INTERFACE_FIRST	IMPL-INTERFACE_FIRST::ENABLE_INDEPENDENT_TESTING		test=false	code=false
IMPL-INTERFACE_FIRST	IMPL-INTERFACE_FIRST::ENABLE_INDEPENDENT_TESTING	T001	test=true	code=true
IMPL-INTERFACE_FIRST	IMPL-INTERFACE_FIRST::VERSION_INTERFACE_EVOLUTION		test=false	code=false
IMPL-INTERFACE_FIRST	IMPL-INTERFACE_FIRST::VERSION_INTERFACE_EVOLUTION	T001	test=false	code=false
IMPL-LARGE_FILE_CHALLENGE	IMPL-LARGE_FILE_CHALLENGE::LARGE_FILE_DECOMPOSITION		test=false	code=false
IMPL-LARGE_FILE_CHALLENGE	IMPL-LARGE_FILE_CHALLENGE::LARGE_FILE_DECOMPOSITION	T001	test=false	code=false
IMPL-LARGE_FILE_DECOMP	IMPL-LARGE_FILE_DECOMP::IDENTIFY_COMPONENT_BOUNDARIES		test=false	code=false
IMPL-LARGE_FILE_DECOMP	IMPL-LARGE_FILE_DECOMP::IDENTIFY_COMPONENT_BOUNDARIES	T001	test=false	code=false
IMPL-LARGE_FILE_DECOMP	IMPL-LARGE_FILE_DECOMP::EXTRACT_WITH_INTERFACE_COMPAT		test=false	code=false
IMPL-LARGE_FILE_DECOMP	IMPL-LARGE_FILE_DECOMP::EXTRACT_WITH_INTERFACE_COMPAT	T001	test=false	code=false
IMPL-LARGE_FILE_DECOMP	IMPL-LARGE_FILE_DECOMP::VERIFY_DECOMPOSITION_WITH_TESTS		test=false	code=false
IMPL-LARGE_FILE_DECOMP	IMPL-LARGE_FILE_DECOMP::VERIFY_DECOMPOSITION_WITH_TESTS	T001	test=false	code=false
IMPL-LAYERED_EXTRACTION	IMPL-LAYERED_EXTRACTION::EXTRACT_INFRASTRUCTURE_LAYER		test=false	code=false
IMPL-LAYERED_EXTRACTION	IMPL-LAYERED_EXTRACTION::EXTRACT_INFRASTRUCTURE_LAYER	T001	test=false	code=false
IMPL-LAYERED_EXTRACTION	IMPL-LAYERED_EXTRACTION::EXTRACT_UTILITIES_LAYER		test=false	code=false
IMPL-LAYERED_EXTRACTION	IMPL-LAYERED_EXTRACTION::EXTRACT_UTILITIES_LAYER	T001	test=false	code=false
IMPL-LAYERED_EXTRACTION	IMPL-LAYERED_EXTRACTION::EXTRACT_FRAMEWORK_LAYER		test=false	code=false
IMPL-LAYERED_EXTRACTION	IMPL-LAYERED_EXTRACTION::EXTRACT_FRAMEWORK_LAYER	T001	test=false	code=false
IMPL-LAYERED_EXTRACTION	IMPL-LAYERED_EXTRACTION::EXTRACT_PATTERNS_LAYER		test=false	code=false
IMPL-LAYERED_EXTRACTION	IMPL-LAYERED_EXTRACTION::EXTRACT_PATTERNS_LAYER	T001	test=false	code=false
IMPL-LIST_FORMAT_SAFETY	IMPL-LIST_FORMAT_SAFETY::FORMAT_LIST_ARCHIVE		test=false	code=false
IMPL-LIST_FORMAT_SAFETY	IMPL-LIST_FORMAT_SAFETY::FORMAT_LIST_ARCHIVE	T001	test=true	code=true
IMPL-LIST_FORMAT_SAFETY	IMPL-LIST_FORMAT_SAFETY::FORMAT_LIST_BACKUP		test=false	code=false
IMPL-LIST_FORMAT_SAFETY	IMPL-LIST_FORMAT_SAFETY::FORMAT_LIST_BACKUP	T001	test=true	code=true
IMPL-LIST_FORMAT_SAFETY	IMPL-LIST_FORMAT_SAFETY::FORMAT_LIST_ARCHIVE_WITH_EXTRACTION		test=false	code=false
IMPL-LIST_FORMAT_SAFETY	IMPL-LIST_FORMAT_SAFETY::FORMAT_LIST_ARCHIVE_WITH_EXTRACTION	T001	test=true	code=true
IMPL-LIST_FORMAT_SAFETY	IMPL-LIST_FORMAT_SAFETY::FORMAT_LIST_ARCHIVE_SIMPLE		test=false	code=false
IMPL-LIST_FORMAT_SAFETY	IMPL-LIST_FORMAT_SAFETY::FORMAT_LIST_ARCHIVE_SIMPLE	T001	test=true	code=true
IMPL-LIST_FORMAT_SAFETY	IMPL-LIST_FORMAT_SAFETY::FORMAT_WITH_CONTEXT		test=false	code=false
IMPL-LIST_FORMAT_SAFETY	IMPL-LIST_FORMAT_SAFETY::FORMAT_WITH_CONTEXT	T001	test=true	code=true
IMPL-LIST_LIMIT	IMPL-LIST_LIMIT::REGISTER_LIMIT_FLAG		test=true	code=true
IMPL-LIST_LIMIT	IMPL-LIST_LIMIT::REGISTER_LIMIT_FLAG	T001	test=true	code=true
IMPL-LIST_LIMIT	IMPL-LIST_LIMIT::HANDLE_LIST_COMMAND		test=false	code=false
IMPL-LIST_LIMIT	IMPL-LIST_LIMIT::HANDLE_LIST_COMMAND	T001	test=true	code=true
IMPL-LIST_LIMIT	IMPL-LIST_LIMIT::LIST_ARCHIVES_ENHANCED		test=false	code=false
IMPL-LIST_LIMIT	IMPL-LIST_LIMIT::LIST_ARCHIVES_ENHANCED	T001	test=true	code=true
IMPL-LIST_LIMIT	IMPL-LIST_LIMIT::HANDLE_LIST_FILE_BACKUPS_COMMAND		test=false	code=false
IMPL-LIST_LIMIT	IMPL-LIST_LIMIT::HANDLE_LIST_FILE_BACKUPS_COMMAND	T001	test=true	code=true
IMPL-LIST_LIMIT	IMPL-LIST_LIMIT::LIST_FILE_BACKUPS_ENHANCED		test=false	code=false
IMPL-LIST_LIMIT	IMPL-LIST_LIMIT::LIST_FILE_BACKUPS_ENHANCED	T001	test=true	code=true
IMPL-LIST_LIMIT	IMPL-LIST_LIMIT::COMMAND_HANDLER_LIST		test=true	code=true
IMPL-LIST_LIMIT	IMPL-LIST_LIMIT::COMMAND_HANDLER_LIST	T001	test=true	code=true
IMPL-MCP_FEEDBACK_TOOLS	IMPL-MCP_FEEDBACK_TOOLS::GET_FEEDBACK_PATH		test=false	code=false
IMPL-MCP_FEEDBACK_TOOLS	IMPL-MCP_FEEDBACK_TOOLS::GET_FEEDBACK_PATH	T001	test=true	code=true
IMPL-MCP_FEEDBACK_TOOLS	IMPL-MCP_FEEDBACK_TOOLS::LOAD_FEEDBACK		test=false	code=false
IMPL-MCP_FEEDBACK_TOOLS	IMPL-MCP_FEEDBACK_TOOLS::LOAD_FEEDBACK	T001	test=false	code=false
IMPL-MCP_FEEDBACK_TOOLS	IMPL-MCP_FEEDBACK_TOOLS::APPEND_ENTRY		test=false	code=false
IMPL-MCP_FEEDBACK_TOOLS	IMPL-MCP_FEEDBACK_TOOLS::APPEND_ENTRY	T001	test=false	code=false
IMPL-MCP_FEEDBACK_TOOLS	IMPL-MCP_FEEDBACK_TOOLS::EXPORT_ENTRIES		test=false	code=false
IMPL-MCP_FEEDBACK_TOOLS	IMPL-MCP_FEEDBACK_TOOLS::EXPORT_ENTRIES	T001	test=false	code=false
IMPL-MCP_FEEDBACK_TOOLS	IMPL-MCP_FEEDBACK_TOOLS::MCP_HANDLER_ADD		test=false	code=false
IMPL-MCP_FEEDBACK_TOOLS	IMPL-MCP_FEEDBACK_TOOLS::MCP_HANDLER_ADD	T001	test=false	code=false
IMPL-MCP_FEEDBACK_TOOLS	IMPL-MCP_FEEDBACK_TOOLS::MCP_HANDLER_EXPORT		test=false	code=false
IMPL-MCP_FEEDBACK_TOOLS	IMPL-MCP_FEEDBACK_TOOLS::MCP_HANDLER_EXPORT	T001	test=false	code=false
IMPL-MODULE_VALIDATION	IMPL-MODULE_VALIDATION::IDENTIFY_MODULES		test=false	code=false
IMPL-MODULE_VALIDATION	IMPL-MODULE_VALIDATION::IDENTIFY_MODULES	T001	test=false	code=false
IMPL-MODULE_VALIDATION	IMPL-MODULE_VALIDATION::DEVELOP_INDEPENDENTLY		test=false	code=false
IMPL-MODULE_VALIDATION	IMPL-MODULE_VALIDATION::DEVELOP_INDEPENDENTLY	T001	test=false	code=false
IMPL-MODULE_VALIDATION	IMPL-MODULE_VALIDATION::VALIDATE_INDEPENDENTLY		test=false	code=false
IMPL-MODULE_VALIDATION	IMPL-MODULE_VALIDATION::VALIDATE_INDEPENDENTLY	T001	test=false	code=false
IMPL-MODULE_VALIDATION	IMPL-MODULE_VALIDATION::DOCUMENT_VALIDATION		test=false	code=false
IMPL-MODULE_VALIDATION	IMPL-MODULE_VALIDATION::DOCUMENT_VALIDATION	T001	test=true	code=true
IMPL-MODULE_VALIDATION	IMPL-MODULE_VALIDATION::INTEGRATE_AFTER_VALIDATION		test=false	code=false
IMPL-MODULE_VALIDATION	IMPL-MODULE_VALIDATION::INTEGRATE_AFTER_VALIDATION	T001	test=true	code=true
IMPL-PACKAGE_EXTRACTION	IMPL-PACKAGE_EXTRACTION::EXTRACT_PHASE		test=false	code=false
IMPL-PACKAGE_EXTRACTION	IMPL-PACKAGE_EXTRACTION::EXTRACT_PHASE	T001	test=true	code=true
IMPL-PACKAGE_EXTRACTION	IMPL-PACKAGE_EXTRACTION::MAINTAIN_LEGACY_COMPATIBILITY		test=false	code=false
IMPL-PACKAGE_EXTRACTION	IMPL-PACKAGE_EXTRACTION::MAINTAIN_LEGACY_COMPATIBILITY	T001	test=true	code=true
IMPL-PROCESSING_PATTERNS	IMPL-PROCESSING_PATTERNS::PIPELINE_EXECUTE		test=false	code=false
IMPL-PROCESSING_PATTERNS	IMPL-PROCESSING_PATTERNS::PIPELINE_EXECUTE	T001	test=true	code=true
IMPL-PROCESSING_PATTERNS	IMPL-PROCESSING_PATTERNS::EXECUTE_STAGE_WITH_RETRIES		test=false	code=false
IMPL-PROCESSING_PATTERNS	IMPL-PROCESSING_PATTERNS::EXECUTE_STAGE_WITH_RETRIES	T001	test=true	code=true
IMPL-PROCESSING_PATTERNS	IMPL-PROCESSING_PATTERNS::CONCURRENT_PROCESS		test=false	code=false
IMPL-PROCESSING_PATTERNS	IMPL-PROCESSING_PATTERNS::CONCURRENT_PROCESS	T001	test=true	code=true
IMPL-PROCESSING_PATTERNS	IMPL-PROCESSING_PATTERNS::WORKER_RUN		test=true	code=true
IMPL-PROCESSING_PATTERNS	IMPL-PROCESSING_PATTERNS::WORKER_RUN	T001	test=true	code=true
IMPL-PROCESSING_PATTERNS	IMPL-PROCESSING_PATTERNS::PROCESS_TASK		test=false	code=false
IMPL-PROCESSING_PATTERNS	IMPL-PROCESSING_PATTERNS::PROCESS_TASK	T001	test=true	code=true
IMPL-PROCESSING_PATTERNS	IMPL-PROCESSING_PATTERNS::NAMING_GENERATE_NAME		test=false	code=false
IMPL-PROCESSING_PATTERNS	IMPL-PROCESSING_PATTERNS::NAMING_GENERATE_NAME	T001	test=true	code=true
IMPL-PROCESSING_PATTERNS	IMPL-PROCESSING_PATTERNS::NAMING_PARSE_NAME		test=false	code=false
IMPL-PROCESSING_PATTERNS	IMPL-PROCESSING_PATTERNS::NAMING_PARSE_NAME	T001	test=true	code=true
IMPL-PROCESSING_PATTERNS	IMPL-PROCESSING_PATTERNS::NEW_PIPELINE		test=false	code=false
IMPL-PROCESSING_PATTERNS	IMPL-PROCESSING_PATTERNS::NEW_PIPELINE	T001	test=true	code=true
IMPL-PROCESSING_PATTERNS	IMPL-PROCESSING_PATTERNS::NEW_CONCURRENT_PROCESSOR		test=false	code=false
IMPL-PROCESSING_PATTERNS	IMPL-PROCESSING_PATTERNS::NEW_CONCURRENT_PROCESSOR	T001	test=true	code=true
IMPL-REFACTOR_PREP	IMPL-REFACTOR_PREP::DEFINE_INTERFACES_BEFORE_EXTRACTION		test=false	code=false
IMPL-REFACTOR_PREP	IMPL-REFACTOR_PREP::DEFINE_INTERFACES_BEFORE_EXTRACTION	T001	test=true	code=true
IMPL-REFACTOR_PREP	IMPL-REFACTOR_PREP::DECOMPOSE_LARGE_FILES		test=false	code=false
IMPL-REFACTOR_PREP	IMPL-REFACTOR_PREP::DECOMPOSE_LARGE_FILES	T001	test=true	code=true
IMPL-REFACTOR_PREP	IMPL-REFACTOR_PREP::ANALYZE_AND_CLEANUP_DEPENDENCIES		test=false	code=false
IMPL-REFACTOR_PREP	IMPL-REFACTOR_PREP::ANALYZE_AND_CLEANUP_DEPENDENCIES	T001	test=false	code=false
IMPL-RESOURCE_MANAGER	IMPL-RESOURCE_MANAGER::ADD_RESOURCE		test=false	code=false
IMPL-RESOURCE_MANAGER	IMPL-RESOURCE_MANAGER::ADD_RESOURCE	T001	test=true	code=true
IMPL-RESOURCE_MANAGER	IMPL-RESOURCE_MANAGER::ADD_TEMP_RESOURCES		test=false	code=false
IMPL-RESOURCE_MANAGER	IMPL-RESOURCE_MANAGER::ADD_TEMP_RESOURCES	T001	test=true	code=true
IMPL-RESOURCE_MANAGER	IMPL-RESOURCE_MANAGER::REMOVE_RESOURCE		test=false	code=false
IMPL-RESOURCE_MANAGER	IMPL-RESOURCE_MANAGER::REMOVE_RESOURCE	T001	test=true	code=true
IMPL-RESOURCE_MANAGER	IMPL-RESOURCE_MANAGER::CLEANUP		test=false	code=false
IMPL-RESOURCE_MANAGER	IMPL-RESOURCE_MANAGER::CLEANUP	T001	test=true	code=true
IMPL-RESOURCE_MANAGER	IMPL-RESOURCE_MANAGER::CLEANUP_WITH_PANIC_RECOVERY		test=false	code=false
IMPL-RESOURCE_MANAGER	IMPL-RESOURCE_MANAGER::CLEANUP_WITH_PANIC_RECOVERY	T001	test=true	code=true
IMPL-RESOURCE_MANAGER	IMPL-RESOURCE_MANAGER::CLEANUP_WITH_CONTEXT		test=false	code=false
IMPL-RESOURCE_MANAGER	IMPL-RESOURCE_MANAGER::CLEANUP_WITH_CONTEXT	T001	test=true	code=true
IMPL-SEMANTIC_CROSS_REF	IMPL-SEMANTIC_CROSS_REF::BUILD_FEATURE_REFERENCE_BLOCKS		test=false	code=false
IMPL-SEMANTIC_CROSS_REF	IMPL-SEMANTIC_CROSS_REF::BUILD_FEATURE_REFERENCE_BLOCKS	T001	test=false	code=false
IMPL-SEMANTIC_CROSS_REF	IMPL-SEMANTIC_CROSS_REF::VALIDATE_LINK_INTEGRITY		test=false	code=false
IMPL-SEMANTIC_CROSS_REF	IMPL-SEMANTIC_CROSS_REF::VALIDATE_LINK_INTEGRITY	T001	test=false	code=false
IMPL-SEMANTIC_CROSS_REF	IMPL-SEMANTIC_CROSS_REF::ENFORCE_CROSS_REFERENCE_CONSISTENCY		test=false	code=false
IMPL-SEMANTIC_CROSS_REF	IMPL-SEMANTIC_CROSS_REF::ENFORCE_CROSS_REFERENCE_CONSISTENCY	T001	test=false	code=false
IMPL-SPEC_CTL	IMPL-SPEC_CTL::VALIDATE_COMMAND		test=false	code=false
IMPL-SPEC_CTL	IMPL-SPEC_CTL::VALIDATE_COMMAND	T001	test=true	code=true
IMPL-SPEC_CTL	IMPL-SPEC_CTL::VALIDATE_COMMAND	T002	test=true	code=true
IMPL-SPEC_CTL	IMPL-SPEC_CTL::VALIDATE_COMMAND	T003	test=true	code=true
IMPL-SPEC_CTL	IMPL-SPEC_CTL::MATRIX_COMMAND		test=false	code=false
IMPL-SPEC_CTL	IMPL-SPEC_CTL::MATRIX_COMMAND	T001	test=false	code=false
IMPL-SPEC_CTL	IMPL-SPEC_CTL::MATRIX_COMMAND	T002	test=false	code=false
IMPL-SPEC_CTL	IMPL-SPEC_CTL::MATRIX_COMMAND	T003	test=false	code=false
IMPL-SPEC_CTL	IMPL-SPEC_CTL::MATRIX_COMMAND	T004	test=false	code=false
IMPL-SPEC_CTL	IMPL-SPEC_CTL::MATRIX_COMMAND	T005	test=false	code=false
IMPL-SPEC_CTL	IMPL-SPEC_CTL::CHECK_LEADS_COMMAND		test=false	code=false
IMPL-SPEC_CTL	IMPL-SPEC_CTL::CHECK_LEADS_COMMAND	T001	test=false	code=false
IMPL-SPEC_CTL	IMPL-SPEC_CTL::CHECK_LEADS_COMMAND	T002	test=false	code=false
IMPL-STDD_VIS_ASSETS	IMPL-STDD_VIS_ASSETS::LAYERED_FLOW_DIAGRAM		test=false	code=false
IMPL-STDD_VIS_ASSETS	IMPL-STDD_VIS_ASSETS::LAYERED_FLOW_DIAGRAM	T001	test=false	code=false
IMPL-STDD_VIS_ASSETS	IMPL-STDD_VIS_ASSETS::TIMELINE_ANIMATION		test=false	code=false
IMPL-STDD_VIS_ASSETS	IMPL-STDD_VIS_ASSETS::TIMELINE_ANIMATION	T001	test=false	code=false
IMPL-STDD_VIS_ASSETS	IMPL-STDD_VIS_ASSETS::VISUAL_VALIDATION		test=false	code=false
IMPL-STDD_VIS_ASSETS	IMPL-STDD_VIS_ASSETS::VISUAL_VALIDATION	T001	test=true	code=true
IMPL-STDD_VIS_DATA_PIPELINE	IMPL-STDD_VIS_DATA_PIPELINE::INGEST_SOURCES		test=false	code=false
IMPL-STDD_VIS_DATA_PIPELINE	IMPL-STDD_VIS_DATA_PIPELINE::INGEST_SOURCES	T001	test=true	code=true
IMPL-STDD_VIS_DATA_PIPELINE	IMPL-STDD_VIS_DATA_PIPELINE::NORMALIZE_GRAPH		test=false	code=false
IMPL-STDD_VIS_DATA_PIPELINE	IMPL-STDD_VIS_DATA_PIPELINE::NORMALIZE_GRAPH	T001	test=false	code=false
IMPL-STDD_VIS_DATA_PIPELINE	IMPL-STDD_VIS_DATA_PIPELINE::EXPORT_ARTIFACTS		test=false	code=false
IMPL-STDD_VIS_DATA_PIPELINE	IMPL-STDD_VIS_DATA_PIPELINE::EXPORT_ARTIFACTS	T001	test=false	code=false
IMPL-STDD_VIS_DATA_PIPELINE	IMPL-STDD_VIS_DATA_PIPELINE::PIPELINE_VALIDATION		test=false	code=false
IMPL-STDD_VIS_DATA_PIPELINE	IMPL-STDD_VIS_DATA_PIPELINE::PIPELINE_VALIDATION	T001	test=true	code=true
IMPL-STRUCTURED_ERRORS	IMPL-STRUCTURED_ERRORS::ARCHIVEERROR_ERROR		test=false	code=false
IMPL-STRUCTURED_ERRORS	IMPL-STRUCTURED_ERRORS::ARCHIVEERROR_ERROR	T001	test=true	code=true
IMPL-STRUCTURED_ERRORS	IMPL-STRUCTURED_ERRORS::ARCHIVEERROR_UNWRAP		test=false	code=false
IMPL-STRUCTURED_ERRORS	IMPL-STRUCTURED_ERRORS::ARCHIVEERROR_UNWRAP	T001	test=true	code=true
IMPL-STRUCTURED_ERRORS	IMPL-STRUCTURED_ERRORS::BACKUPERROR_ERROR		test=false	code=false
IMPL-STRUCTURED_ERRORS	IMPL-STRUCTURED_ERRORS::BACKUPERROR_ERROR	T001	test=true	code=true
IMPL-STRUCTURED_ERRORS	IMPL-STRUCTURED_ERRORS::NEWARCHIVEERROR		test=false	code=false
IMPL-STRUCTURED_ERRORS	IMPL-STRUCTURED_ERRORS::NEWARCHIVEERROR	T001	test=true	code=true
IMPL-STRUCTURED_ERRORS	IMPL-STRUCTURED_ERRORS::NEWARCHIVEERRORWITHCAUSE		test=false	code=false
IMPL-STRUCTURED_ERRORS	IMPL-STRUCTURED_ERRORS::NEWARCHIVEERRORWITHCAUSE	T001	test=true	code=true
IMPL-STRUCTURED_ERRORS	IMPL-STRUCTURED_ERRORS::NEWARCHIVEERRORWITHCONTEXT		test=false	code=false
IMPL-STRUCTURED_ERRORS	IMPL-STRUCTURED_ERRORS::NEWARCHIVEERRORWITHCONTEXT	T001	test=true	code=true
IMPL-STRUCTURED_ERRORS	IMPL-STRUCTURED_ERRORS::NEWBACKUPERROR		test=false	code=false
IMPL-STRUCTURED_ERRORS	IMPL-STRUCTURED_ERRORS::NEWBACKUPERROR	T001	test=true	code=true
IMPL-STRUCTURED_ERRORS	IMPL-STRUCTURED_ERRORS::NEWBACKUPERRORWITHCAUSE		test=false	code=false
IMPL-STRUCTURED_ERRORS	IMPL-STRUCTURED_ERRORS::NEWBACKUPERRORWITHCAUSE	T001	test=true	code=true
IMPL-STRUCTURED_ERRORS	IMPL-STRUCTURED_ERRORS::NEWBACKUPERRORWITHCONTEXT		test=false	code=false
IMPL-STRUCTURED_ERRORS	IMPL-STRUCTURED_ERRORS::NEWBACKUPERRORWITHCONTEXT	T001	test=true	code=true
IMPL-STRUCTURED_ERRORS	IMPL-STRUCTURED_ERRORS::ISDISKFULLERROR		test=false	code=false
IMPL-STRUCTURED_ERRORS	IMPL-STRUCTURED_ERRORS::ISDISKFULLERROR	T001	test=true	code=true
IMPL-STRUCTURED_ERRORS	IMPL-STRUCTURED_ERRORS::ISPERMISSIONERROR		test=false	code=false
IMPL-STRUCTURED_ERRORS	IMPL-STRUCTURED_ERRORS::ISPERMISSIONERROR	T001	test=true	code=true
IMPL-STRUCTURED_ERRORS	IMPL-STRUCTURED_ERRORS::ISDIRECTORYNOTFOUNDERROR		test=false	code=false
IMPL-STRUCTURED_ERRORS	IMPL-STRUCTURED_ERRORS::ISDIRECTORYNOTFOUNDERROR	T001	test=true	code=true
IMPL-STRUCTURED_ERRORS	IMPL-STRUCTURED_ERRORS::HANDLEERROR		test=false	code=false
IMPL-STRUCTURED_ERRORS	IMPL-STRUCTURED_ERRORS::HANDLEERROR	T001	test=true	code=true
IMPL-STRUCTURED_ERRORS	IMPL-STRUCTURED_ERRORS::CLASSIFYERROR		test=false	code=false
IMPL-STRUCTURED_ERRORS	IMPL-STRUCTURED_ERRORS::CLASSIFYERROR	T001	test=true	code=true
IMPL-TEST_CFG_005_P1	IMPL-TEST_CFG_005_P1::TESTMULTIPLEINHERITANCESOURCES		test=false	code=false
IMPL-TEST_CFG_005_P1	IMPL-TEST_CFG_005_P1::TESTMULTIPLEINHERITANCESOURCES	T001	test=true	code=true
IMPL-TEST_CFG_005_P1	IMPL-TEST_CFG_005_P1::TESTRELATIVEPATHINHERITANCE		test=true	code=true
IMPL-TEST_CFG_005_P1	IMPL-TEST_CFG_005_P1::TESTRELATIVEPATHINHERITANCE	T001	test=true	code=true
IMPL-TEST_CFG_005_P1	IMPL-TEST_CFG_005_P1::TESTHOMEDIRECTORYEXPANSION		test=true	code=true
IMPL-TEST_CFG_005_P1	IMPL-TEST_CFG_005_P1::TESTHOMEDIRECTORYEXPANSION	T001	test=true	code=true
IMPL-TEST_CFG_005_P1	IMPL-TEST_CFG_005_P1::TESTMISSINGINHERITANCEFILE		test=false	code=false
IMPL-TEST_CFG_005_P1	IMPL-TEST_CFG_005_P1::TESTMISSINGINHERITANCEFILE	T001	test=true	code=true
IMPL-TEST_CFG_005_P1	IMPL-TEST_CFG_005_P1::TESTINVALIDYAMLHANDLING		test=false	code=false
IMPL-TEST_CFG_005_P1	IMPL-TEST_CFG_005_P1::TESTINVALIDYAMLHANDLING	T001	test=true	code=true
IMPL-TEST_CFG_005_P1	IMPL-TEST_CFG_005_P1::TESTDEEPINHERITANCECHAIN		test=false	code=false
IMPL-TEST_CFG_005_P1	IMPL-TEST_CFG_005_P1::TESTDEEPINHERITANCECHAIN	T001	test=true	code=true
IMPL-TEST_CFG_005_P1	IMPL-TEST_CFG_005_P1::TESTTYPEMISMATCHHANDLING		test=false	code=false
IMPL-TEST_CFG_005_P1	IMPL-TEST_CFG_005_P1::TESTTYPEMISMATCHHANDLING	T001	test=true	code=true
IMPL-TEST_CFG_005_P1	IMPL-TEST_CFG_005_P1::TESTNULLVALUEHANDLING		test=false	code=false
IMPL-TEST_CFG_005_P1	IMPL-TEST_CFG_005_P1::TESTNULLVALUEHANDLING	T001	test=true	code=true
IMPL-TEST_CFG_005_P1	IMPL-TEST_CFG_005_P1::TESTWHITESPACESTRINGHANDLING		test=false	code=false
IMPL-TEST_CFG_005_P1	IMPL-TEST_CFG_005_P1::TESTWHITESPACESTRINGHANDLING	T001	test=true	code=true
IMPL-TEST_COVERAGE	IMPL-TEST_COVERAGE::TEST_OUTPUT_COLLECTOR		test=false	code=false
IMPL-TEST_COVERAGE	IMPL-TEST_COVERAGE::TEST_OUTPUT_COLLECTOR	T001	test=true	code=true
IMPL-TEST_COVERAGE	IMPL-TEST_COVERAGE::TEST_DELAYED_OUTPUT_MODE		test=false	code=false
IMPL-TEST_COVERAGE	IMPL-TEST_COVERAGE::TEST_DELAYED_OUTPUT_MODE	T001	test=true	code=true
IMPL-TEST_COVERAGE	IMPL-TEST_COVERAGE::TEST_TEMPLATE_FORMATTER		test=false	code=false
IMPL-TEST_COVERAGE	IMPL-TEST_COVERAGE::TEST_TEMPLATE_FORMATTER	T001	test=true	code=true
IMPL-TEST_COVERAGE	IMPL-TEST_COVERAGE::TEST_ERROR_AND_DEFAULT_FORMATTER		test=false	code=false
IMPL-TEST_COVERAGE	IMPL-TEST_COVERAGE::TEST_ERROR_AND_DEFAULT_FORMATTER	T001	test=true	code=true
IMPL-TEST_COVERAGE	IMPL-TEST_COVERAGE::TEST_FILE_STATS_AND_COMPAT		test=true	code=true
IMPL-TEST_COVERAGE	IMPL-TEST_COVERAGE::TEST_FILE_STATS_AND_COMPAT	T001	test=true	code=true
IMPL-TEST_COVERAGE	IMPL-TEST_COVERAGE::TEST_INTERFACE_COMPLIANCE		test=false	code=false
IMPL-TEST_COVERAGE	IMPL-TEST_COVERAGE::TEST_INTERFACE_COMPLIANCE	T001	test=true	code=true
IMPL-TEST_DEFAULT_STRATEGY_EDGES	IMPL-TEST_DEFAULT_STRATEGY_EDGES::TESTDEFAULTSTRATEGYEDGECASES		test=false	code=false
IMPL-TEST_DEFAULT_STRATEGY_EDGES	IMPL-TEST_DEFAULT_STRATEGY_EDGES::TESTDEFAULTSTRATEGYEDGECASES	T001	test=true	code=true
IMPL-TEST_EMPTY_STRING_HANDLING	IMPL-TEST_EMPTY_STRING_HANDLING::TESTEMPTYSTRINGHANDLING		test=false	code=false
IMPL-TEST_EMPTY_STRING_HANDLING	IMPL-TEST_EMPTY_STRING_HANDLING::TESTEMPTYSTRINGHANDLING	T001	test=true	code=true
IMPL-TEST_EXCLUDE_MERGE	IMPL-TEST_EXCLUDE_MERGE::TESTEXCLUDEPATTERNSMERGE		test=false	code=false
IMPL-TEST_EXCLUDE_MERGE	IMPL-TEST_EXCLUDE_MERGE::TESTEXCLUDEPATTERNSMERGE	T001	test=true	code=true
IMPL-TEST_PREPEND_ORDERING	IMPL-TEST_PREPEND_ORDERING::TESTPREPENDSTRATEGYORDERING		test=false	code=false
IMPL-TEST_PREPEND_ORDERING	IMPL-TEST_PREPEND_ORDERING::TESTPREPENDSTRATEGYORDERING	T001	test=true	code=true
IMPL-TEST_UNICODE_HANDLING	IMPL-TEST_UNICODE_HANDLING::TESTUNICODEHANDLING		test=false	code=false
IMPL-TEST_UNICODE_HANDLING	IMPL-TEST_UNICODE_HANDLING::TESTUNICODEHANDLING	T001	test=true	code=true
IMPL-TEST_UNICODE_HANDLING	IMPL-TEST_UNICODE_HANDLING::TESTSPECIALCHARACTERSINPATHS		test=false	code=false
IMPL-TEST_UNICODE_HANDLING	IMPL-TEST_UNICODE_HANDLING::TESTSPECIALCHARACTERSINPATHS	T001	test=true	code=true
IMPL-TESTING_COMPLEXITY	IMPL-TESTING_COMPLEXITY::TESTING_COMPLEXITY_CHALLENGE		test=false	code=false
IMPL-TESTING_COMPLEXITY	IMPL-TESTING_COMPLEXITY::TESTING_COMPLEXITY_CHALLENGE	T001	test=false	code=false
IMPL-TESTING	IMPL-TESTING::TABLE_DRIVEN_UNIT_TESTS		test=true	code=true
IMPL-TESTING	IMPL-TESTING::TABLE_DRIVEN_UNIT_TESTS	T001	test=true	code=true
IMPL-TESTING	IMPL-TESTING::TESTUTIL_FILESYSTEM		test=true	code=true
IMPL-TESTING	IMPL-TESTING::TESTUTIL_FILESYSTEM	T001	test=true	code=true
IMPL-TESTING	IMPL-TESTING::TESTUTIL_FIXTURES		test=true	code=true
IMPL-TESTING	IMPL-TESTING::TESTUTIL_FIXTURES	T001	test=true	code=true
IMPL-TESTING	IMPL-TESTING::TESTUTIL_ASSERTIONS		test=true	code=true
IMPL-TESTING	IMPL-TESTING::TESTUTIL_ASSERTIONS	T001	test=true	code=true
IMPL-TESTING	IMPL-TESTING::INTERNAL_SCENARIO_HELPERS		test=true	code=true
IMPL-TESTING	IMPL-TESTING::INTERNAL_SCENARIO_HELPERS	T001	test=true	code=true
IMPL-TIED_FILES	IMPL-TIED_FILES::TIED_FILE_CREATION		test=false	code=false
IMPL-TIED_FILES	IMPL-TIED_FILES::TIED_FILE_CREATION	T001	test=true	code=true
IMPL-TOKEN_COVERAGE_AUDIT	IMPL-TOKEN_COVERAGE_AUDIT::AUDIT_MODULE_COVERAGE		test=false	code=false
IMPL-TOKEN_COVERAGE_AUDIT	IMPL-TOKEN_COVERAGE_AUDIT::AUDIT_MODULE_COVERAGE	T001	test=false	code=false
IMPL-TOKEN_COVERAGE_AUDIT	IMPL-TOKEN_COVERAGE_AUDIT::RUN_FULL_AUDIT		test=false	code=false
IMPL-TOKEN_COVERAGE_AUDIT	IMPL-TOKEN_COVERAGE_AUDIT::RUN_FULL_AUDIT	T001	test=true	code=true
IMPL-TOKEN_MIGRATION_COMPLETE	IMPL-TOKEN_MIGRATION_COMPLETE::ARCHIVE_MIGRATION_ARTIFACTS		test=false	code=false
IMPL-TOKEN_MIGRATION_COMPLETE	IMPL-TOKEN_MIGRATION_COMPLETE::ARCHIVE_MIGRATION_ARTIFACTS	T001	test=false	code=false
IMPL-TOKEN_MIGRATION_COMPLETE	IMPL-TOKEN_MIGRATION_COMPLETE::GENERATE_TOKEN_INVENTORY		test=false	code=false
IMPL-TOKEN_MIGRATION_COMPLETE	IMPL-TOKEN_MIGRATION_COMPLETE::GENERATE_TOKEN_INVENTORY	T001	test=false	code=false
IMPL-TOKEN_MIGRATION_COMPLETE	IMPL-TOKEN_MIGRATION_COMPLETE::RENDER_TOKEN_TABLES		test=false	code=false
IMPL-TOKEN_MIGRATION_COMPLETE	IMPL-TOKEN_MIGRATION_COMPLETE::RENDER_TOKEN_TABLES	T001	test=false	code=false
IMPL-TOKEN_MIGRATION_COMPLETE	IMPL-TOKEN_MIGRATION_COMPLETE::VALIDATE_TRACEABILITY		test=false	code=false
IMPL-TOKEN_MIGRATION_COMPLETE	IMPL-TOKEN_MIGRATION_COMPLETE::VALIDATE_TRACEABILITY	T001	test=true	code=true
IMPL-TOKEN_SYSTEM	IMPL-TOKEN_SYSTEM::STRUCTURED_EXTRACTION		test=true	code=true
IMPL-TOKEN_SYSTEM	IMPL-TOKEN_SYSTEM::STRUCTURED_EXTRACTION	T001	test=true	code=true
IMPL-TOKEN_SYSTEM	IMPL-TOKEN_SYSTEM::STRUCTURED_EXTRACTION	T002	test=true	code=true
IMPL-TOKEN_SYSTEM	IMPL-TOKEN_SYSTEM::CROSS_LINK_SYNTHESIS		test=true	code=true
IMPL-TOKEN_SYSTEM	IMPL-TOKEN_SYSTEM::CROSS_LINK_SYNTHESIS	T001	test=true	code=true
IMPL-TOKEN_SYSTEM	IMPL-TOKEN_SYSTEM::REGISTRY_AUTHORING		test=false	code=false
IMPL-TOKEN_SYSTEM	IMPL-TOKEN_SYSTEM::REGISTRY_AUTHORING	T001	test=true	code=true
IMPL-TOKEN_SYSTEM	IMPL-TOKEN_SYSTEM::YAML_DECOMMISSIONING		test=false	code=false
IMPL-TOKEN_SYSTEM	IMPL-TOKEN_SYSTEM::YAML_DECOMMISSIONING	T001	test=true	code=true
IMPL-TRACEABILITY	IMPL-TRACEABILITY::GENERATE_FEATURE_FINGERPRINTS		test=true	code=true
IMPL-TRACEABILITY	IMPL-TRACEABILITY::GENERATE_FEATURE_FINGERPRINTS	T001	test=true	code=true
IMPL-TRACEABILITY	IMPL-TRACEABILITY::DEFINE_BEHAVIORAL_CONTRACTS		test=false	code=false
IMPL-TRACEABILITY	IMPL-TRACEABILITY::DEFINE_BEHAVIORAL_CONTRACTS	T001	test=true	code=true
IMPL-TRACEABILITY	IMPL-TRACEABILITY::BUILD_DEPENDENCY_GRAPH		test=false	code=false
IMPL-TRACEABILITY	IMPL-TRACEABILITY::BUILD_DEPENDENCY_GRAPH	T001	test=true	code=true
IMPL-ZERO_BREAKING	IMPL-ZERO_BREAKING::PRESERVE_EXISTING_TESTS		test=false	code=false
IMPL-ZERO_BREAKING	IMPL-ZERO_BREAKING::PRESERVE_EXISTING_TESTS	T001	test=false	code=false
IMPL-ZERO_BREAKING	IMPL-ZERO_BREAKING::MAINTAIN_COMPREHENSIVE_COVERAGE		test=false	code=false
IMPL-ZERO_BREAKING	IMPL-ZERO_BREAKING::MAINTAIN_COMPREHENSIVE_COVERAGE	T001	test=false	code=false
IMPL-ZERO_BREAKING	IMPL-ZERO_BREAKING::VERIFY_BEHAVIOR_AT_EACH_STEP		test=false	code=false
IMPL-ZERO_BREAKING	IMPL-ZERO_BREAKING::VERIFY_BEHAVIOR_AT_EACH_STEP	T001	test=true	code=true
IMPL-ZIP_FORMAT	IMPL-ZIP_FORMAT::CREATE_FULL_ARCHIVE		test=false	code=false
IMPL-ZIP_FORMAT	IMPL-ZIP_FORMAT::CREATE_FULL_ARCHIVE	T001	test=true	code=true
IMPL-ZIP_FORMAT	IMPL-ZIP_FORMAT::CREATE_AND_VERIFY_ARCHIVE		test=false	code=false
IMPL-ZIP_FORMAT	IMPL-ZIP_FORMAT::CREATE_AND_VERIFY_ARCHIVE	T001	test=true	code=true
IMPL-ZIP_FORMAT	IMPL-ZIP_FORMAT::CREATE_ZIP_ARCHIVE		test=false	code=false
IMPL-ZIP_FORMAT	IMPL-ZIP_FORMAT::CREATE_ZIP_ARCHIVE	T001	test=true	code=true
IMPL-ZIP_FORMAT	IMPL-ZIP_FORMAT::ADD_FILE_TO_ZIP		test=false	code=false
IMPL-ZIP_FORMAT	IMPL-ZIP_FORMAT::ADD_FILE_TO_ZIP	T001	test=true	code=true
IMPL-ZIP_FORMAT	IMPL-ZIP_FORMAT::GENERATE_ARCHIVE_NAME		test=false	code=false
IMPL-ZIP_FORMAT	IMPL-ZIP_FORMAT::GENERATE_ARCHIVE_NAME	T001	test=true	code=true
IMPL-ZIP_FORMAT	IMPL-ZIP_FORMAT::GENERATE_FULL_ARCHIVE_NAME		test=false	code=false
IMPL-ZIP_FORMAT	IMPL-ZIP_FORMAT::GENERATE_FULL_ARCHIVE_NAME	T001	test=true	code=true
IMPL-ZIP_FORMAT	IMPL-ZIP_FORMAT::GENERATE_INCREMENTAL_ARCHIVE_NAME		test=false	code=false
IMPL-ZIP_FORMAT	IMPL-ZIP_FORMAT::GENERATE_INCREMENTAL_ARCHIVE_NAME	T001	test=true	code=true
IMPL-ZIP_FORMAT	IMPL-ZIP_FORMAT::COLLECT_FILES_TO_ARCHIVE		test=false	code=false
IMPL-ZIP_FORMAT	IMPL-ZIP_FORMAT::COLLECT_FILES_TO_ARCHIVE	T001	test=true	code=true
IMPL-ZIP_FORMAT	IMPL-ZIP_FORMAT::LIST_ARCHIVES		test=false	code=false
IMPL-ZIP_FORMAT	IMPL-ZIP_FORMAT::LIST_ARCHIVES	T001	test=true	code=true
DEBUG: specctl check-leads (all formal_spec registry sidecars)
DEBUG: go test spec conformance
ok  	bkpdir/internal/specparse	0.484s
ok  	bkpdir/internal/specmodel	0.149s
ok  	bkpdir/internal/specmodel/contract	0.268s
ok  	bkpdir/test/specconformance	0.431s

========================================
Formal DSL corpus status
========================================
  sidecar/registry       PASS  73 sidecars == 73 formal_spec registry entries
  specctl validate       PASS  0 errors, 0 warnings (all 73 sidecars)
  matrix coverage        PASS  COVER-001 clear (waivers applied)
  check-leads            PASS  73 registry sidecars (0 lead_check_skip)
  conformance tests      PASS  specparse + specmodel + specconformance
  oracle coverage        PASS  48/48 verified (L3)
  deep sync tracking     FAIL  0/73 deep_sync_complete
  logic verified         FAIL  0/73 logic_verified
  req audit pass         FAIL  0/73 req_audit_pass (expect 73/73)
  crit001 pass           FAIL  0/73 crit001_pass (expect 73/73)
  improvement queue      FAIL  0/73 req_audit_pass (expect 73/73)
----------------------------------------
L4 projected (opt-in)
----------------------------------------
  L4 pilots              SKIP  set RUN_L4_PILOT=1 to run L4 pilots
----------------------------------------
CORPUS STATUS: NOT ALL GREEN (see FAIL lines above)
